<?xml version="1.0" encoding="UTF-8"?><?xml-stylesheet type='text/xsl' href='_UpgradeReport_Files/UpgradeReport.xslt'?><UpgradeLog>
<Properties><Property Name="Solution" Value="MuliltcastListener">
</Property><Property Name="Solution File" Value="D:\_Home2\Dev\[Learn]\MuliltcastListener\MuliltcastListener.sln">
</Property><Property Name="User Options File" Value="D:\_Home2\Dev\[Learn]\MuliltcastListener\MuliltcastListener.suo">
</Property><Property Name="Date" Value="יום רביעי 02 מרץ 2011">
</Property><Property Name="Time" Value="11:47">
</Property></Properties><Event ErrorLevel="0" Project="" Source="MuliltcastListener.sln" Description="File successfully backed up as D:\_Home2\Dev\[Learn]\MuliltcastListener\Backup\MuliltcastListener.sln">
</Event><Event ErrorLevel="0" Project="" Source="MuliltcastListener.suo" Description="File successfully backed up as D:\_Home2\Dev\[Learn]\MuliltcastListener\Backup\MuliltcastListener.suo">
</Event><Event ErrorLevel="0" Project="MuliltcastListener" Source="MuliltcastListener.csproj" Description="Project file successfully backed up as D:\_Home2\Dev\[Learn]\MuliltcastListener\Backup\MuliltcastListener.csproj">
</Event><Event ErrorLevel="0" Project="MuliltcastListener" Source="Form1.cs" Description="File successfully backed up as D:\_Home2\Dev\[Learn]\MuliltcastListener\Backup\Form1.cs">
</Event><Event ErrorLevel="0" Project="MuliltcastListener" Source="Form1.Designer.cs" Description="File successfully backed up as D:\_Home2\Dev\[Learn]\MuliltcastListener\Backup\Form1.Designer.cs">
</Event><Event ErrorLevel="0" Project="MuliltcastListener" Source="Program.cs" Description="File successfully backed up as D:\_Home2\Dev\[Learn]\MuliltcastListener\Backup\Program.cs">
</Event><Event ErrorLevel="0" Project="MuliltcastListener" Source="Properties\AssemblyInfo.cs" Description="File successfully backed up as D:\_Home2\Dev\[Learn]\MuliltcastListener\Backup\Properties\AssemblyInfo.cs">
</Event><Event ErrorLevel="0" Project="MuliltcastListener" Source="Properties\Resources.Designer.cs" Description="File successfully backed up as D:\_Home2\Dev\[Learn]\MuliltcastListener\Backup\Properties\Resources.Designer.cs">
</Event><Event ErrorLevel="0" Project="MuliltcastListener" Source="Properties\Settings.Designer.cs" Description="File successfully backed up as D:\_Home2\Dev\[Learn]\MuliltcastListener\Backup\Properties\Settings.Designer.cs">
</Event><Event ErrorLevel="0" Project="MuliltcastListener" Source="Properties\Settings.settings" Description="File successfully backed up as D:\_Home2\Dev\[Learn]\MuliltcastListener\Backup\Properties\Settings.settings">
</Event><Event ErrorLevel="0" Project="MuliltcastListener" Source="Form1.resx" Description="File successfully backed up as D:\_Home2\Dev\[Learn]\MuliltcastListener\Backup\Form1.resx">
</Event><Event ErrorLevel="0" Project="MuliltcastListener" Source="Properties\Resources.resx" Description="File successfully backed up as D:\_Home2\Dev\[Learn]\MuliltcastListener\Backup\Properties\Resources.resx">
</Event><Event ErrorLevel="0" Project="MuliltcastListener" Source="MuliltcastListener.csproj" Description="Project converted successfully">
</Event><Event ErrorLevel="3" Project="MuliltcastListener" Source="MuliltcastListener.csproj" Description="Converted">
</Event><Event ErrorLevel="0" Project="" Source="MuliltcastListener.sln" Description="Solution converted successfully">
</Event><Event ErrorLevel="3" Project="" Source="MuliltcastListener.sln" Description="Converted">
</Event><Event ErrorLevel="0" Project="MuliltcastListener" Source="MuliltcastListener.csproj" Description="Scan complete: Upgrade not required for project files.">
</Event></UpgradeLog>