<?xml version="1.0" encoding="UTF-8"?><?xml-stylesheet type='text/xsl' href='_UpgradeReport_Files/UpgradeReport.xslt'?><UpgradeLog>
<Properties><Property Name="Solution" Value="RS232">
</Property><Property Name="Solution File" Value="D:\_Home\Dev\[Learn]\RS232\RS232.sln">
</Property><Property Name="Date" Value="יום שני 14 יוני 2010">
</Property><Property Name="Time" Value="14:51">
</Property></Properties><Event ErrorLevel="0" Project="" Source="RS232.sln" Description="File successfully backed up as D:\_Home\Dev\[Learn]\RS232\Backup\RS232.sln">
</Event><Event ErrorLevel="0" Project="RS232" Source="RS232\RS232.csproj" Description="Project file successfully backed up as D:\_Home\Dev\[Learn]\RS232\Backup\RS232\RS232.csproj">
</Event><Event ErrorLevel="0" Project="RS232" Source="RS232\Form1.cs" Description="File successfully backed up as D:\_Home\Dev\[Learn]\RS232\Backup\RS232\Form1.cs">
</Event><Event ErrorLevel="0" Project="RS232" Source="RS232\Form1.Designer.cs" Description="File successfully backed up as D:\_Home\Dev\[Learn]\RS232\Backup\RS232\Form1.Designer.cs">
</Event><Event ErrorLevel="0" Project="RS232" Source="RS232\Program.cs" Description="File successfully backed up as D:\_Home\Dev\[Learn]\RS232\Backup\RS232\Program.cs">
</Event><Event ErrorLevel="0" Project="RS232" Source="RS232\Properties\AssemblyInfo.cs" Description="File successfully backed up as D:\_Home\Dev\[Learn]\RS232\Backup\RS232\Properties\AssemblyInfo.cs">
</Event><Event ErrorLevel="0" Project="RS232" Source="RS232\Properties\Resources.Designer.cs" Description="File successfully backed up as D:\_Home\Dev\[Learn]\RS232\Backup\RS232\Properties\Resources.Designer.cs">
</Event><Event ErrorLevel="0" Project="RS232" Source="RS232\Properties\Settings.Designer.cs" Description="File successfully backed up as D:\_Home\Dev\[Learn]\RS232\Backup\RS232\Properties\Settings.Designer.cs">
</Event><Event ErrorLevel="0" Project="RS232" Source="RS232\Properties\Settings.settings" Description="File successfully backed up as D:\_Home\Dev\[Learn]\RS232\Backup\RS232\Properties\Settings.settings">
</Event><Event ErrorLevel="0" Project="RS232" Source="RS232\Form1.resx" Description="File successfully backed up as D:\_Home\Dev\[Learn]\RS232\Backup\RS232\Form1.resx">
</Event><Event ErrorLevel="0" Project="RS232" Source="RS232\Properties\Resources.resx" Description="File successfully backed up as D:\_Home\Dev\[Learn]\RS232\Backup\RS232\Properties\Resources.resx">
</Event><Event ErrorLevel="0" Project="RS232" Source="RS232\RS232.csproj" Description="Project converted successfully">
</Event><Event ErrorLevel="3" Project="RS232" Source="RS232\RS232.csproj" Description="Converted">
</Event><Event ErrorLevel="0" Project="" Source="RS232.sln" Description="Solution converted successfully">
</Event><Event ErrorLevel="3" Project="" Source="RS232.sln" Description="Converted">
</Event><Event ErrorLevel="0" Project="RS232" Source="RS232\RS232.csproj" Description="Scan complete: Upgrade not required for project files.">
</Event></UpgradeLog>