<?xml version="1.0" encoding="UTF-8"?><?xml-stylesheet type='text/xsl' href='_UpgradeReport_Files/UpgradeReport.xslt'?><UpgradeLog>
<Properties><Property Name="Solution" Value="UdpLogger">
</Property><Property Name="Solution File" Value="D:\_Home\Dev\cvsSb\UdpLogger\UdpLogger.sln">
</Property><Property Name="Date" Value="Sunday, June 24, 2007">
</Property><Property Name="Time" Value="10:32:34 AM">
</Property></Properties><Event ErrorLevel="0" Project="UseLog4net" Source="UseLog4net\UseLog4net.csproj" Description="Project converted successfully">
</Event><Event ErrorLevel="3" Project="UseLog4net" Source="UseLog4net\UseLog4net.csproj" Description="Converted">
</Event><Event ErrorLevel="0" Project="UseLog4net" Source="UseLog4net\UseLog4net.csproj" Description="Scan complete: Upgrade not required for project files.">
</Event></UpgradeLog>