<?xml version="1.0" encoding="UTF-8"?><?xml-stylesheet type='text/xsl' href='_UpgradeReport_Files/UpgradeReport.xslt'?><UpgradeLog>
<Properties><Property Name="Solution" Value="UdpLogger">
</Property><Property Name="Solution File" Value="d:\_Home2\Dev\[Learn]\LogApps\UdpLogger\UdpLogger.sln">
</Property><Property Name="User Options File" Value="d:\_Home2\Dev\[Learn]\LogApps\UdpLogger\UdpLogger.suo">
</Property><Property Name="Date" Value="יום שלישי 27 נובמבר 2012">
</Property><Property Name="Time" Value="08:52">
</Property><Property Name="Log Number" Value="2">
</Property></Properties><Event ErrorLevel="0" Project="" Source="UdpLogger.sln" Description="File successfully backed up as d:\_Home2\Dev\[Learn]\LogApps\UdpLogger\Backup\UdpLogger.sln">
</Event><Event ErrorLevel="0" Project="" Source="UdpLogger.suo" Description="File successfully backed up as d:\_Home2\Dev\[Learn]\LogApps\UdpLogger\Backup\UdpLogger.suo">
</Event><Event ErrorLevel="0" Project="SocketServer" Source="SocketServer\SocketServer.csproj" Description="Project file successfully backed up as d:\_Home2\Dev\[Learn]\LogApps\UdpLogger\Backup\SocketServer\SocketServer.csproj">
</Event><Event ErrorLevel="0" Project="SocketServer" Source="SocketServer\Program.cs" Description="File successfully backed up as d:\_Home2\Dev\[Learn]\LogApps\UdpLogger\Backup\SocketServer\Program.cs">
</Event><Event ErrorLevel="0" Project="SocketServer" Source="SocketServer\Properties\AssemblyInfo.cs" Description="File successfully backed up as d:\_Home2\Dev\[Learn]\LogApps\UdpLogger\Backup\SocketServer\Properties\AssemblyInfo.cs">
</Event><Event ErrorLevel="0" Project="SocketServer" Source="SocketServer\SocketServer.csproj" Description="Project converted successfully">
</Event><Event ErrorLevel="3" Project="SocketServer" Source="SocketServer\SocketServer.csproj" Description="Converted">
</Event><Event ErrorLevel="0" Project="UseLog4net" Source="UseLog4net\UseLog4net.csproj" Description="Project file successfully backed up as d:\_Home2\Dev\[Learn]\LogApps\UdpLogger\Backup\UseLog4net\UseLog4net.csproj">
</Event><Event ErrorLevel="0" Project="UseLog4net" Source="UseLog4net\UseLog4net.csproj.user" Description="Project user file successfully backed up as d:\_Home2\Dev\[Learn]\LogApps\UdpLogger\Backup\UseLog4net\UseLog4net.csproj.user">
</Event><Event ErrorLevel="0" Project="UseLog4net" Source="UseLog4net\AssemblyInfo.cs" Description="File successfully backed up as d:\_Home2\Dev\[Learn]\LogApps\UdpLogger\Backup\UseLog4net\AssemblyInfo.cs">
</Event><Event ErrorLevel="0" Project="UseLog4net" Source="UseLog4net\Form1.cs" Description="File successfully backed up as d:\_Home2\Dev\[Learn]\LogApps\UdpLogger\Backup\UseLog4net\Form1.cs">
</Event><Event ErrorLevel="0" Project="UseLog4net" Source="UseLog4net\App.config" Description="File successfully backed up as d:\_Home2\Dev\[Learn]\LogApps\UdpLogger\Backup\UseLog4net\App.config">
</Event><Event ErrorLevel="0" Project="UseLog4net" Source="UseLog4net\App.ico" Description="File successfully backed up as d:\_Home2\Dev\[Learn]\LogApps\UdpLogger\Backup\UseLog4net\App.ico">
</Event><Event ErrorLevel="0" Project="UseLog4net" Source="UseLog4net\Form1.resx" Description="File successfully backed up as d:\_Home2\Dev\[Learn]\LogApps\UdpLogger\Backup\UseLog4net\Form1.resx">
</Event><Event ErrorLevel="0" Project="UseLog4net" Source="UseLog4net\UseLog4net.csproj" Description="Project converted successfully">
</Event><Event ErrorLevel="3" Project="UseLog4net" Source="UseLog4net\UseLog4net.csproj" Description="Converted">
</Event><Event ErrorLevel="0" Project="" Source="UdpLogger.sln" Description="Solution converted successfully">
</Event><Event ErrorLevel="3" Project="" Source="UdpLogger.sln" Description="Converted">
</Event><Event ErrorLevel="0" Project="SocketServer" Source="SocketServer\SocketServer.csproj" Description="Scan complete: Upgrade not required for project files.">
</Event><Event ErrorLevel="0" Project="UseLog4net" Source="UseLog4net\UseLog4net.csproj" Description="Scan complete: Upgrade not required for project files.">
</Event></UpgradeLog>