<?xml version="1.0" encoding="UTF-8"?><?xml-stylesheet type='text/xsl' href='_UpgradeReport_Files/UpgradeReport.xslt'?><UpgradeLog>
<Properties><Property Name="Solution" Value="Logger">
</Property><Property Name="Solution File" Value="D:\_Home\Dev\[Learn]\LogApps\Logger\Logger.sln">
</Property><Property Name="User Options File" Value="D:\_Home\Dev\[Learn]\LogApps\Logger\Logger.suo">
</Property><Property Name="Date" Value="יום חמישי 12 פברואר 2009">
</Property><Property Name="Time" Value="14:49">
</Property></Properties><Event ErrorLevel="0" Project="" Source="Logger.sln" Description="File successfully backed up as D:\_Home\Dev\[Learn]\LogApps\Logger\Backup\Logger.sln">
</Event><Event ErrorLevel="0" Project="" Source="Logger.suo" Description="File successfully backed up as D:\_Home\Dev\[Learn]\LogApps\Logger\Backup\Logger.suo">
</Event><Event ErrorLevel="0" Project="LogLib" Source="LogLib\LogLib.csproj" Description="Project file successfully backed up as D:\_Home\Dev\[Learn]\LogApps\Logger\Backup\LogLib\LogLib.csproj">
</Event><Event ErrorLevel="0" Project="LogLib" Source="LogLib\Logger.cs" Description="File successfully backed up as D:\_Home\Dev\[Learn]\LogApps\Logger\Backup\LogLib\Logger.cs">
</Event><Event ErrorLevel="0" Project="LogLib" Source="LogLib\Properties\AssemblyInfo.cs" Description="File successfully backed up as D:\_Home\Dev\[Learn]\LogApps\Logger\Backup\LogLib\Properties\AssemblyInfo.cs">
</Event><Event ErrorLevel="0" Project="LogLib" Source="LogLib\LogLib.csproj" Description="Project converted successfully">
</Event><Event ErrorLevel="3" Project="LogLib" Source="LogLib\LogLib.csproj" Description="Converted">
</Event><Event ErrorLevel="0" Project="TestProj" Source="TestProj\TestProj.csproj" Description="Project file successfully backed up as D:\_Home\Dev\[Learn]\LogApps\Logger\Backup\TestProj\TestProj.csproj">
</Event><Event ErrorLevel="0" Project="TestProj" Source="TestProj\Form1.cs" Description="File successfully backed up as D:\_Home\Dev\[Learn]\LogApps\Logger\Backup\TestProj\Form1.cs">
</Event><Event ErrorLevel="0" Project="TestProj" Source="TestProj\Form1.Designer.cs" Description="File successfully backed up as D:\_Home\Dev\[Learn]\LogApps\Logger\Backup\TestProj\Form1.Designer.cs">
</Event><Event ErrorLevel="0" Project="TestProj" Source="TestProj\Program.cs" Description="File successfully backed up as D:\_Home\Dev\[Learn]\LogApps\Logger\Backup\TestProj\Program.cs">
</Event><Event ErrorLevel="0" Project="TestProj" Source="TestProj\Properties\AssemblyInfo.cs" Description="File successfully backed up as D:\_Home\Dev\[Learn]\LogApps\Logger\Backup\TestProj\Properties\AssemblyInfo.cs">
</Event><Event ErrorLevel="0" Project="TestProj" Source="TestProj\Properties\Resources.Designer.cs" Description="File successfully backed up as D:\_Home\Dev\[Learn]\LogApps\Logger\Backup\TestProj\Properties\Resources.Designer.cs">
</Event><Event ErrorLevel="0" Project="TestProj" Source="TestProj\Properties\Settings.Designer.cs" Description="File successfully backed up as D:\_Home\Dev\[Learn]\LogApps\Logger\Backup\TestProj\Properties\Settings.Designer.cs">
</Event><Event ErrorLevel="0" Project="TestProj" Source="TestProj\App.config" Description="File successfully backed up as D:\_Home\Dev\[Learn]\LogApps\Logger\Backup\TestProj\App.config">
</Event><Event ErrorLevel="0" Project="TestProj" Source="TestProj\Properties\Settings.settings" Description="File successfully backed up as D:\_Home\Dev\[Learn]\LogApps\Logger\Backup\TestProj\Properties\Settings.settings">
</Event><Event ErrorLevel="0" Project="TestProj" Source="TestProj\Form1.resx" Description="File successfully backed up as D:\_Home\Dev\[Learn]\LogApps\Logger\Backup\TestProj\Form1.resx">
</Event><Event ErrorLevel="0" Project="TestProj" Source="TestProj\Properties\Resources.resx" Description="File successfully backed up as D:\_Home\Dev\[Learn]\LogApps\Logger\Backup\TestProj\Properties\Resources.resx">
</Event><Event ErrorLevel="0" Project="TestProj" Source="TestProj\TestProj.csproj" Description="Project converted successfully">
</Event><Event ErrorLevel="3" Project="TestProj" Source="TestProj\TestProj.csproj" Description="Converted">
</Event><Event ErrorLevel="0" Project="" Source="Logger.sln" Description="Solution converted successfully">
</Event><Event ErrorLevel="3" Project="" Source="Logger.sln" Description="Converted">
</Event><Event ErrorLevel="0" Project="LogLib" Source="LogLib\LogLib.csproj" Description="Scan complete: Upgrade not required for project files.">
</Event><Event ErrorLevel="0" Project="TestProj" Source="TestProj\TestProj.csproj" Description="Scan complete: Upgrade not required for project files.">
</Event></UpgradeLog>