<?xml version="1.0" encoding="UTF-8"?><?xml-stylesheet type='text/xsl' href='_UpgradeReport_Files/UpgradeReport.xslt'?><UpgradeLog>
<Properties><Property Name="Solution" Value="SelfSerialSingleton">
</Property><Property Name="Solution File" Value="D:\_Home\Dev\[Learn]\SelfSerialSingleton\SelfSerialSingleton.sln">
</Property><Property Name="Date" Value="יום שלישי 21 יולי 2009">
</Property><Property Name="Time" Value="13:04">
</Property></Properties><Event ErrorLevel="0" Project="SelfSerialSingleton" Source="SelfSerialSingleton.csproj" Description="Project converted successfully">
</Event><Event ErrorLevel="3" Project="SelfSerialSingleton" Source="SelfSerialSingleton.csproj" Description="Converted">
</Event><Event ErrorLevel="0" Project="" Source="SelfSerialSingleton.sln" Description="Solution converted successfully">
</Event><Event ErrorLevel="3" Project="" Source="SelfSerialSingleton.sln" Description="Converted">
</Event><Event ErrorLevel="0" Project="SelfSerialSingleton" Source="SelfSerialSingleton.csproj" Description="Scan complete: Upgrade not required for project files.">
</Event></UpgradeLog>