<?xml version="1.0" encoding="UTF-8"?><?xml-stylesheet type='text/xsl' href='_UpgradeReport_Files/UpgradeReport.xslt'?><UpgradeLog>
<Properties><Property Name="Solution" Value="AsyncDelegates">
</Property><Property Name="Solution File" Value="D:\_Home2\Dev\[Learn]\AsyncDelegates\AsyncDelegates.sln">
</Property><Property Name="User Options File" Value="D:\_Home2\Dev\[Learn]\AsyncDelegates\AsyncDelegates.suo">
</Property><Property Name="Date" Value="יום רביעי 23 מרץ 2011">
</Property><Property Name="Time" Value="11:16">
</Property></Properties><Event ErrorLevel="0" Project="" Source="AsyncDelegates.sln" Description="File successfully backed up as D:\_Home2\Dev\[Learn]\AsyncDelegates\Backup\AsyncDelegates.sln">
</Event><Event ErrorLevel="0" Project="" Source="AsyncDelegates.suo" Description="File successfully backed up as D:\_Home2\Dev\[Learn]\AsyncDelegates\Backup\AsyncDelegates.suo">
</Event><Event ErrorLevel="0" Project="AsyncDelegates" Source="AsyncDelegates.csproj" Description="Project file successfully backed up as D:\_Home2\Dev\[Learn]\AsyncDelegates\Backup\AsyncDelegates.csproj">
</Event><Event ErrorLevel="0" Project="AsyncDelegates" Source="Program.cs" Description="File successfully backed up as D:\_Home2\Dev\[Learn]\AsyncDelegates\Backup\Program.cs">
</Event><Event ErrorLevel="0" Project="AsyncDelegates" Source="Properties\AssemblyInfo.cs" Description="File successfully backed up as D:\_Home2\Dev\[Learn]\AsyncDelegates\Backup\Properties\AssemblyInfo.cs">
</Event><Event ErrorLevel="0" Project="AsyncDelegates" Source="AsyncDelegates.csproj" Description="Project converted successfully">
</Event><Event ErrorLevel="3" Project="AsyncDelegates" Source="AsyncDelegates.csproj" Description="Converted">
</Event><Event ErrorLevel="0" Project="" Source="AsyncDelegates.sln" Description="Solution converted successfully">
</Event><Event ErrorLevel="3" Project="" Source="AsyncDelegates.sln" Description="Converted">
</Event><Event ErrorLevel="0" Project="AsyncDelegates" Source="AsyncDelegates.csproj" Description="Scan complete: Upgrade not required for project files.">
</Event></UpgradeLog>