<?xml version="1.0" encoding="UTF-8"?><?xml-stylesheet type='text/xsl' href='_UpgradeReport_Files/UpgradeReport.xslt'?><UpgradeLog>
<Properties><Property Name="Solution" Value="SerializationGames">
</Property><Property Name="Solution File" Value="D:\_Home\Dev\[Learn]\SerializationGames\SerializationGames.sln">
</Property><Property Name="User Options File" Value="D:\_Home\Dev\[Learn]\SerializationGames\SerializationGames.suo">
</Property><Property Name="Date" Value="יום רביעי 04 פברואר 2009">
</Property><Property Name="Time" Value="17:43">
</Property></Properties><Event ErrorLevel="0" Project="" Source="SerializationGames.sln" Description="File successfully backed up as D:\_Home\Dev\[Learn]\SerializationGames\Backup\SerializationGames.sln">
</Event><Event ErrorLevel="0" Project="" Source="SerializationGames.suo" Description="File successfully backed up as D:\_Home\Dev\[Learn]\SerializationGames\Backup\SerializationGames.suo">
</Event><Event ErrorLevel="0" Project="SerializationGames" Source="SerializationGames.csproj" Description="Project file successfully backed up as D:\_Home\Dev\[Learn]\SerializationGames\Backup\SerializationGames.csproj">
</Event><Event ErrorLevel="0" Project="SerializationGames" Source="Form1.cs" Description="File successfully backed up as D:\_Home\Dev\[Learn]\SerializationGames\Backup\Form1.cs">
</Event><Event ErrorLevel="0" Project="SerializationGames" Source="Form1.Designer.cs" Description="File successfully backed up as D:\_Home\Dev\[Learn]\SerializationGames\Backup\Form1.Designer.cs">
</Event><Event ErrorLevel="0" Project="SerializationGames" Source="Program.cs" Description="File successfully backed up as D:\_Home\Dev\[Learn]\SerializationGames\Backup\Program.cs">
</Event><Event ErrorLevel="0" Project="SerializationGames" Source="Properties\AssemblyInfo.cs" Description="File successfully backed up as D:\_Home\Dev\[Learn]\SerializationGames\Backup\Properties\AssemblyInfo.cs">
</Event><Event ErrorLevel="0" Project="SerializationGames" Source="Properties\Resources.Designer.cs" Description="File successfully backed up as D:\_Home\Dev\[Learn]\SerializationGames\Backup\Properties\Resources.Designer.cs">
</Event><Event ErrorLevel="0" Project="SerializationGames" Source="Properties\Settings.Designer.cs" Description="File successfully backed up as D:\_Home\Dev\[Learn]\SerializationGames\Backup\Properties\Settings.Designer.cs">
</Event><Event ErrorLevel="0" Project="SerializationGames" Source="Properties\Settings.settings" Description="File successfully backed up as D:\_Home\Dev\[Learn]\SerializationGames\Backup\Properties\Settings.settings">
</Event><Event ErrorLevel="0" Project="SerializationGames" Source="Form1.resx" Description="File successfully backed up as D:\_Home\Dev\[Learn]\SerializationGames\Backup\Form1.resx">
</Event><Event ErrorLevel="0" Project="SerializationGames" Source="Properties\Resources.resx" Description="File successfully backed up as D:\_Home\Dev\[Learn]\SerializationGames\Backup\Properties\Resources.resx">
</Event><Event ErrorLevel="0" Project="SerializationGames" Source="SerializationGames.csproj" Description="Project converted successfully">
</Event><Event ErrorLevel="3" Project="SerializationGames" Source="SerializationGames.csproj" Description="Converted">
</Event><Event ErrorLevel="0" Project="" Source="SerializationGames.sln" Description="Solution converted successfully">
</Event><Event ErrorLevel="3" Project="" Source="SerializationGames.sln" Description="Converted">
</Event><Event ErrorLevel="0" Project="SerializationGames" Source="SerializationGames.csproj" Description="Scan complete: Upgrade not required for project files.">
</Event></UpgradeLog>