<Mimshak>
  <KoteretKovetz>
    <SUG-MIMSHAK>1</SUG-MIMSHAK>
    <MISPAR-GIRSAT-XML>007</MISPAR-GIRSAT-XML>
    <TAARICH-BITZUA>20200622133050</TAARICH-BITZUA>
    <KOD-SVIVAT-AVODA>2</KOD-SVIVAT-AVODA>
    <KIVUN-MIMSHAK-XML>4</KIVUN-MIMSHAK-XML>
    <KOD-SHOLEACH>520004078</KOD-SHOLEACH>
    <SHEM-SHOLEACH>הראל חברה לביטוח בע"מ</SHEM-SHOLEACH>
    <KOD-MEZAHE-METAFEL>520004078</KOD-MEZAHE-METAFEL>
    <SHEM-METAFEL>הראל חברה לביטוח</SHEM-METAFEL>
    <MEZAHE-HAAVARA>004000520004078CONSLTINK007202006221330509757.DAT</MEZAHE-HAAVARA>
    <MISPAR-HAKOVETZ>20200622133050520004078</MISPAR-HAKOVETZ>
  </KoteretKovetz>
  <YeshutYatzran>
    <KOD-MEZAHE-YATZRAN>520004078</KOD-MEZAHE-YATZRAN>
    <SHEM-YATZRAN>הראל חברה לביטוח בע"מ</SHEM-YATZRAN>
    <MEZAHE-LAKOACH-MISLAKA xmlns:p2="http://www.w3.org/2001/XMLSchema-instance" p2:nil="true" />
    <IshKesherYeshutYatzran>
      <SHEM-PRATI>גוסטבו</SHEM-PRATI>
      <SHEM-MISHPACHA>רוגובסקי</SHEM-MISHPACHA>
      <ERETZ xmlns:p3="http://www.w3.org/2001/XMLSchema-instance" p3:nil="true" />
      <SHEM-YISHUV xmlns:p3="http://www.w3.org/2001/XMLSchema-instance" p3:nil="true" />
      <SEMEL-YESHUV xmlns:p3="http://www.w3.org/2001/XMLSchema-instance" p3:nil="true" />
      <SHEM-RECHOV xmlns:p3="http://www.w3.org/2001/XMLSchema-instance" p3:nil="true" />
      <MISPAR-BAIT xmlns:p3="http://www.w3.org/2001/XMLSchema-instance" p3:nil="true" />
      <MISPAR-KNISA xmlns:p3="http://www.w3.org/2001/XMLSchema-instance" p3:nil="true" />
      <MISPAR-DIRA xmlns:p3="http://www.w3.org/2001/XMLSchema-instance" p3:nil="true" />
      <MIKUD xmlns:p3="http://www.w3.org/2001/XMLSchema-instance" p3:nil="true" />
      <TA-DOAR xmlns:p3="http://www.w3.org/2001/XMLSchema-instance" p3:nil="true" />
      <MISPAR-TELEPHONE-KAVI>03-7549070</MISPAR-TELEPHONE-KAVI>
      <MISPAR-SHLUCHA xmlns:p3="http://www.w3.org/2001/XMLSchema-instance" p3:nil="true" />
      <MISPAR-CELLULARI xmlns:p3="http://www.w3.org/2001/XMLSchema-instance" p3:nil="true" />
      <MISPAR-FAX xmlns:p3="http://www.w3.org/2001/XMLSchema-instance" p3:nil="true" />
      <E-MAIL>gustavor@harel-ins.co.il</E-MAIL>
      <HEAROT xmlns:p3="http://www.w3.org/2001/XMLSchema-instance" p3:nil="true" />
    </IshKesherYeshutYatzran>
    <YeshutMetafel>
      <KOD-MEZAHE-METAFEL>520004078</KOD-MEZAHE-METAFEL>
      <SHEM-METAFEL>הראל חברה לביטוח</SHEM-METAFEL>
      <IshKesherYeshutMetafel>
        <SHEM-PRATI xmlns:p3="http://www.w3.org/2001/XMLSchema-instance" p3:nil="true" />
        <SHEM-MISHPACHA xmlns:p3="http://www.w3.org/2001/XMLSchema-instance" p3:nil="true" />
        <ERETZ xmlns:p3="http://www.w3.org/2001/XMLSchema-instance" p3:nil="true" />
        <SHEM-YISHUV xmlns:p3="http://www.w3.org/2001/XMLSchema-instance" p3:nil="true" />
        <SEMEL-YESHUV xmlns:p3="http://www.w3.org/2001/XMLSchema-instance" p3:nil="true" />
        <SHEM-RECHOV xmlns:p3="http://www.w3.org/2001/XMLSchema-instance" p3:nil="true" />
        <MISPAR-BAIT xmlns:p3="http://www.w3.org/2001/XMLSchema-instance" p3:nil="true" />
        <MISPAR-KNISA xmlns:p3="http://www.w3.org/2001/XMLSchema-instance" p3:nil="true" />
        <MISPAR-DIRA xmlns:p3="http://www.w3.org/2001/XMLSchema-instance" p3:nil="true" />
        <MIKUD xmlns:p3="http://www.w3.org/2001/XMLSchema-instance" p3:nil="true" />
        <TA-DOAR xmlns:p3="http://www.w3.org/2001/XMLSchema-instance" p3:nil="true" />
        <MISPAR-TELEPHONE-KAVI xmlns:p3="http://www.w3.org/2001/XMLSchema-instance" p3:nil="true" />
        <MISPAR-SHLUCHA xmlns:p3="http://www.w3.org/2001/XMLSchema-instance" p3:nil="true" />
        <MISPAR-CELLULARI xmlns:p3="http://www.w3.org/2001/XMLSchema-instance" p3:nil="true" />
        <MISPAR-FAX xmlns:p3="http://www.w3.org/2001/XMLSchema-instance" p3:nil="true" />
        <E-MAIL xmlns:p3="http://www.w3.org/2001/XMLSchema-instance" p3:nil="true" />
        <HEAROT xmlns:p3="http://www.w3.org/2001/XMLSchema-instance" p3:nil="true" />
      </IshKesherYeshutMetafel>
    </YeshutMetafel>
    <Mutzarim>
      <Mutzar>
        <YeshutNimaansofi>
          <KOD-NIMAAN>2</KOD-NIMAAN>
          <SUG-MEZAHE-NIMAAN>1</SUG-MEZAHE-NIMAAN>
          <MISPAR-ZIHUI-NIMAAN>514813450</MISPAR-ZIHUI-NIMAAN>
          <MISPAR-ZIHUI-ETZEL-YATZRAN-NIMAAN xmlns:p3="http://www.w3.org/2001/XMLSchema-instance" p3:nil="true" />
        </YeshutNimaansofi>
        <NetuneiMutzar>
          <KOD-MEZAHE-YATZRAN>520004078</KOD-MEZAHE-YATZRAN>
          <KOD-MEZAHE-METAFEL xmlns:p3="http://www.w3.org/2001/XMLSchema-instance" p3:nil="true" />
          <SUG-MUTZAR>8</SUG-MUTZAR>
          <SHEM-KOVETZ-MEKORI xmlns:p3="http://www.w3.org/2001/XMLSchema-instance" p3:nil="true" />
          <MISPAR-SHURA-MEKORI xmlns:p3="http://www.w3.org/2001/XMLSchema-instance" p3:nil="true" />
          <RESERVA-MISLAKA xmlns:p3="http://www.w3.org/2001/XMLSchema-instance" p3:nil="true" />
          <MISPAR-MISLAKA>12652F2A-8951-4457-A522-B6410E87FA0D</MISPAR-MISLAKA>
          <STATUS-RESHOMA>1</STATUS-RESHOMA>
          <MISPAR-SHORA>1</MISPAR-SHORA>
          <TOTAL-ZEHUT-PER-MONTH xmlns:p3="http://www.w3.org/2001/XMLSchema-instance" p3:nil="true" />
          <TOTAL-MUTZARIM-PER-MONTH xmlns:p3="http://www.w3.org/2001/XMLSchema-instance" p3:nil="true" />
          <YeshutMaasik>
            <MPR-MAASIK-BE-YATZRAN>0000000058074600</MPR-MAASIK-BE-YATZRAN>
            <SUG-MEZAHE-MAASIK>3</SUG-MEZAHE-MAASIK>
            <MISPAR-MEZAHE-MAASIK>0000000058074600</MISPAR-MEZAHE-MAASIK>
            <MISPAR-TIK-NIKUIIM xmlns:p4="http://www.w3.org/2001/XMLSchema-instance" p4:nil="true" />
            <SHEM-MAASIK>רפי נאמן</SHEM-MAASIK>
            <ERETZ>ישראל</ERETZ>
            <SHEM-YISHUV xmlns:p4="http://www.w3.org/2001/XMLSchema-instance" p4:nil="true" />
            <SEMEL-YESHUV xmlns:p4="http://www.w3.org/2001/XMLSchema-instance" p4:nil="true" />
            <SHEM-RECHOV xmlns:p4="http://www.w3.org/2001/XMLSchema-instance" p4:nil="true" />
            <MISPAR-BAIT xmlns:p4="http://www.w3.org/2001/XMLSchema-instance" p4:nil="true" />
            <MISPAR-KNISA xmlns:p4="http://www.w3.org/2001/XMLSchema-instance" p4:nil="true" />
            <MISPAR-DIRA xmlns:p4="http://www.w3.org/2001/XMLSchema-instance" p4:nil="true" />
            <MIKUD>0</MIKUD>
            <TA-DOAR xmlns:p4="http://www.w3.org/2001/XMLSchema-instance" p4:nil="true" />
            <MISPAR-TELEPHONE-KAVI xmlns:p4="http://www.w3.org/2001/XMLSchema-instance" p4:nil="true" />
            <MISPAR-SHLUCHA xmlns:p4="http://www.w3.org/2001/XMLSchema-instance" p4:nil="true" />
            <MISPAR-CELLULARI xmlns:p4="http://www.w3.org/2001/XMLSchema-instance" p4:nil="true" />
            <MISPAR-FAX xmlns:p4="http://www.w3.org/2001/XMLSchema-instance" p4:nil="true" />
            <E-MAIL xmlns:p4="http://www.w3.org/2001/XMLSchema-instance" p4:nil="true" />
            <HEAROT xmlns:p4="http://www.w3.org/2001/XMLSchema-instance" p4:nil="true" />
            <IshKesherYeshutMaasik>
              <SHEM-PRATI xmlns:p5="http://www.w3.org/2001/XMLSchema-instance" p5:nil="true" />
              <SHEM-MISHPACHA xmlns:p5="http://www.w3.org/2001/XMLSchema-instance" p5:nil="true" />
              <MISPAR-TELEPHONE-KAVI xmlns:p5="http://www.w3.org/2001/XMLSchema-instance" p5:nil="true" />
              <MISPAR-CELLULARI xmlns:p5="http://www.w3.org/2001/XMLSchema-instance" p5:nil="true" />
              <MISPAR-FAX xmlns:p5="http://www.w3.org/2001/XMLSchema-instance" p5:nil="true" />
              <E-MAIL xmlns:p5="http://www.w3.org/2001/XMLSchema-instance" p5:nil="true" />
              <HEAROT xmlns:p5="http://www.w3.org/2001/XMLSchema-instance" p5:nil="true" />
            </IshKesherYeshutMaasik>
          </YeshutMaasik>
          <YeshutLakoach>
            <SUG-MEZAHE-LAKOACH>1</SUG-MEZAHE-LAKOACH>
            <MISPAR-ZIHUY-LAKOACH>0000000058074600</MISPAR-ZIHUY-LAKOACH>
            <SHEM-PRATI>רפי</SHEM-PRATI>
            <SHEM-MISHPACHA-KODEM xmlns:p4="http://www.w3.org/2001/XMLSchema-instance" p4:nil="true" />
            <SHEM-MISHPACHA>נאמן</SHEM-MISHPACHA>
            <MIN>1</MIN>
            <TAARICH-LEYDA>19631018</TAARICH-LEYDA>
            <PTIRA>2</PTIRA>
            <TAARICH-PTIRA xmlns:p4="http://www.w3.org/2001/XMLSchema-instance" p4:nil="true" />
            <MATZAV-MISHPACHTI>5</MATZAV-MISHPACHTI>
            <ERETZ>ישראל</ERETZ>
            <SHEM-YISHUV>מודיעין-מכבים-ר</SHEM-YISHUV>
            <SEMEL-YESHUV>838</SEMEL-YESHUV>
            <SHEM-RECHOV>אור החיים</SHEM-RECHOV>
            <MISPAR-BAIT>21</MISPAR-BAIT>
            <MISPAR-KNISA xmlns:p4="http://www.w3.org/2001/XMLSchema-instance" p4:nil="true" />
            <MISPAR-DIRA xmlns:p4="http://www.w3.org/2001/XMLSchema-instance" p4:nil="true" />
            <MIKUD xmlns:p4="http://www.w3.org/2001/XMLSchema-instance" p4:nil="true" />
            <TA-DOAR xmlns:p4="http://www.w3.org/2001/XMLSchema-instance" p4:nil="true" />
            <MISPAR-TELEPHONE-KAVI>NULLNULL</MISPAR-TELEPHONE-KAVI>
            <MISPAR-SHLUCHA xmlns:p4="http://www.w3.org/2001/XMLSchema-instance" p4:nil="true" />
            <MISPAR-CELLULARI>NULLNULL</MISPAR-CELLULARI>
            <MISPAR-FAX>NULLNULL</MISPAR-FAX>
            <E-MAIL>RN74600@IAI.CO.IL</E-MAIL>
            <HEAROT xmlns:p4="http://www.w3.org/2001/XMLSchema-instance" p4:nil="true" />
            <MISPAR-YELADIM>0</MISPAR-YELADIM>
          </YeshutLakoach>
        </NetuneiMutzar>
        <HeshbonotOPolisot>
          <HeshbonOPolisa>
            <ASMACHTA-MEKORIT>897171430</ASMACHTA-MEKORIT>
            <MISPAR-POLISA-O-HESHBON>897171430</MISPAR-POLISA-O-HESHBON>
            <SHEM-TOCHNIT>מוות -קולקטיב חיים</SHEM-TOCHNIT>
            <KIDOD-ACHID>520004078000000000000000000000</KIDOD-ACHID>
            <MPR-MEFITZ-BE-YATZRAN>9584</MPR-MEFITZ-BE-YATZRAN>
            <TAARICH-NECHONUT>20200531</TAARICH-NECHONUT>
            <TAARICH-HITZTARFUT-MUTZAR>20190301</TAARICH-HITZTARFUT-MUTZAR>
            <TAARICH-HITZTARFUT-RISHON>19000101</TAARICH-HITZTARFUT-RISHON>
            <SUG-KEREN-PENSIA xmlns:p4="http://www.w3.org/2001/XMLSchema-instance" p4:nil="true" />
            <PENSIA-VATIKA-O-HADASHA xmlns:p4="http://www.w3.org/2001/XMLSchema-instance" p4:nil="true" />
            <TAARICH-IDKUN-STATUS>19000101</TAARICH-IDKUN-STATUS>
            <STATUS-POLISA-O-CHESHBON>10</STATUS-POLISA-O-CHESHBON>
            <TAARICH-TCHILA-RISK-ZMANI xmlns:p4="http://www.w3.org/2001/XMLSchema-instance" p4:nil="true" />
            <TOM-TOKEF-RISK-ZMANI xmlns:p4="http://www.w3.org/2001/XMLSchema-instance" p4:nil="true" />
            <SUG-POLISA>4</SUG-POLISA>
            <SUG-TOCHNIT-O-CHESHBON>5</SUG-TOCHNIT-O-CHESHBON>
            <MADAD-BASIS>11962.00</MADAD-BASIS>
            <AZMADA-LEALVAHA xmlns:p4="http://www.w3.org/2001/XMLSchema-instance" p4:nil="true" />
            <TAARICH-ACHRON-MOTAV-MUVET xmlns:p4="http://www.w3.org/2001/XMLSchema-instance" p4:nil="true" />
            <KOLEL-ZAKAUT-AGACH>2</KOLEL-ZAKAUT-AGACH>
            <SHIOR-AGACH-MEUADOT xmlns:p4="http://www.w3.org/2001/XMLSchema-instance" p4:nil="true" />
            <AVTACHT-TESOA>2</AVTACHT-TESOA>
            <TAARICH-CIUM-AVTACHT-TESOA xmlns:p4="http://www.w3.org/2001/XMLSchema-instance" p4:nil="true" />
            <MISPAR-GIMLAOT xmlns:p4="http://www.w3.org/2001/XMLSchema-instance" p4:nil="true" />
            <TIKUN-190>2</TIKUN-190>
            <KAYAM-KISUY-HIZONI xmlns:p4="http://www.w3.org/2001/XMLSchema-instance" p4:nil="true" />
            <KISUY-ISHY-KVOZATI xmlns:p4="http://www.w3.org/2001/XMLSchema-instance" p4:nil="true" />
            <KtovetLemishloach>
              <ERETZ>ישראל</ERETZ>
              <SHEM-YISHUV>מודיעין-מכבים-ר</SHEM-YISHUV>
              <SEMEL-YESHUV>838</SEMEL-YESHUV>
              <SHEM-RECHOV>אור החיים</SHEM-RECHOV>
              <MISPAR-BAIT>21</MISPAR-BAIT>
              <MISPAR-KNISA xmlns:p5="http://www.w3.org/2001/XMLSchema-instance" p5:nil="true" />
              <MISPAR-DIRA xmlns:p5="http://www.w3.org/2001/XMLSchema-instance" p5:nil="true" />
              <MIKUD xmlns:p5="http://www.w3.org/2001/XMLSchema-instance" p5:nil="true" />
              <TA-DOAR xmlns:p5="http://www.w3.org/2001/XMLSchema-instance" p5:nil="true" />
            </KtovetLemishloach>
            <NetuneiAmitOmevutach>
              <KOD-ZIHUY-LAKOACH>1</KOD-ZIHUY-LAKOACH>
              <MISPAR-ZIHUY>0000000058074600</MISPAR-ZIHUY>
            </NetuneiAmitOmevutach>
            <NetuneiSheerim />
            <PerutShiabudIkul>
              <HUTAL-SHIABUD>2</HUTAL-SHIABUD>
              <HUTAL-IKUL>3</HUTAL-IKUL>
            </PerutShiabudIkul>
            <Halvaa>
              <YESH-HALVAA-BAMUTZAR>2</YESH-HALVAA-BAMUTZAR>
              <RAMAT-HALVAA>1</RAMAT-HALVAA>
              <MISDAR-SIDURI-SHEL-HAHALVAA xmlns:p5="http://www.w3.org/2001/XMLSchema-instance" p5:nil="true" />
              <SCHUM-HALVAA xmlns:p5="http://www.w3.org/2001/XMLSchema-instance" p5:nil="true" />
              <TAARICH-KABALAT-HALVAA xmlns:p5="http://www.w3.org/2001/XMLSchema-instance" p5:nil="true" />
              <TAARICH-SIYUM-HALVAA xmlns:p5="http://www.w3.org/2001/XMLSchema-instance" p5:nil="true" />
              <YITRAT-HALVAA xmlns:p5="http://www.w3.org/2001/XMLSchema-instance" p5:nil="true" />
              <TKUFAT-HALVAA xmlns:p5="http://www.w3.org/2001/XMLSchema-instance" p5:nil="true" />
              <RIBIT xmlns:p5="http://www.w3.org/2001/XMLSchema-instance" p5:nil="true" />
              <SUG-RIBIT xmlns:p5="http://www.w3.org/2001/XMLSchema-instance" p5:nil="true" />
              <SUG-HATZNMADA xmlns:p5="http://www.w3.org/2001/XMLSchema-instance" p5:nil="true" />
              <TADIRUT-HECHZER-HALVAA xmlns:p5="http://www.w3.org/2001/XMLSchema-instance" p5:nil="true" />
              <SUG-HECHZER xmlns:p5="http://www.w3.org/2001/XMLSchema-instance" p5:nil="true" />
              <SCHUM-HECHZER-TKUFATI xmlns:p5="http://www.w3.org/2001/XMLSchema-instance" p5:nil="true" />
            </Halvaa>
            <PirteyTvia>
              <YESH-TVIA>2</YESH-TVIA>
              <MISPAR-TVIA-BE-YATZRAN xmlns:p5="http://www.w3.org/2001/XMLSchema-instance" p5:nil="true" />
              <MISPAR-KISUI-BE-YATZRAN xmlns:p5="http://www.w3.org/2001/XMLSchema-instance" p5:nil="true" />
              <SHEM-KISUI-BE-YATZRAN xmlns:p5="http://www.w3.org/2001/XMLSchema-instance" p5:nil="true" />
              <SUG-HATVIAA xmlns:p5="http://www.w3.org/2001/XMLSchema-instance" p5:nil="true" />
              <OFEN-TASHLUM xmlns:p5="http://www.w3.org/2001/XMLSchema-instance" p5:nil="true" />
              <KOD-STATUS-TVIAA xmlns:p5="http://www.w3.org/2001/XMLSchema-instance" p5:nil="true" />
              <TAARICH-STATUS-TVIA xmlns:p5="http://www.w3.org/2001/XMLSchema-instance" p5:nil="true" />
              <TAARICH-TECHILAT-TASHLUM xmlns:p5="http://www.w3.org/2001/XMLSchema-instance" p5:nil="true" />
              <ACHUZ-MEUSHAR-O-K-A-SHICHRUR xmlns:p5="http://www.w3.org/2001/XMLSchema-instance" p5:nil="true" />
              <SCHUM-TVIA-MEUSHAR xmlns:p5="http://www.w3.org/2001/XMLSchema-instance" p5:nil="true" />
              <ACHUZ-NECHUT xmlns:p5="http://www.w3.org/2001/XMLSchema-instance" p5:nil="true" />
            </PirteyTvia>
            <PerutMitryot>
              <KAYAM-KISUY-BITUCHI-COLECTIVI-LEAMITIM>1</KAYAM-KISUY-BITUCHI-COLECTIVI-LEAMITIM>
              <SHEM-MEVATACHAT>הראל חברה לביטוח</SHEM-MEVATACHAT>
              <TAARICH-TCHILAT-HABITUACH>20190301</TAARICH-TCHILAT-HABITUACH>
              <TAARICH-TOM-TKUFAT-HABITUAH>20210101</TAARICH-TOM-TKUFAT-HABITUAH>
              <KOD-SUG-MUTZAR-BITUACH>1</KOD-SUG-MUTZAR-BITUACH>
              <SCHUM-BITUACH>101093.64</SCHUM-BITUACH>
              <ALUT-KISUI>23.10</ALUT-KISUI>
              <MESHALEM-DMEI-HABITUAH>1</MESHALEM-DMEI-HABITUAH>
              <TADIRUT-HATSHLUM>1</TADIRUT-HATSHLUM>
              <HAIM-NECHTAM-TOFES-HITZTARFUT>3</HAIM-NECHTAM-TOFES-HITZTARFUT>
            </PerutMitryot>
            <PirteiTaktziv>
              <PirteiOved>
                <SUG-TOCHNIT-O-CHESHBON>4</SUG-TOCHNIT-O-CHESHBON>
                <MPR-MAASIK-BE-YATZRAN>58074600</MPR-MAASIK-BE-YATZRAN>
                <STATUS-MAASIK xmlns:p6="http://www.w3.org/2001/XMLSchema-instance" p6:nil="true" />
                <SUG-BAAL-HAPOLISA-SHE-EINO-HAMEVUTACH xmlns:p6="http://www.w3.org/2001/XMLSchema-instance" p6:nil="true" />
                <MISPAR-BAAL-POLISA-SHEEINO-MEVUTAH xmlns:p6="http://www.w3.org/2001/XMLSchema-instance" p6:nil="true" />
                <SHEM-BAAL-POLISA-SHEEINO-MEVUTAH xmlns:p6="http://www.w3.org/2001/XMLSchema-instance" p6:nil="true" />
              </PirteiOved>
              <PirteiHaasaka>
                <KOD-CHISHUV-SACHAR-POLISA-O-HESHBON xmlns:p6="http://www.w3.org/2001/XMLSchema-instance" p6:nil="true" />
                <SACHAR-POLISA xmlns:p6="http://www.w3.org/2001/XMLSchema-instance" p6:nil="true" />
                <KOD-OFEN-HATZMADA xmlns:p6="http://www.w3.org/2001/XMLSchema-instance" p6:nil="true" />
                <TAARICH-MASKORET xmlns:p6="http://www.w3.org/2001/XMLSchema-instance" p6:nil="true" />
                <ZAKAUT-LELO-TNAI xmlns:p6="http://www.w3.org/2001/XMLSchema-instance" p6:nil="true" />
                <SEIF-14 xmlns:p6="http://www.w3.org/2001/XMLSchema-instance" p6:nil="true" />
                <TAARICH-TCHILAT-TASHLUM xmlns:p6="http://www.w3.org/2001/XMLSchema-instance" p6:nil="true" />
              </PirteiHaasaka>
              <PerutHafrashotLePolisa>
                <SUG-HAMAFKID>1</SUG-HAMAFKID>
                <SUG-HAFRASHA>11</SUG-HAFRASHA>
                <ACHUZ-HAFRASHA>100.00</ACHUZ-HAFRASHA>
                <SCHUM-HAFRASHA xmlns:p6="http://www.w3.org/2001/XMLSchema-instance" p6:nil="true" />
                <TAARICH-MADAD>20200531</TAARICH-MADAD>
              </PerutHafrashotLePolisa>
              <NetuneiGvia>
                <SHEM-MESHALEM>תעשיה אוירית לישראל קולק חיים</SHEM-MESHALEM>
                <SUG-TEUDA-MESHALEM>7</SUG-TEUDA-MESHALEM>
                <MISPAR-ZIHUY-MESHALEM>000000295669</MISPAR-ZIHUY-MESHALEM>
                <KOD-EMTZAEI-TASHLUM>4</KOD-EMTZAEI-TASHLUM>
                <TADIRUT-TASHLUM>4</TADIRUT-TASHLUM>
                <CHODESH-YECHUS>5</CHODESH-YECHUS>
                <YOM-GVIYA-BECHODESH>1</YOM-GVIYA-BECHODESH>
                <OFEN-HATZMADAT-GVIA>2</OFEN-HATZMADAT-GVIA>
                <ACHUZ-TAT-SHNATIYOT xmlns:p6="http://www.w3.org/2001/XMLSchema-instance" p6:nil="true" />
              </NetuneiGvia>
              <PirteiHafkadaAchrona>
                <PerutPirteiHafkadaAchrona>
                  <TAARICH-HAFKADA-ACHARON>202004</TAARICH-HAFKADA-ACHARON>
                  <TOTAL-HAFKADA>23.10</TOTAL-HAFKADA>
                  <HAFKADA-LEHISCHON-A xmlns:p7="http://www.w3.org/2001/XMLSchema-instance" p7:nil="true" />
                  <HAFKADA-LEHISCHON-B xmlns:p7="http://www.w3.org/2001/XMLSchema-instance" p7:nil="true" />
                  <TAARICH-ERECH-HAFKADA>20200401</TAARICH-ERECH-HAFKADA>
                  <SUG-HAFKADA>1</SUG-HAFKADA>
                  <TOTAL-HAFKADA-ACHRONA>0.00</TOTAL-HAFKADA-ACHRONA>
                </PerutPirteiHafkadaAchrona>
              </PirteiHafkadaAchrona>
              <HafkadotShnatiyot>
                <TOTAL-HAFKADOT-OVED-TAGMULIM-SHANA-NOCHECHIT xmlns:p6="http://www.w3.org/2001/XMLSchema-instance" p6:nil="true" />
                <TOTAL-HAFKADOT-MAAVID-TAGMULIM-SHANA-NOCHECHIT xmlns:p6="http://www.w3.org/2001/XMLSchema-instance" p6:nil="true" />
                <TOTAL-HAFKADOT-PITZUIM-SHANA-NOCHECHIT xmlns:p6="http://www.w3.org/2001/XMLSchema-instance" p6:nil="true" />
              </HafkadotShnatiyot>
              <ChovotPigurim>
                <ChovPigur>
                  <KAYAM-CHOV-O-PIGUR>2</KAYAM-CHOV-O-PIGUR>
                  <TAARICH-TECHILAT-PIGUR xmlns:p7="http://www.w3.org/2001/XMLSchema-instance" p7:nil="true" />
                  <TAARICH-TECHILAT-PIGUR-NOCHECHI xmlns:p7="http://www.w3.org/2001/XMLSchema-instance" p7:nil="true" />
                  <MISPAR-CHODSHEI-PIGUR xmlns:p7="http://www.w3.org/2001/XMLSchema-instance" p7:nil="true" />
                  <SUG-HOV xmlns:p7="http://www.w3.org/2001/XMLSchema-instance" p7:nil="true" />
                  <TOTAL-CHOVOT-O-PIGURIM xmlns:p7="http://www.w3.org/2001/XMLSchema-instance" p7:nil="true" />
                  <KSAFIM-LO-MESHUYACHIM-MAASIK xmlns:p7="http://www.w3.org/2001/XMLSchema-instance" p7:nil="true" />
                </ChovPigur>
              </ChovotPigurim>
              <PerutHotzaot>
                <HotzaotBafoalLehodeshDivoach>
                  <SHEUR-DMEI-NIHUL-HAFKADA>0</SHEUR-DMEI-NIHUL-HAFKADA>
                  <TOTAL-DMEI-NIHUL-HAFKADA>0</TOTAL-DMEI-NIHUL-HAFKADA>
                  <SHEUR-DMEI-NIHUL-TZVIRA>0</SHEUR-DMEI-NIHUL-TZVIRA>
                  <TOTAL-DMEI-NIHUL-TZVIRA>0</TOTAL-DMEI-NIHUL-TZVIRA>
                  <SACH-DMEI-NIHUL-ACHERIM>0</SACH-DMEI-NIHUL-ACHERIM>
                  <HOTZOT-NIHUL-ASHKAOT>0</HOTZOT-NIHUL-ASHKAOT>
                  <TOTAL-DMEI-NIHUL-POLISA-O-HESHBON>0</TOTAL-DMEI-NIHUL-POLISA-O-HESHBON>
                  <DEMI-AAVARAT-MASLOL>0</DEMI-AAVARAT-MASLOL>
                  <DMEI-NIUL-MENAEL-TIKIM>0</DMEI-NIUL-MENAEL-TIKIM>
                  <OFEN-GEVIAT-DMEI-BITUACH>1</OFEN-GEVIAT-DMEI-BITUACH>
                  <SACH-DMEI-BITUAH-SHENIGBOO>0</SACH-DMEI-BITUAH-SHENIGBOO>
                </HotzaotBafoalLehodeshDivoach>
                <MivneDmeiNihul>
                  <PerutMivneDmeiNihul>
                    <GOVA-DMEI-NIHUL-NIKBA-AL-PI-HOTZAOT-BAPOAL>2</GOVA-DMEI-NIHUL-NIKBA-AL-PI-HOTZAOT-BAPOAL>
                    <SUG-HOTZAA>0</SUG-HOTZAA>
                    <KOD-MASLUL-DMEI-NIHUL>520004078000000000000000000000</KOD-MASLUL-DMEI-NIHUL>
                    <MEAFYENEI-MASLUL-DMEI-NIHUL>0</MEAFYENEI-MASLUL-DMEI-NIHUL>
                    <SHEUR-DMEI-NIHUL>0</SHEUR-DMEI-NIHUL>
                    <TAARICH-IDKUN-SHEUR-DNHL>20200531</TAARICH-IDKUN-SHEUR-DNHL>
                    <DMEI-NIHUL-ACHIDIM>0</DMEI-NIHUL-ACHIDIM>
                    <KOD-MASLUL-HASHKAA-BAAL-DMEI-NIHUL-YECHUDIIM xmlns:p8="http://www.w3.org/2001/XMLSchema-instance" p8:nil="true" />
                    <OFEN-HAFRASHA>0</OFEN-HAFRASHA>
                    <SCHUM-MAX-DNHL-HAFKADA xmlns:p8="http://www.w3.org/2001/XMLSchema-instance" p8:nil="true" />
                    <SACH-DMEI-NIHUL-MASLUL xmlns:p8="http://www.w3.org/2001/XMLSchema-instance" p8:nil="true" />
                    <DMEI-NIHUL-ACHERIM xmlns:p8="http://www.w3.org/2001/XMLSchema-instance" p8:nil="true" />
                    <KENAS-MESHICHAT-KESAFIM xmlns:p8="http://www.w3.org/2001/XMLSchema-instance" p8:nil="true" />
                    <KAYEMET-HATAVA xmlns:p8="http://www.w3.org/2001/XMLSchema-instance" p8:nil="true" />
                    <SUG-HATAVA xmlns:p8="http://www.w3.org/2001/XMLSchema-instance" p8:nil="true" />
                    <ACHOZ-HATAVA xmlns:p8="http://www.w3.org/2001/XMLSchema-instance" p8:nil="true" />
                    <TAARICH-SIUM-HATAVA xmlns:p8="http://www.w3.org/2001/XMLSchema-instance" p8:nil="true" />
                  </PerutMivneDmeiNihul>
                </MivneDmeiNihul>
              </PerutHotzaot>
              <PerutYitrotLesofShanaKodemet>
                <YITRAT-SOF-SHANA xmlns:p6="http://www.w3.org/2001/XMLSchema-instance" p6:nil="true" />
                <ERECH-PIDYON-SOF-SHANA xmlns:p6="http://www.w3.org/2001/XMLSchema-instance" p6:nil="true" />
                <ERECH-MESOLAK-SOF-SHANA xmlns:p6="http://www.w3.org/2001/XMLSchema-instance" p6:nil="true" />
                <YISKON-YITRAT-KESAFIM xmlns:p6="http://www.w3.org/2001/XMLSchema-instance" p6:nil="true" />
              </PerutYitrotLesofShanaKodemet>
            </PirteiTaktziv>
            <PerutMeyupeKoach>
              <KAYAM-MEYUPE-KOACH>2</KAYAM-MEYUPE-KOACH>
              <SUG-ZIHUY xmlns:p5="http://www.w3.org/2001/XMLSchema-instance" p5:nil="true" />
              <MISPAR-ZIHUY xmlns:p5="http://www.w3.org/2001/XMLSchema-instance" p5:nil="true" />
              <TAARICH-MINUY-SOCHEN xmlns:p5="http://www.w3.org/2001/XMLSchema-instance" p5:nil="true" />
              <SHEM-MEYUPE-KOACH xmlns:p5="http://www.w3.org/2001/XMLSchema-instance" p5:nil="true" />
            </PerutMeyupeKoach>
            <Kisuim>
              <ZihuiKisui>
                <MISPAR-KISUI-BE-YATZRAN>520004078000000000000000000000</MISPAR-KISUI-BE-YATZRAN>
                <SHEM-KISUI-YATZRAN>מוות -קולקטיב חיים</SHEM-KISUI-YATZRAN>
                <SUG-KISUI-ETZEL-YATZRAN>2</SUG-KISUI-ETZEL-YATZRAN>
                <MISPAR-POLISA-O-HESHBON-NEGDI xmlns:p6="http://www.w3.org/2001/XMLSchema-instance" p6:nil="true" />
                <PirteiMevutach>
                  <SUG-TEUDA>1</SUG-TEUDA>
                  <MISPAR-ZIHUY-LAKOACH>0000000058074600</MISPAR-ZIHUY-LAKOACH>
                </PirteiMevutach>
                <PirteiTosafot>
                  <TOSEFET-TAARIF>2</TOSEFET-TAARIF>
                  <KOD-SUG-TOSEFET xmlns:p7="http://www.w3.org/2001/XMLSchema-instance" p7:nil="true" />
                  <SHEUR-TOSEFET xmlns:p7="http://www.w3.org/2001/XMLSchema-instance" p7:nil="true" />
                  <PROMIL-TOSEFET xmlns:p7="http://www.w3.org/2001/XMLSchema-instance" p7:nil="true" />
                  <TAARICH-TOM-TOSEFET xmlns:p7="http://www.w3.org/2001/XMLSchema-instance" p7:nil="true" />
                </PirteiTosafot>
                <Mutav>
                  <SUG-ZIHUY-MUTAV>6</SUG-ZIHUY-MUTAV>
                  <KOD-ZIHUY-MUTAV xmlns:p7="http://www.w3.org/2001/XMLSchema-instance" p7:nil="true" />
                  <MISPAR-ZIHUY-MUTAV xmlns:p7="http://www.w3.org/2001/XMLSchema-instance" p7:nil="true" />
                  <SHEM-PRATI-MUTAV xmlns:p7="http://www.w3.org/2001/XMLSchema-instance" p7:nil="true" />
                  <SHEM-MISHPACHA-MUTAV xmlns:p7="http://www.w3.org/2001/XMLSchema-instance" p7:nil="true" />
                  <SUG-ZIKA xmlns:p7="http://www.w3.org/2001/XMLSchema-instance" p7:nil="true" />
                  <ACHUZ-MUTAV xmlns:p7="http://www.w3.org/2001/XMLSchema-instance" p7:nil="true" />
                  <HAGDARAT-MUTAV xmlns:p7="http://www.w3.org/2001/XMLSchema-instance" p7:nil="true" />
                  <MAHUT-MUTAV xmlns:p7="http://www.w3.org/2001/XMLSchema-instance" p7:nil="true" />
                </Mutav>
                <Miktsoa-Isuk-Tachviv>
                  <TACHVIVIM-O-ISUKIM xmlns:p7="http://www.w3.org/2001/XMLSchema-instance" p7:nil="true" />
                  <KOD-MIKTZOA>כמפורט בהצעה</KOD-MIKTZOA>
                  <TCHUM-ISUK-CHADASH>כמפורט בהצעה</TCHUM-ISUK-CHADASH>
                </Miktsoa-Isuk-Tachviv>
              </ZihuiKisui>
            </Kisuim>
          </HeshbonOPolisa>
        </HeshbonotOPolisot>
      </Mutzar>
    </Mutzarim>
  </YeshutYatzran>
  <ReshumatSgira>
    <KAMUT-YATZRANIM>000000001</KAMUT-YATZRANIM>
    <KAMUT-METAFELIM>000000001</KAMUT-METAFELIM>
    <KAMUT-MUTZARIM>000000001</KAMUT-MUTZARIM>
    <KAMUT-YESHUYOT-MAASIK>000000001</KAMUT-YESHUYOT-MAASIK>
    <KAMUT-YESHUYOT-MEFITZ>000000001</KAMUT-YESHUYOT-MEFITZ>
    <MISPAR-YESHUYUT-LAKOACH-BAKOVETZ>000000001</MISPAR-YESHUYUT-LAKOACH-BAKOVETZ>
    <KAMUT-POLISOT>000000001</KAMUT-POLISOT>
  </ReshumatSgira>
</Mimshak>