<Mimshak>
  <KoteretKovetz>
    <SUG-MIMSHAK>2</SUG-MIMSHAK>
    <MISPAR-GIRSAT-XML>007</MISPAR-GIRSAT-XML>
    <TAARICH-BITZUA>20200623165348</TAARICH-BITZUA>
    <KOD-SVIVAT-AVODA>2</KOD-SVIVAT-AVODA>
    <KIVUN-MIMSHAK-XML>1</KIVUN-MIMSHAK-XML>
    <KOD-SHOLEACH>512245812</KOD-SHOLEACH>
    <SHEM-SHOLEACH>מנורה מבטחים פנסיה וגמל בעמ</SHEM-SHOLEACH>
    <KOD-MEZAHE-METAFEL xmlns:p2="http://www.w3.org/2001/XMLSchema-instance" p2:nil="true" />
    <SHEM-METAFEL xmlns:p2="http://www.w3.org/2001/XMLSchema-instance" p2:nil="true" />
    <MEZAHE-HAAVARA>20200623165348512245812</MEZAHE-HAAVARA>
    <MISPAR-HAKOVETZ>20200623165348512245812</MISPAR-HAKOVETZ>
  </KoteretKovetz>
  <YeshutYatzran>
    <KOD-MEZAHE-YATZRAN>512245812</KOD-MEZAHE-YATZRAN>
    <SHEM-YATZRAN>מנורה מבטחים פנסיה וגמל בעמ</SHEM-YATZRAN>
    <MEZAHE-LAKOACH-MISLAKA xmlns:p2="http://www.w3.org/2001/XMLSchema-instance" p2:nil="true" />
    <IshKesherYeshutYatzran>
      <SHEM-PRATI>מוקד קשרי לקוחות</SHEM-PRATI>
      <SHEM-MISHPACHA>מוקד קשרי לקוחות</SHEM-MISHPACHA>
      <ERETZ>ישראל</ERETZ>
      <SHEM-YISHUV>רמת גן</SHEM-YISHUV>
      <SEMEL-YESHUV>8600</SEMEL-YESHUV>
      <SHEM-RECHOV>זבוטינסקי</SHEM-RECHOV>
      <MISPAR-BAIT>33</MISPAR-BAIT>
      <MISPAR-KNISA>A</MISPAR-KNISA>
      <MISPAR-DIRA>0</MISPAR-DIRA>
      <MIKUD>5251107</MIKUD>
      <TA-DOAR>3507</TA-DOAR>
      <MISPAR-TELEPHONE-KAVI>*2000</MISPAR-TELEPHONE-KAVI>
      <MISPAR-SHLUCHA xmlns:p3="http://www.w3.org/2001/XMLSchema-instance" p3:nil="true" />
      <MISPAR-CELLULARI xmlns:p3="http://www.w3.org/2001/XMLSchema-instance" p3:nil="true" />
      <MISPAR-FAX>03-5480297</MISPAR-FAX>
      <E-MAIL>ccgemel@menora.co.il</E-MAIL>
      <HEAROT xmlns:p3="http://www.w3.org/2001/XMLSchema-instance" p3:nil="true" />
    </IshKesherYeshutYatzran>
    <YeshutMetafel>
      <KOD-MEZAHE-METAFEL xmlns:p2="http://www.w3.org/2001/XMLSchema-instance" p2:nil="true" />
      <SHEM-METAFEL xmlns:p2="http://www.w3.org/2001/XMLSchema-instance" p2:nil="true" />
      <IshKesherYeshutMetafel>
        <SHEM-PRATI xmlns:p3="http://www.w3.org/2001/XMLSchema-instance" p3:nil="true" />
        <SHEM-MISHPACHA xmlns:p3="http://www.w3.org/2001/XMLSchema-instance" p3:nil="true" />
        <ERETZ xmlns:p3="http://www.w3.org/2001/XMLSchema-instance" p3:nil="true" />
        <SHEM-YISHUV xmlns:p3="http://www.w3.org/2001/XMLSchema-instance" p3:nil="true" />
        <SEMEL-YESHUV xmlns:p3="http://www.w3.org/2001/XMLSchema-instance" p3:nil="true" />
        <SHEM-RECHOV xmlns:p3="http://www.w3.org/2001/XMLSchema-instance" p3:nil="true" />
        <MISPAR-BAIT xmlns:p3="http://www.w3.org/2001/XMLSchema-instance" p3:nil="true" />
        <MISPAR-KNISA xmlns:p3="http://www.w3.org/2001/XMLSchema-instance" p3:nil="true" />
        <MISPAR-DIRA xmlns:p3="http://www.w3.org/2001/XMLSchema-instance" p3:nil="true" />
        <MIKUD xmlns:p3="http://www.w3.org/2001/XMLSchema-instance" p3:nil="true" />
        <TA-DOAR xmlns:p3="http://www.w3.org/2001/XMLSchema-instance" p3:nil="true" />
        <MISPAR-TELEPHONE-KAVI xmlns:p3="http://www.w3.org/2001/XMLSchema-instance" p3:nil="true" />
        <MISPAR-SHLUCHA xmlns:p3="http://www.w3.org/2001/XMLSchema-instance" p3:nil="true" />
        <MISPAR-CELLULARI xmlns:p3="http://www.w3.org/2001/XMLSchema-instance" p3:nil="true" />
        <MISPAR-FAX xmlns:p3="http://www.w3.org/2001/XMLSchema-instance" p3:nil="true" />
        <E-MAIL xmlns:p3="http://www.w3.org/2001/XMLSchema-instance" p3:nil="true" />
        <HEAROT xmlns:p3="http://www.w3.org/2001/XMLSchema-instance" p3:nil="true" />
      </IshKesherYeshutMetafel>
    </YeshutMetafel>
    <Mutzarim>
      <Mutzar>
        <NetuneiMutzar>
          <KOD-MEZAHE-YATZRAN>512245812</KOD-MEZAHE-YATZRAN>
          <KOD-MEZAHE-METAFEL>511481996</KOD-MEZAHE-METAFEL>
          <SUG-MUTZAR>9</SUG-MUTZAR>
          <SHEM-KOVETZ-MEKORI xmlns:p3="http://www.w3.org/2001/XMLSchema-instance" p3:nil="true" />
          <MISPAR-SHURA-MEKORI xmlns:p3="http://www.w3.org/2001/XMLSchema-instance" p3:nil="true" />
          <RESERVA-MISLAKA xmlns:p3="http://www.w3.org/2001/XMLSchema-instance" p3:nil="true" />
          <MISPAR-MISLAKA>12652F2A-8951-4457-A522-B6410E87FA0D</MISPAR-MISLAKA>
          <STATUS-RESHOMA>1</STATUS-RESHOMA>
          <MISPAR-SHORA>1</MISPAR-SHORA>
          <TOTAL-ZEHUT-PER-MONTH xmlns:p3="http://www.w3.org/2001/XMLSchema-instance" p3:nil="true" />
          <TOTAL-MUTZARIM-PER-MONTH xmlns:p3="http://www.w3.org/2001/XMLSchema-instance" p3:nil="true" />
          <YeshutMaasik>
            <MPR-MAASIK-BE-YATZRAN>58074600</MPR-MAASIK-BE-YATZRAN>
            <SUG-MEZAHE-MAASIK>3</SUG-MEZAHE-MAASIK>
            <MISPAR-MEZAHE-MAASIK>58074600</MISPAR-MEZAHE-MAASIK>
            <MISPAR-TIK-NIKUIIM xmlns:p4="http://www.w3.org/2001/XMLSchema-instance" p4:nil="true" />
            <SHEM-MAASIK>נאמן</SHEM-MAASIK>
            <ERETZ>ישראל</ERETZ>
            <SHEM-YISHUV xmlns:p4="http://www.w3.org/2001/XMLSchema-instance" p4:nil="true" />
            <SEMEL-YESHUV>0</SEMEL-YESHUV>
            <SHEM-RECHOV>21 אור החים 21 מודיעין</SHEM-RECHOV>
            <MISPAR-BAIT xmlns:p4="http://www.w3.org/2001/XMLSchema-instance" p4:nil="true" />
            <MISPAR-KNISA xmlns:p4="http://www.w3.org/2001/XMLSchema-instance" p4:nil="true" />
            <MISPAR-DIRA xmlns:p4="http://www.w3.org/2001/XMLSchema-instance" p4:nil="true" />
            <MIKUD xmlns:p4="http://www.w3.org/2001/XMLSchema-instance" p4:nil="true" />
            <TA-DOAR xmlns:p4="http://www.w3.org/2001/XMLSchema-instance" p4:nil="true" />
            <MISPAR-TELEPHONE-KAVI>0542311819</MISPAR-TELEPHONE-KAVI>
            <MISPAR-SHLUCHA xmlns:p4="http://www.w3.org/2001/XMLSchema-instance" p4:nil="true" />
            <MISPAR-CELLULARI>0000000000</MISPAR-CELLULARI>
            <MISPAR-FAX>0000000000</MISPAR-FAX>
            <E-MAIL>RAFI.NEEMAN@GMAIL.COM</E-MAIL>
            <HEAROT xmlns:p4="http://www.w3.org/2001/XMLSchema-instance" p4:nil="true" />
            <IshKesherYeshutMaasik>
              <SHEM-PRATI xmlns:p5="http://www.w3.org/2001/XMLSchema-instance" p5:nil="true" />
              <SHEM-MISHPACHA xmlns:p5="http://www.w3.org/2001/XMLSchema-instance" p5:nil="true" />
              <MISPAR-TELEPHONE-KAVI xmlns:p5="http://www.w3.org/2001/XMLSchema-instance" p5:nil="true" />
              <MISPAR-CELLULARI xmlns:p5="http://www.w3.org/2001/XMLSchema-instance" p5:nil="true" />
              <MISPAR-FAX xmlns:p5="http://www.w3.org/2001/XMLSchema-instance" p5:nil="true" />
              <E-MAIL xmlns:p5="http://www.w3.org/2001/XMLSchema-instance" p5:nil="true" />
              <HEAROT xmlns:p5="http://www.w3.org/2001/XMLSchema-instance" p5:nil="true" />
            </IshKesherYeshutMaasik>
          </YeshutMaasik>
          <YeshutLakoach>
            <SUG-MEZAHE-LAKOACH>1</SUG-MEZAHE-LAKOACH>
            <MISPAR-ZIHUY-LAKOACH>0000000058074600</MISPAR-ZIHUY-LAKOACH>
            <SHEM-PRATI>רפאל</SHEM-PRATI>
            <SHEM-MISHPACHA-KODEM xmlns:p4="http://www.w3.org/2001/XMLSchema-instance" p4:nil="true" />
            <SHEM-MISHPACHA>נאמן</SHEM-MISHPACHA>
            <MIN>1</MIN>
            <TAARICH-LEYDA>19631018</TAARICH-LEYDA>
            <PTIRA>2</PTIRA>
            <TAARICH-PTIRA xmlns:p4="http://www.w3.org/2001/XMLSchema-instance" p4:nil="true" />
            <MATZAV-MISHPACHTI>5</MATZAV-MISHPACHTI>
            <ERETZ>ישראל</ERETZ>
            <SHEM-YISHUV xmlns:p4="http://www.w3.org/2001/XMLSchema-instance" p4:nil="true" />
            <SEMEL-YESHUV>0</SEMEL-YESHUV>
            <SHEM-RECHOV>21 אור החים 21 מודיעין</SHEM-RECHOV>
            <MISPAR-BAIT xmlns:p4="http://www.w3.org/2001/XMLSchema-instance" p4:nil="true" />
            <MISPAR-KNISA xmlns:p4="http://www.w3.org/2001/XMLSchema-instance" p4:nil="true" />
            <MISPAR-DIRA xmlns:p4="http://www.w3.org/2001/XMLSchema-instance" p4:nil="true" />
            <MIKUD xmlns:p4="http://www.w3.org/2001/XMLSchema-instance" p4:nil="true" />
            <TA-DOAR xmlns:p4="http://www.w3.org/2001/XMLSchema-instance" p4:nil="true" />
            <MISPAR-TELEPHONE-KAVI>0542311819</MISPAR-TELEPHONE-KAVI>
            <MISPAR-SHLUCHA xmlns:p4="http://www.w3.org/2001/XMLSchema-instance" p4:nil="true" />
            <MISPAR-CELLULARI>0000000000</MISPAR-CELLULARI>
            <MISPAR-FAX>0000000000</MISPAR-FAX>
            <E-MAIL>RAFI.NEEMAN@GMAIL.COM</E-MAIL>
            <HEAROT xmlns:p4="http://www.w3.org/2001/XMLSchema-instance" p4:nil="true" />
            <MISPAR-YELADIM xmlns:p4="http://www.w3.org/2001/XMLSchema-instance" p4:nil="true" />
          </YeshutLakoach>
        </NetuneiMutzar>
        <HeshbonotOPolisot>
          <HeshbonOPolisa>
            <ASMACHTA-MEKORIT>194</ASMACHTA-MEKORIT>
            <MISPAR-POLISA-O-HESHBON>70880657</MISPAR-POLISA-O-HESHBON>
            <SHEM-TOCHNIT>קופת גמל להשקעה חיסכון טופ</SHEM-TOCHNIT>
            <KIDOD-ACHID>512245812000000000086740000000</KIDOD-ACHID>
            <MPR-MEFITZ-BE-YATZRAN>261167</MPR-MEFITZ-BE-YATZRAN>
            <TAARICH-NECHONUT>20200531</TAARICH-NECHONUT>
            <TAARICH-HITZTARFUT-MUTZAR>20191204</TAARICH-HITZTARFUT-MUTZAR>
            <TAARICH-HITZTARFUT-RISHON>20191202</TAARICH-HITZTARFUT-RISHON>
            <SUG-KEREN-PENSIA xmlns:p4="http://www.w3.org/2001/XMLSchema-instance" p4:nil="true" />
            <PENSIA-VATIKA-O-HADASHA xmlns:p4="http://www.w3.org/2001/XMLSchema-instance" p4:nil="true" />
            <TAARICH-IDKUN-STATUS>20191204</TAARICH-IDKUN-STATUS>
            <STATUS-POLISA-O-CHESHBON>1</STATUS-POLISA-O-CHESHBON>
            <TAARICH-TCHILA-RISK-ZMANI xmlns:p4="http://www.w3.org/2001/XMLSchema-instance" p4:nil="true" />
            <TOM-TOKEF-RISK-ZMANI xmlns:p4="http://www.w3.org/2001/XMLSchema-instance" p4:nil="true" />
            <SUG-POLISA xmlns:p4="http://www.w3.org/2001/XMLSchema-instance" p4:nil="true" />
            <SUG-TOCHNIT-O-CHESHBON>2</SUG-TOCHNIT-O-CHESHBON>
            <MADAD-BASIS xmlns:p4="http://www.w3.org/2001/XMLSchema-instance" p4:nil="true" />
            <AZMADA-LEALVAHA xmlns:p4="http://www.w3.org/2001/XMLSchema-instance" p4:nil="true" />
            <TAARICH-ACHRON-MOTAV-MUVET xmlns:p4="http://www.w3.org/2001/XMLSchema-instance" p4:nil="true" />
            <KOLEL-ZAKAUT-AGACH xmlns:p4="http://www.w3.org/2001/XMLSchema-instance" p4:nil="true" />
            <SHIOR-AGACH-MEUADOT xmlns:p4="http://www.w3.org/2001/XMLSchema-instance" p4:nil="true" />
            <AVTACHT-TESOA xmlns:p4="http://www.w3.org/2001/XMLSchema-instance" p4:nil="true" />
            <TAARICH-CIUM-AVTACHT-TESOA xmlns:p4="http://www.w3.org/2001/XMLSchema-instance" p4:nil="true" />
            <MISPAR-GIMLAOT xmlns:p4="http://www.w3.org/2001/XMLSchema-instance" p4:nil="true" />
            <TIKUN-190>2</TIKUN-190>
            <KAYAM-KISUY-HIZONI>2</KAYAM-KISUY-HIZONI>
            <KISUY-ISHY-KVOZATI xmlns:p4="http://www.w3.org/2001/XMLSchema-instance" p4:nil="true" />
            <KtovetLemishloach>
              <ERETZ>ישראל</ERETZ>
              <SHEM-YISHUV xmlns:p5="http://www.w3.org/2001/XMLSchema-instance" p5:nil="true" />
              <SEMEL-YESHUV>0</SEMEL-YESHUV>
              <SHEM-RECHOV>21 אור החים 21 מודיעין</SHEM-RECHOV>
              <MISPAR-BAIT xmlns:p5="http://www.w3.org/2001/XMLSchema-instance" p5:nil="true" />
              <MISPAR-KNISA xmlns:p5="http://www.w3.org/2001/XMLSchema-instance" p5:nil="true" />
              <MISPAR-DIRA xmlns:p5="http://www.w3.org/2001/XMLSchema-instance" p5:nil="true" />
              <MIKUD>0</MIKUD>
              <TA-DOAR xmlns:p5="http://www.w3.org/2001/XMLSchema-instance" p5:nil="true" />
            </KtovetLemishloach>
            <NetuneiAmitOmevutach>
              <KOD-ZIHUY-LAKOACH>1</KOD-ZIHUY-LAKOACH>
              <MISPAR-ZIHUY>0000000058074600</MISPAR-ZIHUY>
            </NetuneiAmitOmevutach>
            <NetuneiSheerim>
              <Sheer>
                <SUG-ZIKA xmlns:p6="http://www.w3.org/2001/XMLSchema-instance" p6:nil="true" />
                <KOD-ZIHUI-SHEERIM xmlns:p6="http://www.w3.org/2001/XMLSchema-instance" p6:nil="true" />
                <MISPAR-ZIHUY-SHEERIM xmlns:p6="http://www.w3.org/2001/XMLSchema-instance" p6:nil="true" />
                <SHEM-PRATI-SHEERIM xmlns:p6="http://www.w3.org/2001/XMLSchema-instance" p6:nil="true" />
                <SHEM-MISHPACHA-SHEERIM xmlns:p6="http://www.w3.org/2001/XMLSchema-instance" p6:nil="true" />
                <SHEM-MISHPAHA-KODEM xmlns:p6="http://www.w3.org/2001/XMLSchema-instance" p6:nil="true" />
                <TAARICH-LEIDA xmlns:p6="http://www.w3.org/2001/XMLSchema-instance" p6:nil="true" />
              </Sheer>
            </NetuneiSheerim>
            <MaslulBituach>
              <MASLUL-BITUACH-BAKEREN-PENSIA xmlns:p5="http://www.w3.org/2001/XMLSchema-instance" p5:nil="true" />
              <SHEM-MASLUL-HABITUAH xmlns:p5="http://www.w3.org/2001/XMLSchema-instance" p5:nil="true" />
            </MaslulBituach>
            <PerutShiabudIkul>
              <HUTAL-SHIABUD>2</HUTAL-SHIABUD>
              <HUTAL-IKUL>2</HUTAL-IKUL>
            </PerutShiabudIkul>
            <Halvaa>
              <YESH-HALVAA-BAMUTZAR>2</YESH-HALVAA-BAMUTZAR>
              <RAMAT-HALVAA xmlns:p5="http://www.w3.org/2001/XMLSchema-instance" p5:nil="true" />
              <MISDAR-SIDURI-SHEL-HAHALVAA xmlns:p5="http://www.w3.org/2001/XMLSchema-instance" p5:nil="true" />
              <SCHUM-HALVAA xmlns:p5="http://www.w3.org/2001/XMLSchema-instance" p5:nil="true" />
              <TAARICH-KABALAT-HALVAA xmlns:p5="http://www.w3.org/2001/XMLSchema-instance" p5:nil="true" />
              <TAARICH-SIYUM-HALVAA xmlns:p5="http://www.w3.org/2001/XMLSchema-instance" p5:nil="true" />
              <YITRAT-HALVAA xmlns:p5="http://www.w3.org/2001/XMLSchema-instance" p5:nil="true" />
              <TKUFAT-HALVAA xmlns:p5="http://www.w3.org/2001/XMLSchema-instance" p5:nil="true" />
              <RIBIT xmlns:p5="http://www.w3.org/2001/XMLSchema-instance" p5:nil="true" />
              <SUG-RIBIT xmlns:p5="http://www.w3.org/2001/XMLSchema-instance" p5:nil="true" />
              <SUG-HATZNMADA xmlns:p5="http://www.w3.org/2001/XMLSchema-instance" p5:nil="true" />
              <TADIRUT-HECHZER-HALVAA xmlns:p5="http://www.w3.org/2001/XMLSchema-instance" p5:nil="true" />
              <SUG-HECHZER xmlns:p5="http://www.w3.org/2001/XMLSchema-instance" p5:nil="true" />
              <SCHUM-HECHZER-TKUFATI xmlns:p5="http://www.w3.org/2001/XMLSchema-instance" p5:nil="true" />
            </Halvaa>
            <PirteyTvia>
              <YESH-TVIA>2</YESH-TVIA>
              <MISPAR-TVIA-BE-YATZRAN xmlns:p5="http://www.w3.org/2001/XMLSchema-instance" p5:nil="true" />
              <MISPAR-KISUI-BE-YATZRAN xmlns:p5="http://www.w3.org/2001/XMLSchema-instance" p5:nil="true" />
              <SHEM-KISUI-BE-YATZRAN xmlns:p5="http://www.w3.org/2001/XMLSchema-instance" p5:nil="true" />
              <SUG-HATVIAA xmlns:p5="http://www.w3.org/2001/XMLSchema-instance" p5:nil="true" />
              <OFEN-TASHLUM xmlns:p5="http://www.w3.org/2001/XMLSchema-instance" p5:nil="true" />
              <KOD-STATUS-TVIAA xmlns:p5="http://www.w3.org/2001/XMLSchema-instance" p5:nil="true" />
              <TAARICH-STATUS-TVIA xmlns:p5="http://www.w3.org/2001/XMLSchema-instance" p5:nil="true" />
              <TAARICH-TECHILAT-TASHLUM xmlns:p5="http://www.w3.org/2001/XMLSchema-instance" p5:nil="true" />
              <ACHUZ-MEUSHAR-O-K-A-SHICHRUR xmlns:p5="http://www.w3.org/2001/XMLSchema-instance" p5:nil="true" />
              <SCHUM-TVIA-MEUSHAR xmlns:p5="http://www.w3.org/2001/XMLSchema-instance" p5:nil="true" />
              <ACHUZ-NECHUT xmlns:p5="http://www.w3.org/2001/XMLSchema-instance" p5:nil="true" />
            </PirteyTvia>
            <PerutMitryot>
              <KAYAM-KISUY-BITUCHI-COLECTIVI-LEAMITIM>2</KAYAM-KISUY-BITUCHI-COLECTIVI-LEAMITIM>
              <SHEM-MEVATACHAT xmlns:p5="http://www.w3.org/2001/XMLSchema-instance" p5:nil="true" />
              <TAARICH-TCHILAT-HABITUACH xmlns:p5="http://www.w3.org/2001/XMLSchema-instance" p5:nil="true" />
              <TAARICH-TOM-TKUFAT-HABITUAH xmlns:p5="http://www.w3.org/2001/XMLSchema-instance" p5:nil="true" />
              <KOD-SUG-MUTZAR-BITUACH xmlns:p5="http://www.w3.org/2001/XMLSchema-instance" p5:nil="true" />
              <SCHUM-BITUACH xmlns:p5="http://www.w3.org/2001/XMLSchema-instance" p5:nil="true" />
              <ALUT-KISUI xmlns:p5="http://www.w3.org/2001/XMLSchema-instance" p5:nil="true" />
              <MESHALEM-DMEI-HABITUAH xmlns:p5="http://www.w3.org/2001/XMLSchema-instance" p5:nil="true" />
              <TADIRUT-HATSHLUM xmlns:p5="http://www.w3.org/2001/XMLSchema-instance" p5:nil="true" />
              <HAIM-NECHTAM-TOFES-HITZTARFUT xmlns:p5="http://www.w3.org/2001/XMLSchema-instance" p5:nil="true" />
            </PerutMitryot>
            <YitraLefiGilPrisha>
              <GIL-PRISHA>67</GIL-PRISHA>
              <TOTAL-CHISACHON-MITZTABER-TZAFUY>1002655.83</TOTAL-CHISACHON-MITZTABER-TZAFUY>
              <TZVIRAT-CHISACHON-CHAZUYA-LELO-PREMIYOT>101911.90</TZVIRAT-CHISACHON-CHAZUYA-LELO-PREMIYOT>
              <MEKADEM-MOVTACH-LEPRISHA xmlns:p5="http://www.w3.org/2001/XMLSchema-instance" p5:nil="true" />
              <MEKADEM-HAVTACHST-TOCHELET xmlns:p5="http://www.w3.org/2001/XMLSchema-instance" p5:nil="true" />
              <MEKADEM-HAVTACHST-TOCHELETPRISHA xmlns:p5="http://www.w3.org/2001/XMLSchema-instance" p5:nil="true" />
              <SHEM-MASLOL xmlns:p5="http://www.w3.org/2001/XMLSchema-instance" p5:nil="true" />
              <MEKADEM-HAVTACHAT-TSUA xmlns:p5="http://www.w3.org/2001/XMLSchema-instance" p5:nil="true" />
              <MEKADEM-HAVTACHAT-TSUATKUFA xmlns:p5="http://www.w3.org/2001/XMLSchema-instance" p5:nil="true" />
              <TKUFAT-HAGBALA-BESHANIM xmlns:p5="http://www.w3.org/2001/XMLSchema-instance" p5:nil="true" />
              <TOCHELET-MASHPIA-KITZBA xmlns:p5="http://www.w3.org/2001/XMLSchema-instance" p5:nil="true" />
              <TSUA-MASHPIA-KITZBA xmlns:p5="http://www.w3.org/2001/XMLSchema-instance" p5:nil="true" />
              <SHEUR-PNS-ZIKNA-TZFUYA>0.00</SHEUR-PNS-ZIKNA-TZFUYA>
              <Kupot>
                <Kupa>
                  <SUG-KUPA>2</SUG-KUPA>
                  <SCHUM-KITZVAT-ZIKNA xmlns:p7="http://www.w3.org/2001/XMLSchema-instance" p7:nil="true" />
                  <KITZVAT-HODSHIT-TZFUYA xmlns:p7="http://www.w3.org/2001/XMLSchema-instance" p7:nil="true" />
                  <ACHUZ-TSUA-BATACHAZIT>4.00</ACHUZ-TSUA-BATACHAZIT>
                  <TOTAL-ITRA-TZFUYA-MECHUSHAV-LEHON-IM-PREMIOT>0.00</TOTAL-ITRA-TZFUYA-MECHUSHAV-LEHON-IM-PREMIOT>
                  <TZVIRAT-CHISACHON-TZFUYA-LEHON-LELO-PREMIYOT>0.00</TZVIRAT-CHISACHON-TZFUYA-LEHON-LELO-PREMIYOT>
                  <TOTAL-SCHUM-MTZBR-TZAFUY-LEGIL-PRISHA-MECHUSHAV-LEKITZBA-IM-PREMIYOT>1002655.83</TOTAL-SCHUM-MTZBR-TZAFUY-LEGIL-PRISHA-MECHUSHAV-LEKITZBA-IM-PREMIYOT>
                  <TOTAL-SCHUM-MITZVTABER-TZFUY-LEGIL-PRISHA-MECHUSHAV-HAMEYOAD-LEKITZBA-LELO-PREMIYOT>101911.90</TOTAL-SCHUM-MITZVTABER-TZFUY-LEGIL-PRISHA-MECHUSHAV-HAMEYOAD-LEKITZBA-LELO-PREMIYOT>
                </Kupa>
              </Kupot>
            </YitraLefiGilPrisha>
            <Tsua>
              <SHEUR-TSUA-NETO>-4.31</SHEUR-TSUA-NETO>
              <SHEUR-TSUA-BRUTO-CHS-1 xmlns:p5="http://www.w3.org/2001/XMLSchema-instance" p5:nil="true" />
              <SHEUR-TSUA-MOVTACHAT-MEYOADOT xmlns:p5="http://www.w3.org/2001/XMLSchema-instance" p5:nil="true" />
              <REVACH-HEFSED-BENIKOI-HOZAHOT>2909.28</REVACH-HEFSED-BENIKOI-HOZAHOT>
              <SIMAN-REVACH-HEFSED>2</SIMAN-REVACH-HEFSED>
              <ACHUZ-TSUA-BRUTO-CHS-2 xmlns:p5="http://www.w3.org/2001/XMLSchema-instance" p5:nil="true" />
            </Tsua>
            <PirteiTaktziv>
              <PirteiOved>
                <SUG-TOCHNIT-O-CHESHBON>2</SUG-TOCHNIT-O-CHESHBON>
                <MPR-MAASIK-BE-YATZRAN>58074600</MPR-MAASIK-BE-YATZRAN>
                <STATUS-MAASIK xmlns:p6="http://www.w3.org/2001/XMLSchema-instance" p6:nil="true" />
                <SUG-BAAL-HAPOLISA-SHE-EINO-HAMEVUTACH xmlns:p6="http://www.w3.org/2001/XMLSchema-instance" p6:nil="true" />
                <MISPAR-BAAL-POLISA-SHEEINO-MEVUTAH xmlns:p6="http://www.w3.org/2001/XMLSchema-instance" p6:nil="true" />
                <SHEM-BAAL-POLISA-SHEEINO-MEVUTAH xmlns:p6="http://www.w3.org/2001/XMLSchema-instance" p6:nil="true" />
              </PirteiOved>
              <PirteiHaasaka>
                <KOD-CHISHUV-SACHAR-POLISA-O-HESHBON xmlns:p6="http://www.w3.org/2001/XMLSchema-instance" p6:nil="true" />
                <SACHAR-POLISA xmlns:p6="http://www.w3.org/2001/XMLSchema-instance" p6:nil="true" />
                <KOD-OFEN-HATZMADA>1</KOD-OFEN-HATZMADA>
                <TAARICH-MASKORET xmlns:p6="http://www.w3.org/2001/XMLSchema-instance" p6:nil="true" />
                <ZAKAUT-LELO-TNAI>3</ZAKAUT-LELO-TNAI>
                <SEIF-14>3</SEIF-14>
                <TAARICH-TCHILAT-TASHLUM xmlns:p6="http://www.w3.org/2001/XMLSchema-instance" p6:nil="true" />
              </PirteiHaasaka>
              <PerutHafrashotLePolisa>
                <SUG-HAMAFKID>1</SUG-HAMAFKID>
                <SUG-HAFRASHA>2</SUG-HAFRASHA>
                <ACHUZ-HAFRASHA>0.00</ACHUZ-HAFRASHA>
                <SCHUM-HAFRASHA xmlns:p6="http://www.w3.org/2001/XMLSchema-instance" p6:nil="true" />
                <TAARICH-MADAD>19000101</TAARICH-MADAD>
              </PerutHafrashotLePolisa>
              <PerutMasluleiHashkaa>
                <KOD-SUG-MASLUL>1</KOD-SUG-MASLUL>
                <KOD-SUG-HAFRASHA>2</KOD-SUG-HAFRASHA>
                <ACHUZ-HAFKADA-LEHASHKAA>0.00</ACHUZ-HAFKADA-LEHASHKAA>
                <SCHUM-TZVIRA-BAMASLUL>67510.82</SCHUM-TZVIRA-BAMASLUL>
                <SHEM-MASLUL-HASHKAA>קופת גמל להשקעה חיסכון טופ</SHEM-MASLUL-HASHKAA>
                <SHEUR-DMEI-NIHUL-HAFKADA xmlns:p6="http://www.w3.org/2001/XMLSchema-instance" p6:nil="true" />
                <SHEUR-DMEI-NIHUL-HISACHON>0.50</SHEUR-DMEI-NIHUL-HISACHON>
                <SHEUR-DMEI-NIHUL-HAFKADA-MIVNE xmlns:p6="http://www.w3.org/2001/XMLSchema-instance" p6:nil="true" />
                <SHEUR-DMEI-NIHUL-HISACHON-MIVNE xmlns:p6="http://www.w3.org/2001/XMLSchema-instance" p6:nil="true" />
                <DMEI-NIHUL-ACHERIM xmlns:p6="http://www.w3.org/2001/XMLSchema-instance" p6:nil="true" />
                <TSUA-NETO>-4.31</TSUA-NETO>
                <KOD-MASLUL-HASHKAA>512245812000000000086740008716</KOD-MASLUL-HASHKAA>
              </PerutMasluleiHashkaa>
              <NetuneiGvia>
                <SHEM-MESHALEM>רפאל נאמן</SHEM-MESHALEM>
                <SUG-TEUDA-MESHALEM>3</SUG-TEUDA-MESHALEM>
                <MISPAR-ZIHUY-MESHALEM>58074600</MISPAR-ZIHUY-MESHALEM>
                <KOD-EMTZAEI-TASHLUM>5</KOD-EMTZAEI-TASHLUM>
                <TADIRUT-TASHLUM>4</TADIRUT-TASHLUM>
                <CHODESH-YECHUS>12</CHODESH-YECHUS>
                <YOM-GVIYA-BECHODESH>15</YOM-GVIYA-BECHODESH>
                <OFEN-HATZMADAT-GVIA>6</OFEN-HATZMADAT-GVIA>
                <ACHUZ-TAT-SHNATIYOT xmlns:p6="http://www.w3.org/2001/XMLSchema-instance" p6:nil="true" />
              </NetuneiGvia>
              <PirteiHafkadaAchrona>
                <PerutPirteiHafkadaAchrona>
                  <TAARICH-HAFKADA-ACHARON>201912</TAARICH-HAFKADA-ACHARON>
                  <TOTAL-HAFKADA>70000.00</TOTAL-HAFKADA>
                  <HAFKADA-LEHISCHON-A xmlns:p7="http://www.w3.org/2001/XMLSchema-instance" p7:nil="true" />
                  <HAFKADA-LEHISCHON-B xmlns:p7="http://www.w3.org/2001/XMLSchema-instance" p7:nil="true" />
                  <TAARICH-ERECH-HAFKADA>20191202</TAARICH-ERECH-HAFKADA>
                  <SUG-HAFKADA>1</SUG-HAFKADA>
                  <TOTAL-HAFKADA-ACHRONA>70000.00</TOTAL-HAFKADA-ACHRONA>
                  <PerutHafkadaAchrona>
                    <KOD-SUG-HAFKADA>1</KOD-SUG-HAFKADA>
                    <SUG-HAFRASHA>2</SUG-HAFRASHA>
                    <SUG-MAFKID>1</SUG-MAFKID>
                    <SACHAR-BERAMAT-HAFKADA>0.00</SACHAR-BERAMAT-HAFKADA>
                    <SCHUM-HAFKADA-SHESHULAM>70000.00</SCHUM-HAFKADA-SHESHULAM>
                    <CHODESH-SACHAR>201912</CHODESH-SACHAR>
                  </PerutHafkadaAchrona>
                </PerutPirteiHafkadaAchrona>
              </PirteiHafkadaAchrona>
              <PerutHafkadotMetchilatShana>
                <TAARICH-ERECH-HAFKADA>20191202</TAARICH-ERECH-HAFKADA>
                <KOD-SUG-HAFKADA>1</KOD-SUG-HAFKADA>
                <SUG-HAFRASHA>2</SUG-HAFRASHA>
                <SUG-MAFKID>1</SUG-MAFKID>
                <SCHUM-HAFKADA-SHESHULAM>70000.00</SCHUM-HAFKADA-SHESHULAM>
                <SACHAR-BERAMAT-HAFKADA>0.00</SACHAR-BERAMAT-HAFKADA>
                <CHODESH-SACHAR xmlns:p6="http://www.w3.org/2001/XMLSchema-instance" p6:nil="true" />
                <ZMAN-PERAON>201912</ZMAN-PERAON>
              </PerutHafkadotMetchilatShana>
              <HafkadotShnatiyot>
                <TOTAL-HAFKADOT-OVED-TAGMULIM-SHANA-NOCHECHIT xmlns:p6="http://www.w3.org/2001/XMLSchema-instance" p6:nil="true" />
                <TOTAL-HAFKADOT-MAAVID-TAGMULIM-SHANA-NOCHECHIT xmlns:p6="http://www.w3.org/2001/XMLSchema-instance" p6:nil="true" />
                <TOTAL-HAFKADOT-PITZUIM-SHANA-NOCHECHIT xmlns:p6="http://www.w3.org/2001/XMLSchema-instance" p6:nil="true" />
              </HafkadotShnatiyot>
              <ChovotPigurim>
                <ChovPigur>
                  <KAYAM-CHOV-O-PIGUR>2</KAYAM-CHOV-O-PIGUR>
                  <TAARICH-TECHILAT-PIGUR xmlns:p7="http://www.w3.org/2001/XMLSchema-instance" p7:nil="true" />
                  <TAARICH-TECHILAT-PIGUR-NOCHECHI xmlns:p7="http://www.w3.org/2001/XMLSchema-instance" p7:nil="true" />
                  <MISPAR-CHODSHEI-PIGUR xmlns:p7="http://www.w3.org/2001/XMLSchema-instance" p7:nil="true" />
                  <SUG-HOV xmlns:p7="http://www.w3.org/2001/XMLSchema-instance" p7:nil="true" />
                  <TOTAL-CHOVOT-O-PIGURIM xmlns:p7="http://www.w3.org/2001/XMLSchema-instance" p7:nil="true" />
                  <KSAFIM-LO-MESHUYACHIM-MAASIK xmlns:p7="http://www.w3.org/2001/XMLSchema-instance" p7:nil="true" />
                </ChovPigur>
              </ChovotPigurim>
              <PerutHotzaot>
                <HotzaotBafoalLehodeshDivoach>
                  <SHEUR-DMEI-NIHUL-HAFKADA>0.00</SHEUR-DMEI-NIHUL-HAFKADA>
                  <TOTAL-DMEI-NIHUL-HAFKADA>0.00</TOTAL-DMEI-NIHUL-HAFKADA>
                  <SHEUR-DMEI-NIHUL-TZVIRA>0.0417</SHEUR-DMEI-NIHUL-TZVIRA>
                  <TOTAL-DMEI-NIHUL-TZVIRA>-28.07</TOTAL-DMEI-NIHUL-TZVIRA>
                  <SACH-DMEI-NIHUL-ACHERIM>0.00</SACH-DMEI-NIHUL-ACHERIM>
                  <HOTZOT-NIHUL-ASHKAOT xmlns:p7="http://www.w3.org/2001/XMLSchema-instance" p7:nil="true" />
                  <TOTAL-DMEI-NIHUL-POLISA-O-HESHBON>-140.48</TOTAL-DMEI-NIHUL-POLISA-O-HESHBON>
                  <DEMI-AAVARAT-MASLOL xmlns:p7="http://www.w3.org/2001/XMLSchema-instance" p7:nil="true" />
                  <DMEI-NIUL-MENAEL-TIKIM xmlns:p7="http://www.w3.org/2001/XMLSchema-instance" p7:nil="true" />
                  <OFEN-GEVIAT-DMEI-BITUACH xmlns:p7="http://www.w3.org/2001/XMLSchema-instance" p7:nil="true" />
                  <SACH-DMEI-BITUAH-SHENIGBOO>0.00</SACH-DMEI-BITUAH-SHENIGBOO>
                </HotzaotBafoalLehodeshDivoach>
                <MivneDmeiNihul>
                  <PerutMivneDmeiNihul>
                    <GOVA-DMEI-NIHUL-NIKBA-AL-PI-HOTZAOT-BAPOAL>2</GOVA-DMEI-NIHUL-NIKBA-AL-PI-HOTZAOT-BAPOAL>
                    <SUG-HOTZAA>1</SUG-HOTZAA>
                    <KOD-MASLUL-DMEI-NIHUL>000000000000000000000000000000</KOD-MASLUL-DMEI-NIHUL>
                    <MEAFYENEI-MASLUL-DMEI-NIHUL>0</MEAFYENEI-MASLUL-DMEI-NIHUL>
                    <SHEUR-DMEI-NIHUL>0.5000</SHEUR-DMEI-NIHUL>
                    <TAARICH-IDKUN-SHEUR-DNHL>20191201</TAARICH-IDKUN-SHEUR-DNHL>
                    <DMEI-NIHUL-ACHIDIM>1</DMEI-NIHUL-ACHIDIM>
                    <KOD-MASLUL-HASHKAA-BAAL-DMEI-NIHUL-YECHUDIIM xmlns:p8="http://www.w3.org/2001/XMLSchema-instance" p8:nil="true" />
                    <OFEN-HAFRASHA>0</OFEN-HAFRASHA>
                    <SCHUM-MAX-DNHL-HAFKADA xmlns:p8="http://www.w3.org/2001/XMLSchema-instance" p8:nil="true" />
                    <SACH-DMEI-NIHUL-MASLUL xmlns:p8="http://www.w3.org/2001/XMLSchema-instance" p8:nil="true" />
                    <DMEI-NIHUL-ACHERIM>0.00</DMEI-NIHUL-ACHERIM>
                    <KENAS-MESHICHAT-KESAFIM xmlns:p8="http://www.w3.org/2001/XMLSchema-instance" p8:nil="true" />
                    <KAYEMET-HATAVA>1</KAYEMET-HATAVA>
                    <SUG-HATAVA>6</SUG-HATAVA>
                    <ACHOZ-HATAVA>52.4</ACHOZ-HATAVA>
                    <TAARICH-SIUM-HATAVA>20630630</TAARICH-SIUM-HATAVA>
                  </PerutMivneDmeiNihul>
                  <PerutMivneDmeiNihul>
                    <GOVA-DMEI-NIHUL-NIKBA-AL-PI-HOTZAOT-BAPOAL>2</GOVA-DMEI-NIHUL-NIKBA-AL-PI-HOTZAOT-BAPOAL>
                    <SUG-HOTZAA>2</SUG-HOTZAA>
                    <KOD-MASLUL-DMEI-NIHUL>000000000000000000000000000000</KOD-MASLUL-DMEI-NIHUL>
                    <MEAFYENEI-MASLUL-DMEI-NIHUL>0</MEAFYENEI-MASLUL-DMEI-NIHUL>
                    <SHEUR-DMEI-NIHUL>0.0000</SHEUR-DMEI-NIHUL>
                    <TAARICH-IDKUN-SHEUR-DNHL>20191201</TAARICH-IDKUN-SHEUR-DNHL>
                    <DMEI-NIHUL-ACHIDIM>1</DMEI-NIHUL-ACHIDIM>
                    <KOD-MASLUL-HASHKAA-BAAL-DMEI-NIHUL-YECHUDIIM xmlns:p8="http://www.w3.org/2001/XMLSchema-instance" p8:nil="true" />
                    <OFEN-HAFRASHA>0</OFEN-HAFRASHA>
                    <SCHUM-MAX-DNHL-HAFKADA xmlns:p8="http://www.w3.org/2001/XMLSchema-instance" p8:nil="true" />
                    <SACH-DMEI-NIHUL-MASLUL xmlns:p8="http://www.w3.org/2001/XMLSchema-instance" p8:nil="true" />
                    <DMEI-NIHUL-ACHERIM>0.00</DMEI-NIHUL-ACHERIM>
                    <KENAS-MESHICHAT-KESAFIM xmlns:p8="http://www.w3.org/2001/XMLSchema-instance" p8:nil="true" />
                    <KAYEMET-HATAVA>2</KAYEMET-HATAVA>
                    <SUG-HATAVA xmlns:p8="http://www.w3.org/2001/XMLSchema-instance" p8:nil="true" />
                    <ACHOZ-HATAVA xmlns:p8="http://www.w3.org/2001/XMLSchema-instance" p8:nil="true" />
                    <TAARICH-SIUM-HATAVA xmlns:p8="http://www.w3.org/2001/XMLSchema-instance" p8:nil="true" />
                  </PerutMivneDmeiNihul>
                </MivneDmeiNihul>
              </PerutHotzaot>
              <PerutYitrotLesofShanaKodemet>
                <YITRAT-SOF-SHANA>70701.06</YITRAT-SOF-SHANA>
                <ERECH-PIDYON-SOF-SHANA xmlns:p6="http://www.w3.org/2001/XMLSchema-instance" p6:nil="true" />
                <ERECH-MESOLAK-SOF-SHANA xmlns:p6="http://www.w3.org/2001/XMLSchema-instance" p6:nil="true" />
                <YISKON-YITRAT-KESAFIM xmlns:p6="http://www.w3.org/2001/XMLSchema-instance" p6:nil="true" />
              </PerutYitrotLesofShanaKodemet>
              <BlockItrot>
                <Yitrot>
                  <TAARICH-ERECH-TZVIROT>20200531</TAARICH-ERECH-TZVIROT>
                  <PerutYitrot>
                    <KOD-SUG-ITRA>1</KOD-SUG-ITRA>
                    <KOD-SUG-HAFRASHA>2</KOD-SUG-HAFRASHA>
                    <TOTAL-CHISACHON-MTZBR>67510.82</TOTAL-CHISACHON-MTZBR>
                    <TOTAL-ERKEI-PIDION>67510.82</TOTAL-ERKEI-PIDION>
                  </PerutYitrot>
                  <PerutYitraLeTkufa>
                    <KOD-TECHULAT-SHICHVA>7</KOD-TECHULAT-SHICHVA>
                    <REKIV-ITRA-LETKUFA>2</REKIV-ITRA-LETKUFA>
                    <SUG-ITRA-LETKUFA>1</SUG-ITRA-LETKUFA>
                    <SACH-ITRA-LESHICHVA-BESHACH>67510.82</SACH-ITRA-LESHICHVA-BESHACH>
                  </PerutYitraLeTkufa>
                  <NesilutTag>
                    <MOED-NEZILUT-TAGMULIM>19000101</MOED-NEZILUT-TAGMULIM>
                    <YITRAT-KASPEY-TAGMULIM>0.00</YITRAT-KASPEY-TAGMULIM>
                  </NesilutTag>
                  <YitrotShonot>
                    <TZVIRAT-PITZUIM-PTURIM-MAAVIDIM-KODMIM xmlns:p8="http://www.w3.org/2001/XMLSchema-instance" p8:nil="true" />
                    <ERECH-PIDION-PITZUIM-LEKITZBA-MAAVIDIM-KODMIM xmlns:p8="http://www.w3.org/2001/XMLSchema-instance" p8:nil="true" />
                    <TZVIRAT-PITZUIM-MAAVIDIM-KODMIM-BERETZEF-KITZBA>0.00</TZVIRAT-PITZUIM-MAAVIDIM-KODMIM-BERETZEF-KITZBA>
                    <TZVIRAT-PITZUIM-MAAVIDIM-KODMIM-BERETZEF-ZECHUYOT>0.00</TZVIRAT-PITZUIM-MAAVIDIM-KODMIM-BERETZEF-ZECHUYOT>
                    <TZVIRAT-PITZUIM-31-12-1999-LEKITZBA xmlns:p8="http://www.w3.org/2001/XMLSchema-instance" p8:nil="true" />
                    <ERECH-PIDION-PITZUIM-MAASIK-NOCHECHI>0</ERECH-PIDION-PITZUIM-MAASIK-NOCHECHI>
                    <ERECH-PIDION-MARKIV-PITZUIM-LEMAS-NOCHECHI>0</ERECH-PIDION-MARKIV-PITZUIM-LEMAS-NOCHECHI>
                    <ERECH-PIDION-PITZUIM-MAAVIDIM-KODMIM-RETZEF-ZEHUYUT>0.00</ERECH-PIDION-PITZUIM-MAAVIDIM-KODMIM-RETZEF-ZEHUYUT>
                    <ERECH-PIDION-PITZUIM-LEHON-MAAVIDIM-KODMIM xmlns:p8="http://www.w3.org/2001/XMLSchema-instance" p8:nil="true" />
                    <KAYAM-RETZEF-PITZUIM-KITZBA>3</KAYAM-RETZEF-PITZUIM-KITZBA>
                    <KAYAM-RETZEF-ZECHUYOT-PITZUIM>3</KAYAM-RETZEF-ZECHUYOT-PITZUIM>
                  </YitrotShonot>
                </Yitrot>
              </BlockItrot>
            </PirteiTaktziv>
            <PerutMeyupeKoach>
              <KAYAM-MEYUPE-KOACH>2</KAYAM-MEYUPE-KOACH>
              <SUG-ZIHUY xmlns:p5="http://www.w3.org/2001/XMLSchema-instance" p5:nil="true" />
              <MISPAR-ZIHUY xmlns:p5="http://www.w3.org/2001/XMLSchema-instance" p5:nil="true" />
              <TAARICH-MINUY-SOCHEN xmlns:p5="http://www.w3.org/2001/XMLSchema-instance" p5:nil="true" />
              <SHEM-MEYUPE-KOACH xmlns:p5="http://www.w3.org/2001/XMLSchema-instance" p5:nil="true" />
            </PerutMeyupeKoach>
            <Kisuim>
              <ZihuiKisui>
                <MISPAR-KISUI-BE-YATZRAN>512245812000000000086740000000</MISPAR-KISUI-BE-YATZRAN>
                <SHEM-KISUI-YATZRAN>חסכון טופ מסלול הלכה</SHEM-KISUI-YATZRAN>
                <SUG-KISUI-ETZEL-YATZRAN>1</SUG-KISUI-ETZEL-YATZRAN>
                <MISPAR-POLISA-O-HESHBON-NEGDI xmlns:p6="http://www.w3.org/2001/XMLSchema-instance" p6:nil="true" />
                <PirteiMevutach>
                  <SUG-TEUDA>1</SUG-TEUDA>
                  <MISPAR-ZIHUY-LAKOACH>0000000058074600</MISPAR-ZIHUY-LAKOACH>
                </PirteiMevutach>
                <PirteiTosafot>
                  <TOSEFET-TAARIF>2</TOSEFET-TAARIF>
                  <KOD-SUG-TOSEFET xmlns:p7="http://www.w3.org/2001/XMLSchema-instance" p7:nil="true" />
                  <SHEUR-TOSEFET xmlns:p7="http://www.w3.org/2001/XMLSchema-instance" p7:nil="true" />
                  <PROMIL-TOSEFET xmlns:p7="http://www.w3.org/2001/XMLSchema-instance" p7:nil="true" />
                  <TAARICH-TOM-TOSEFET xmlns:p7="http://www.w3.org/2001/XMLSchema-instance" p7:nil="true" />
                </PirteiTosafot>
                <Mutav>
                  <SUG-ZIHUY-MUTAV xmlns:p7="http://www.w3.org/2001/XMLSchema-instance" p7:nil="true" />
                  <KOD-ZIHUY-MUTAV xmlns:p7="http://www.w3.org/2001/XMLSchema-instance" p7:nil="true" />
                  <MISPAR-ZIHUY-MUTAV xmlns:p7="http://www.w3.org/2001/XMLSchema-instance" p7:nil="true" />
                  <SHEM-PRATI-MUTAV xmlns:p7="http://www.w3.org/2001/XMLSchema-instance" p7:nil="true" />
                  <SHEM-MISHPACHA-MUTAV xmlns:p7="http://www.w3.org/2001/XMLSchema-instance" p7:nil="true" />
                  <SUG-ZIKA xmlns:p7="http://www.w3.org/2001/XMLSchema-instance" p7:nil="true" />
                  <ACHUZ-MUTAV xmlns:p7="http://www.w3.org/2001/XMLSchema-instance" p7:nil="true" />
                  <HAGDARAT-MUTAV xmlns:p7="http://www.w3.org/2001/XMLSchema-instance" p7:nil="true" />
                  <MAHUT-MUTAV xmlns:p7="http://www.w3.org/2001/XMLSchema-instance" p7:nil="true" />
                </Mutav>
                <KisuiBKerenPensia>
                  <ALUT-KISUI-NECHUT>0.00</ALUT-KISUI-NECHUT>
                  <ALUT-KISUI-PNS-SHRM-NECHE>0.00</ALUT-KISUI-PNS-SHRM-NECHE>
                  <SHEUR-KISUY-NECHUT xmlns:p7="http://www.w3.org/2001/XMLSchema-instance" p7:nil="true" />
                  <SACHAR-KOVEA-LE-NECHUT-VE-SHEERIM xmlns:p7="http://www.w3.org/2001/XMLSchema-instance" p7:nil="true" />
                  <TAARICH-MASKORET-NECHUT-VE-SHEERIM xmlns:p7="http://www.w3.org/2001/XMLSchema-instance" p7:nil="true" />
                  <SUG-VITOR-SHAERIM>0</SUG-VITOR-SHAERIM>
                  <SACH-PENSIAT-NECHUT xmlns:p7="http://www.w3.org/2001/XMLSchema-instance" p7:nil="true" />
                  <NECHUT-MITPATAHAT>2</NECHUT-MITPATAHAT>
                  <VITUR-KISUY-BITUCHI>2</VITUR-KISUY-BITUCHI>
                  <ALUT-KISUY-SHEERIM>0.00</ALUT-KISUY-SHEERIM>
                  <SHIUR-KISUY-YATOM xmlns:p7="http://www.w3.org/2001/XMLSchema-instance" p7:nil="true" />
                  <KITZBAT-SHEERIM-LEALMAN-O-ALMANA>0.00</KITZBAT-SHEERIM-LEALMAN-O-ALMANA>
                  <KITZBAT-SHEERIM-LEYATOM>0.00</KITZBAT-SHEERIM-LEYATOM>
                  <KITZBAT-SHEERIM-LEHORE-NITMACH>0.00</KITZBAT-SHEERIM-LEHORE-NITMACH>
                  <TAARICH-VITOR-SHEERIM xmlns:p7="http://www.w3.org/2001/XMLSchema-instance" p7:nil="true" />
                  <TAARICH-CIUM-VITOR-SEERIM xmlns:p7="http://www.w3.org/2001/XMLSchema-instance" p7:nil="true" />
                  <SHIUR-KISUY-ALMAN-O-ALMANA xmlns:p7="http://www.w3.org/2001/XMLSchema-instance" p7:nil="true" />
                  <SHIUR-KISUY-HORE-NITMACH xmlns:p7="http://www.w3.org/2001/XMLSchema-instance" p7:nil="true" />
                  <GIL-PRISHA-LEPENSIYAT-ZIKNA xmlns:p7="http://www.w3.org/2001/XMLSchema-instance" p7:nil="true" />
                  <SACH-PENSIYAT-ALMAN-O-ALMANA>0.00</SACH-PENSIYAT-ALMAN-O-ALMANA>
                  <MISPAR-HODSHEI-HAVERUT-BEKEREN-HAPENSIYA xmlns:p7="http://www.w3.org/2001/XMLSchema-instance" p7:nil="true" />
                  <MISPAR-HODSHEI-HAVERUT-MITZ-BEKEREN-HAPENSIYA xmlns:p7="http://www.w3.org/2001/XMLSchema-instance" p7:nil="true" />
                  <MENAT-PENSIA-TZVURA xmlns:p7="http://www.w3.org/2001/XMLSchema-instance" p7:nil="true" />
                  <AHUZ-PENSIYA-TZVURA xmlns:p7="http://www.w3.org/2001/XMLSchema-instance" p7:nil="true" />
                  <TAARICH-TCHILAT-HAVERUT>19000101</TAARICH-TCHILAT-HAVERUT>
                  <TAARICH-ERECH-LANENTUNIM xmlns:p7="http://www.w3.org/2001/XMLSchema-instance" p7:nil="true" />
                  <HATAVA-BITUCHIT xmlns:p7="http://www.w3.org/2001/XMLSchema-instance" p7:nil="true" />
                </KisuiBKerenPensia>
                <Miktsoa-Isuk-Tachviv>
                  <TACHVIVIM-O-ISUKIM xmlns:p7="http://www.w3.org/2001/XMLSchema-instance" p7:nil="true" />
                  <KOD-MIKTZOA xmlns:p7="http://www.w3.org/2001/XMLSchema-instance" p7:nil="true" />
                  <TCHUM-ISUK-CHADASH xmlns:p7="http://www.w3.org/2001/XMLSchema-instance" p7:nil="true" />
                </Miktsoa-Isuk-Tachviv>
              </ZihuiKisui>
            </Kisuim>
          </HeshbonOPolisa>
        </HeshbonotOPolisot>
      </Mutzar>
    </Mutzarim>
  </YeshutYatzran>
  <ReshumatSgira>
    <KAMUT-YATZRANIM>000000001</KAMUT-YATZRANIM>
    <KAMUT-METAFELIM>000000001</KAMUT-METAFELIM>
    <KAMUT-MUTZARIM>000000001</KAMUT-MUTZARIM>
    <KAMUT-YESHUYOT-MAASIK>000000001</KAMUT-YESHUYOT-MAASIK>
    <KAMUT-YESHUYOT-MEFITZ>000000001</KAMUT-YESHUYOT-MEFITZ>
    <MISPAR-YESHUYUT-LAKOACH-BAKOVETZ>000000001</MISPAR-YESHUYUT-LAKOACH-BAKOVETZ>
    <KAMUT-POLISOT>000000001</KAMUT-POLISOT>
  </ReshumatSgira>
</Mimshak>