<Mimshak>
  <KoteretKovetz>
    <SUG-MIMSHAK>1</SUG-MIMSHAK>
    <MISPAR-GIRSAT-XML>007</MISPAR-GIRSAT-XML>
    <TAARICH-BITZUA>20200622122933</TAARICH-BITZUA>
    <KOD-SVIVAT-AVODA>2</KOD-SVIVAT-AVODA>
    <KIVUN-MIMSHAK-XML>4</KIVUN-MIMSHAK-XML>
    <KOD-SHOLEACH>520024647</KOD-SHOLEACH>
    <SHEM-SHOLEACH>כלל חברה לביטוח בע"מ</SHEM-SHOLEACH>
    <KOD-MEZAHE-METAFEL>520024647</KOD-MEZAHE-METAFEL>
    <SHEM-METAFEL>כלל חברה לביטוח בע"מ</SHEM-METAFEL>
    <MEZAHE-HAAVARA>004000520024647CONSLTING007202006221234522317.DAT</MEZAHE-HAAVARA>
    <MISPAR-HAKOVETZ>20200622123452520024647</MISPAR-HAKOVETZ>
  </KoteretKovetz>
  <YeshutYatzran>
    <KOD-MEZAHE-YATZRAN>520024647</KOD-MEZAHE-YATZRAN>
    <SHEM-YATZRAN>כלל חברה לביטוח בע"מ</SHEM-YATZRAN>
    <MEZAHE-LAKOACH-MISLAKA xmlns:p2="http://www.w3.org/2001/XMLSchema-instance" p2:nil="true" />
    <IshKesherYeshutYatzran>
      <SHEM-PRATI>יובל</SHEM-PRATI>
      <SHEM-MISHPACHA>שטינמץ ? ולטר</SHEM-MISHPACHA>
      <ERETZ xmlns:p3="http://www.w3.org/2001/XMLSchema-instance" p3:nil="true" />
      <SHEM-YISHUV xmlns:p3="http://www.w3.org/2001/XMLSchema-instance" p3:nil="true" />
      <SEMEL-YESHUV xmlns:p3="http://www.w3.org/2001/XMLSchema-instance" p3:nil="true" />
      <SHEM-RECHOV xmlns:p3="http://www.w3.org/2001/XMLSchema-instance" p3:nil="true" />
      <MISPAR-BAIT xmlns:p3="http://www.w3.org/2001/XMLSchema-instance" p3:nil="true" />
      <MISPAR-KNISA xmlns:p3="http://www.w3.org/2001/XMLSchema-instance" p3:nil="true" />
      <MISPAR-DIRA xmlns:p3="http://www.w3.org/2001/XMLSchema-instance" p3:nil="true" />
      <MIKUD xmlns:p3="http://www.w3.org/2001/XMLSchema-instance" p3:nil="true" />
      <TA-DOAR xmlns:p3="http://www.w3.org/2001/XMLSchema-instance" p3:nil="true" />
      <MISPAR-TELEPHONE-KAVI>0776384331</MISPAR-TELEPHONE-KAVI>
      <MISPAR-SHLUCHA xmlns:p3="http://www.w3.org/2001/XMLSchema-instance" p3:nil="true" />
      <MISPAR-CELLULARI xmlns:p3="http://www.w3.org/2001/XMLSchema-instance" p3:nil="true" />
      <MISPAR-FAX xmlns:p3="http://www.w3.org/2001/XMLSchema-instance" p3:nil="true" />
      <E-MAIL>yuvals@clal-ins.co.il</E-MAIL>
      <HEAROT xmlns:p3="http://www.w3.org/2001/XMLSchema-instance" p3:nil="true" />
    </IshKesherYeshutYatzran>
    <YeshutMetafel>
      <KOD-MEZAHE-METAFEL>520024647</KOD-MEZAHE-METAFEL>
      <SHEM-METAFEL>כלל חברה לביטוח בע"מ</SHEM-METAFEL>
      <IshKesherYeshutMetafel>
        <SHEM-PRATI>יובל</SHEM-PRATI>
        <SHEM-MISHPACHA>שטינמץ ? ולטר</SHEM-MISHPACHA>
        <ERETZ xmlns:p3="http://www.w3.org/2001/XMLSchema-instance" p3:nil="true" />
        <SHEM-YISHUV xmlns:p3="http://www.w3.org/2001/XMLSchema-instance" p3:nil="true" />
        <SEMEL-YESHUV xmlns:p3="http://www.w3.org/2001/XMLSchema-instance" p3:nil="true" />
        <SHEM-RECHOV xmlns:p3="http://www.w3.org/2001/XMLSchema-instance" p3:nil="true" />
        <MISPAR-BAIT xmlns:p3="http://www.w3.org/2001/XMLSchema-instance" p3:nil="true" />
        <MISPAR-KNISA xmlns:p3="http://www.w3.org/2001/XMLSchema-instance" p3:nil="true" />
        <MISPAR-DIRA xmlns:p3="http://www.w3.org/2001/XMLSchema-instance" p3:nil="true" />
        <MIKUD xmlns:p3="http://www.w3.org/2001/XMLSchema-instance" p3:nil="true" />
        <TA-DOAR xmlns:p3="http://www.w3.org/2001/XMLSchema-instance" p3:nil="true" />
        <MISPAR-TELEPHONE-KAVI>0776384331</MISPAR-TELEPHONE-KAVI>
        <MISPAR-SHLUCHA xmlns:p3="http://www.w3.org/2001/XMLSchema-instance" p3:nil="true" />
        <MISPAR-CELLULARI xmlns:p3="http://www.w3.org/2001/XMLSchema-instance" p3:nil="true" />
        <MISPAR-FAX xmlns:p3="http://www.w3.org/2001/XMLSchema-instance" p3:nil="true" />
        <E-MAIL>yuvals@clal-ins.co.il</E-MAIL>
        <HEAROT xmlns:p3="http://www.w3.org/2001/XMLSchema-instance" p3:nil="true" />
      </IshKesherYeshutMetafel>
    </YeshutMetafel>
    <Mutzarim>
      <Mutzar>
        <!---I- next block located:[YeshutNimaansofi] for parent key:[520024647:520024647:1:1:0000000058074600]. next block key:[520024647:520024647:1:1:0000000058074600:4:3:058074600]-->
        <YeshutNimaansofi>
          <KOD-NIMAAN>4</KOD-NIMAAN>
          <SUG-MEZAHE-NIMAAN>3</SUG-MEZAHE-NIMAAN>
          <MISPAR-ZIHUI-NIMAAN>058074600</MISPAR-ZIHUI-NIMAAN>
          <MISPAR-ZIHUI-ETZEL-YATZRAN-NIMAAN xmlns:p3="http://www.w3.org/2001/XMLSchema-instance" p3:nil="true" />
        </YeshutNimaansofi>
        <!---I- next block located:[NetuneiMutzar] for parent key:[520024647:520024647:1:1:0000000058074600]. next block key:[520024647:520024647:1:1:0000000058074600]-->
        <NetuneiMutzar>
          <KOD-MEZAHE-YATZRAN>520024647</KOD-MEZAHE-YATZRAN>
          <KOD-MEZAHE-METAFEL>520024647</KOD-MEZAHE-METAFEL>
          <SUG-MUTZAR>1</SUG-MUTZAR>
          <SHEM-KOVETZ-MEKORI xmlns:p3="http://www.w3.org/2001/XMLSchema-instance" p3:nil="true" />
          <MISPAR-SHURA-MEKORI xmlns:p3="http://www.w3.org/2001/XMLSchema-instance" p3:nil="true" />
          <RESERVA-MISLAKA xmlns:p3="http://www.w3.org/2001/XMLSchema-instance" p3:nil="true" />
          <MISPAR-MISLAKA>12652F2A-8951-4457-A522-B6410E87FA0D</MISPAR-MISLAKA>
          <STATUS-RESHOMA>1</STATUS-RESHOMA>
          <MISPAR-SHORA>1</MISPAR-SHORA>
          <TOTAL-ZEHUT-PER-MONTH xmlns:p3="http://www.w3.org/2001/XMLSchema-instance" p3:nil="true" />
          <TOTAL-MUTZARIM-PER-MONTH xmlns:p3="http://www.w3.org/2001/XMLSchema-instance" p3:nil="true" />
          <!---I- next block located:[YeshutMaasik] for parent key:[520024647:520024647:1:1:0000000058074600]. next block key:[520024647:520024647:1:1:0000000058074600:0000003411900140:2:0000000520027194]-->
          <YeshutMaasik>
            <MPR-MAASIK-BE-YATZRAN>0000003411900140</MPR-MAASIK-BE-YATZRAN>
            <SUG-MEZAHE-MAASIK>2</SUG-MEZAHE-MAASIK>
            <MISPAR-MEZAHE-MAASIK>0000000520027194</MISPAR-MEZAHE-MAASIK>
            <MISPAR-TIK-NIKUIIM xmlns:p4="http://www.w3.org/2001/XMLSchema-instance" p4:nil="true" />
            <SHEM-MAASIK>התעשיה האוירית לישראל בע"מ</SHEM-MAASIK>
            <ERETZ>ישראל</ERETZ>
            <SHEM-YISHUV>לוד נמל תעופה</SHEM-YISHUV>
            <SEMEL-YESHUV xmlns:p4="http://www.w3.org/2001/XMLSchema-instance" p4:nil="true" />
            <SHEM-RECHOV>נמל תעופה הבינלאו</SHEM-RECHOV>
            <MISPAR-BAIT>.</MISPAR-BAIT>
            <MISPAR-KNISA xmlns:p4="http://www.w3.org/2001/XMLSchema-instance" p4:nil="true" />
            <MISPAR-DIRA xmlns:p4="http://www.w3.org/2001/XMLSchema-instance" p4:nil="true" />
            <MIKUD>0</MIKUD>
            <TA-DOAR>0</TA-DOAR>
            <MISPAR-TELEPHONE-KAVI xmlns:p4="http://www.w3.org/2001/XMLSchema-instance" p4:nil="true" />
            <MISPAR-SHLUCHA xmlns:p4="http://www.w3.org/2001/XMLSchema-instance" p4:nil="true" />
            <MISPAR-CELLULARI xmlns:p4="http://www.w3.org/2001/XMLSchema-instance" p4:nil="true" />
            <MISPAR-FAX xmlns:p4="http://www.w3.org/2001/XMLSchema-instance" p4:nil="true" />
            <E-MAIL xmlns:p4="http://www.w3.org/2001/XMLSchema-instance" p4:nil="true" />
            <HEAROT xmlns:p4="http://www.w3.org/2001/XMLSchema-instance" p4:nil="true" />
            <IshKesherYeshutMaasik>
              <!---W- Block:[IshKesherYeshutMaasik] Not Implemented By Design-->
              <SHEM-PRATI xmlns:p5="http://www.w3.org/2001/XMLSchema-instance" p5:nil="true" />
              <SHEM-MISHPACHA xmlns:p5="http://www.w3.org/2001/XMLSchema-instance" p5:nil="true" />
              <MISPAR-TELEPHONE-KAVI xmlns:p5="http://www.w3.org/2001/XMLSchema-instance" p5:nil="true" />
              <MISPAR-CELLULARI xmlns:p5="http://www.w3.org/2001/XMLSchema-instance" p5:nil="true" />
              <MISPAR-FAX xmlns:p5="http://www.w3.org/2001/XMLSchema-instance" p5:nil="true" />
              <E-MAIL xmlns:p5="http://www.w3.org/2001/XMLSchema-instance" p5:nil="true" />
              <HEAROT xmlns:p5="http://www.w3.org/2001/XMLSchema-instance" p5:nil="true" />
            </IshKesherYeshutMaasik>
          </YeshutMaasik>
          <!---I- next block located:[YeshutLakoach] for parent key:[520024647:520024647:1:1:0000000058074600]. next block key:[520024647:520024647:1:1:0000000058074600]-->
          <YeshutLakoach>
            <SUG-MEZAHE-LAKOACH>1</SUG-MEZAHE-LAKOACH>
            <MISPAR-ZIHUY-LAKOACH>0000000058074600</MISPAR-ZIHUY-LAKOACH>
            <SHEM-PRATI>רפאל</SHEM-PRATI>
            <SHEM-MISHPACHA-KODEM xmlns:p4="http://www.w3.org/2001/XMLSchema-instance" p4:nil="true" />
            <SHEM-MISHPACHA>נאמן</SHEM-MISHPACHA>
            <MIN>1</MIN>
            <TAARICH-LEYDA>19631018</TAARICH-LEYDA>
            <PTIRA>2</PTIRA>
            <TAARICH-PTIRA xmlns:p4="http://www.w3.org/2001/XMLSchema-instance" p4:nil="true" />
            <MATZAV-MISHPACHTI>5</MATZAV-MISHPACHTI>
            <ERETZ>ישראל</ERETZ>
            <SHEM-YISHUV>מודיעין עילית</SHEM-YISHUV>
            <SEMEL-YESHUV>0379</SEMEL-YESHUV>
            <SHEM-RECHOV>אור החיים</SHEM-RECHOV>
            <MISPAR-BAIT>21</MISPAR-BAIT>
            <MISPAR-KNISA xmlns:p4="http://www.w3.org/2001/XMLSchema-instance" p4:nil="true" />
            <MISPAR-DIRA>0</MISPAR-DIRA>
            <MIKUD>00000</MIKUD>
            <TA-DOAR>0</TA-DOAR>
            <MISPAR-TELEPHONE-KAVI>089740440</MISPAR-TELEPHONE-KAVI>
            <MISPAR-SHLUCHA xmlns:p4="http://www.w3.org/2001/XMLSchema-instance" p4:nil="true" />
            <MISPAR-CELLULARI>0542311819</MISPAR-CELLULARI>
            <MISPAR-FAX xmlns:p4="http://www.w3.org/2001/XMLSchema-instance" p4:nil="true" />
            <E-MAIL xmlns:p4="http://www.w3.org/2001/XMLSchema-instance" p4:nil="true" />
            <HEAROT xmlns:p4="http://www.w3.org/2001/XMLSchema-instance" p4:nil="true" />
            <MISPAR-YELADIM>0</MISPAR-YELADIM>
          </YeshutLakoach>
        </NetuneiMutzar>
        <HeshbonotOPolisot>
          <!---I- next block located:[HeshbonOPolisa] for parent key:[520024647:520024647:1:1:0000000058074600]. next block key:[520024647:520024647:1:1:0000000058074600:7920572:2]-->
          <HeshbonOPolisa>
            <ASMACHTA-MEKORIT>2</ASMACHTA-MEKORIT>
            <MISPAR-POLISA-O-HESHBON>7920572</MISPAR-POLISA-O-HESHBON>
            <SHEM-TOCHNIT>מיטב הון 2000</SHEM-TOCHNIT>
            <KIDOD-ACHID>520024647200000000002560000000</KIDOD-ACHID>
            <MPR-MEFITZ-BE-YATZRAN>7625</MPR-MEFITZ-BE-YATZRAN>
            <TAARICH-NECHONUT>20200531</TAARICH-NECHONUT>
            <TAARICH-HITZTARFUT-MUTZAR>20010401</TAARICH-HITZTARFUT-MUTZAR>
            <TAARICH-HITZTARFUT-RISHON>20010401</TAARICH-HITZTARFUT-RISHON>
            <SUG-KEREN-PENSIA xmlns:p4="http://www.w3.org/2001/XMLSchema-instance" p4:nil="true" />
            <PENSIA-VATIKA-O-HADASHA xmlns:p4="http://www.w3.org/2001/XMLSchema-instance" p4:nil="true" />
            <TAARICH-IDKUN-STATUS>20060701</TAARICH-IDKUN-STATUS>
            <STATUS-POLISA-O-CHESHBON>1</STATUS-POLISA-O-CHESHBON>
            <TAARICH-TCHILA-RISK-ZMANI xmlns:p4="http://www.w3.org/2001/XMLSchema-instance" p4:nil="true" />
            <TOM-TOKEF-RISK-ZMANI xmlns:p4="http://www.w3.org/2001/XMLSchema-instance" p4:nil="true" />
            <SUG-POLISA>2</SUG-POLISA>
            <SUG-TOCHNIT-O-CHESHBON>1</SUG-TOCHNIT-O-CHESHBON>
            <MADAD-BASIS>9258.00</MADAD-BASIS>
            <AZMADA-LEALVAHA xmlns:p4="http://www.w3.org/2001/XMLSchema-instance" p4:nil="true" />
            <TAARICH-ACHRON-MOTAV-MUVET>20010630</TAARICH-ACHRON-MOTAV-MUVET>
            <KOLEL-ZAKAUT-AGACH>2</KOLEL-ZAKAUT-AGACH>
            <SHIOR-AGACH-MEUADOT xmlns:p4="http://www.w3.org/2001/XMLSchema-instance" p4:nil="true" />
            <AVTACHT-TESOA>2</AVTACHT-TESOA>
            <TAARICH-CIUM-AVTACHT-TESOA xmlns:p4="http://www.w3.org/2001/XMLSchema-instance" p4:nil="true" />
            <MISPAR-GIMLAOT xmlns:p4="http://www.w3.org/2001/XMLSchema-instance" p4:nil="true" />
            <TIKUN-190>2</TIKUN-190>
            <KAYAM-KISUY-HIZONI xmlns:p4="http://www.w3.org/2001/XMLSchema-instance" p4:nil="true" />
            <KISUY-ISHY-KVOZATI xmlns:p4="http://www.w3.org/2001/XMLSchema-instance" p4:nil="true" />
            <!---I- next block located:[KtovetLemishloach] for parent key:[520024647:520024647:1:1:0000000058074600:7920572:2]. next block key:[520024647:520024647:1:1:0000000058074600:7920572:2]-->
            <KtovetLemishloach>
              <ERETZ>ישראל</ERETZ>
              <SHEM-YISHUV>מודיעין עילית</SHEM-YISHUV>
              <SEMEL-YESHUV>0379</SEMEL-YESHUV>
              <SHEM-RECHOV>אור החיים</SHEM-RECHOV>
              <MISPAR-BAIT>21</MISPAR-BAIT>
              <MISPAR-KNISA xmlns:p5="http://www.w3.org/2001/XMLSchema-instance" p5:nil="true" />
              <MISPAR-DIRA>0</MISPAR-DIRA>
              <MIKUD>00000</MIKUD>
              <TA-DOAR>0</TA-DOAR>
            </KtovetLemishloach>
            <!---I- next block located:[NetuneiAmitOmevutach] for parent key:[520024647:520024647:1:1:0000000058074600:7920572:2]. next block key:[520024647:520024647:1:1:0000000058074600:7920572:2]-->
            <NetuneiAmitOmevutach>
              <KOD-ZIHUY-LAKOACH>1</KOD-ZIHUY-LAKOACH>
              <MISPAR-ZIHUY>0000000058074600</MISPAR-ZIHUY>
            </NetuneiAmitOmevutach>
            <NetuneiSheerim>
              <!---W- Block:[NetuneiSheerim] Not Implemented By Design-->
              <Sheer>
                <!---W- Block:[Sheer] Not Implemented By Design-->
                <SUG-ZIKA xmlns:p6="http://www.w3.org/2001/XMLSchema-instance" p6:nil="true" />
                <KOD-ZIHUI-SHEERIM xmlns:p6="http://www.w3.org/2001/XMLSchema-instance" p6:nil="true" />
                <MISPAR-ZIHUY-SHEERIM xmlns:p6="http://www.w3.org/2001/XMLSchema-instance" p6:nil="true" />
                <SHEM-PRATI-SHEERIM xmlns:p6="http://www.w3.org/2001/XMLSchema-instance" p6:nil="true" />
                <SHEM-MISHPACHA-SHEERIM xmlns:p6="http://www.w3.org/2001/XMLSchema-instance" p6:nil="true" />
                <SHEM-MISHPAHA-KODEM xmlns:p6="http://www.w3.org/2001/XMLSchema-instance" p6:nil="true" />
                <TAARICH-LEIDA xmlns:p6="http://www.w3.org/2001/XMLSchema-instance" p6:nil="true" />
              </Sheer>
            </NetuneiSheerim>
            <MaslulBituach>
              <!---W- Block:[MaslulBituach] Not Implemented By Design-->
              <MASLUL-BITUACH-BAKEREN-PENSIA xmlns:p5="http://www.w3.org/2001/XMLSchema-instance" p5:nil="true" />
              <SHEM-MASLUL-HABITUAH xmlns:p5="http://www.w3.org/2001/XMLSchema-instance" p5:nil="true" />
            </MaslulBituach>
            <!---I- next block located:[PerutShiabudIkul] for parent key:[520024647:520024647:1:1:0000000058074600:7920572:2]. next block key:[520024647:520024647:1:1:0000000058074600:7920572:2]-->
            <PerutShiabudIkul>
              <HUTAL-SHIABUD>2</HUTAL-SHIABUD>
              <HUTAL-IKUL>3</HUTAL-IKUL>
            </PerutShiabudIkul>
            <!---I- next block located:[Halvaa] for parent key:[520024647:520024647:1:1:0000000058074600:7920572:2]. next block key:[520024647:520024647:1:1:0000000058074600:7920572:2::]-->
            <Halvaa>
              <YESH-HALVAA-BAMUTZAR>2</YESH-HALVAA-BAMUTZAR>
              <RAMAT-HALVAA xmlns:p5="http://www.w3.org/2001/XMLSchema-instance" p5:nil="true" />
              <MISDAR-SIDURI-SHEL-HAHALVAA xmlns:p5="http://www.w3.org/2001/XMLSchema-instance" p5:nil="true" />
              <SCHUM-HALVAA xmlns:p5="http://www.w3.org/2001/XMLSchema-instance" p5:nil="true" />
              <TAARICH-KABALAT-HALVAA xmlns:p5="http://www.w3.org/2001/XMLSchema-instance" p5:nil="true" />
              <TAARICH-SIYUM-HALVAA xmlns:p5="http://www.w3.org/2001/XMLSchema-instance" p5:nil="true" />
              <YITRAT-HALVAA xmlns:p5="http://www.w3.org/2001/XMLSchema-instance" p5:nil="true" />
              <TKUFAT-HALVAA xmlns:p5="http://www.w3.org/2001/XMLSchema-instance" p5:nil="true" />
              <RIBIT xmlns:p5="http://www.w3.org/2001/XMLSchema-instance" p5:nil="true" />
              <SUG-RIBIT xmlns:p5="http://www.w3.org/2001/XMLSchema-instance" p5:nil="true" />
              <SUG-HATZNMADA xmlns:p5="http://www.w3.org/2001/XMLSchema-instance" p5:nil="true" />
              <TADIRUT-HECHZER-HALVAA xmlns:p5="http://www.w3.org/2001/XMLSchema-instance" p5:nil="true" />
              <SUG-HECHZER xmlns:p5="http://www.w3.org/2001/XMLSchema-instance" p5:nil="true" />
              <SCHUM-HECHZER-TKUFATI xmlns:p5="http://www.w3.org/2001/XMLSchema-instance" p5:nil="true" />
            </Halvaa>
            <!---I- next block located:[PirteyTvia] for parent key:[520024647:520024647:1:1:0000000058074600:7920572:2]. next block key:[520024647:520024647:1:1:0000000058074600:7920572:2::]-->
            <PirteyTvia>
              <YESH-TVIA>2</YESH-TVIA>
              <MISPAR-TVIA-BE-YATZRAN xmlns:p5="http://www.w3.org/2001/XMLSchema-instance" p5:nil="true" />
              <MISPAR-KISUI-BE-YATZRAN xmlns:p5="http://www.w3.org/2001/XMLSchema-instance" p5:nil="true" />
              <SHEM-KISUI-BE-YATZRAN xmlns:p5="http://www.w3.org/2001/XMLSchema-instance" p5:nil="true" />
              <SUG-HATVIAA xmlns:p5="http://www.w3.org/2001/XMLSchema-instance" p5:nil="true" />
              <OFEN-TASHLUM xmlns:p5="http://www.w3.org/2001/XMLSchema-instance" p5:nil="true" />
              <KOD-STATUS-TVIAA xmlns:p5="http://www.w3.org/2001/XMLSchema-instance" p5:nil="true" />
              <TAARICH-STATUS-TVIA xmlns:p5="http://www.w3.org/2001/XMLSchema-instance" p5:nil="true" />
              <TAARICH-TECHILAT-TASHLUM xmlns:p5="http://www.w3.org/2001/XMLSchema-instance" p5:nil="true" />
              <ACHUZ-MEUSHAR-O-K-A-SHICHRUR xmlns:p5="http://www.w3.org/2001/XMLSchema-instance" p5:nil="true" />
              <SCHUM-TVIA-MEUSHAR xmlns:p5="http://www.w3.org/2001/XMLSchema-instance" p5:nil="true" />
              <ACHUZ-NECHUT xmlns:p5="http://www.w3.org/2001/XMLSchema-instance" p5:nil="true" />
            </PirteyTvia>
            <!---W- optional block not located:[PerutMitryot] for parent key:[System.Object[]]-->
            <!---I- next block located:[YitraLefiGilPrisha] for parent key:[520024647:520024647:1:1:0000000058074600:7920572:2]. next block key:[520024647:520024647:1:1:0000000058074600:7920572:2:0]-->
            <YitraLefiGilPrisha>
              <GIL-PRISHA>0</GIL-PRISHA>
              <TOTAL-CHISACHON-MITZTABER-TZAFUY>0.00</TOTAL-CHISACHON-MITZTABER-TZAFUY>
              <TZVIRAT-CHISACHON-CHAZUYA-LELO-PREMIYOT>0.00</TZVIRAT-CHISACHON-CHAZUYA-LELO-PREMIYOT>
              <MEKADEM-MOVTACH-LEPRISHA>0.00</MEKADEM-MOVTACH-LEPRISHA>
              <MEKADEM-HAVTACHST-TOCHELET xmlns:p5="http://www.w3.org/2001/XMLSchema-instance" p5:nil="true" />
              <MEKADEM-HAVTACHST-TOCHELETPRISHA xmlns:p5="http://www.w3.org/2001/XMLSchema-instance" p5:nil="true" />
              <SHEM-MASLOL xmlns:p5="http://www.w3.org/2001/XMLSchema-instance" p5:nil="true" />
              <MEKADEM-HAVTACHAT-TSUA xmlns:p5="http://www.w3.org/2001/XMLSchema-instance" p5:nil="true" />
              <MEKADEM-HAVTACHAT-TSUATKUFA xmlns:p5="http://www.w3.org/2001/XMLSchema-instance" p5:nil="true" />
              <TKUFAT-HAGBALA-BESHANIM xmlns:p5="http://www.w3.org/2001/XMLSchema-instance" p5:nil="true" />
              <TOCHELET-MASHPIA-KITZBA xmlns:p5="http://www.w3.org/2001/XMLSchema-instance" p5:nil="true" />
              <TSUA-MASHPIA-KITZBA>1</TSUA-MASHPIA-KITZBA>
              <SHEUR-PNS-ZIKNA-TZFUYA xmlns:p5="http://www.w3.org/2001/XMLSchema-instance" p5:nil="true" />
              <Kupot>
                <!---W- optional block not located:[Kupa] for parent key:[System.Object[]]-->
              </Kupot>
            </YitraLefiGilPrisha>
            <!---I- next block located:[Tsua] for parent key:[520024647:520024647:1:1:0000000058074600:7920572:2]. next block key:[520024647:520024647:1:1:0000000058074600:7920572:2]-->
            <Tsua>
              <SHEUR-TSUA-NETO>-6.16</SHEUR-TSUA-NETO>
              <SHEUR-TSUA-BRUTO-CHS-1>0.00</SHEUR-TSUA-BRUTO-CHS-1>
              <SHEUR-TSUA-MOVTACHAT-MEYOADOT xmlns:p5="http://www.w3.org/2001/XMLSchema-instance" p5:nil="true" />
              <REVACH-HEFSED-BENIKOI-HOZAHOT>13983.88</REVACH-HEFSED-BENIKOI-HOZAHOT>
              <SIMAN-REVACH-HEFSED>2</SIMAN-REVACH-HEFSED>
              <ACHUZ-TSUA-BRUTO-CHS-2>0.00</ACHUZ-TSUA-BRUTO-CHS-2>
            </Tsua>
            <PirteiTaktziv>
              <!---I- next block located:[PirteiOved] for parent key:[520024647:520024647:1:1:0000000058074600:7920572:2]. next block key:[520024647:520024647:1:1:0000000058074600:7920572:2]-->
              <PirteiOved>
                <SUG-TOCHNIT-O-CHESHBON>1</SUG-TOCHNIT-O-CHESHBON>
                <MPR-MAASIK-BE-YATZRAN>0000003411900140</MPR-MAASIK-BE-YATZRAN>
                <STATUS-MAASIK>1</STATUS-MAASIK>
                <SUG-BAAL-HAPOLISA-SHE-EINO-HAMEVUTACH>4</SUG-BAAL-HAPOLISA-SHE-EINO-HAMEVUTACH>
                <MISPAR-BAAL-POLISA-SHEEINO-MEVUTAH>3411900140</MISPAR-BAAL-POLISA-SHEEINO-MEVUTAH>
                <SHEM-BAAL-POLISA-SHEEINO-MEVUTAH>התעשיה האוירית לישרא</SHEM-BAAL-POLISA-SHEEINO-MEVUTAH>
              </PirteiOved>
              <!---I- next block located:[PirteiHaasaka] for parent key:[520024647:520024647:1:1:0000000058074600:7920572:2]. next block key:[520024647:520024647:1:1:0000000058074600:7920572:2]-->
              <PirteiHaasaka>
                <KOD-CHISHUV-SACHAR-POLISA-O-HESHBON>5</KOD-CHISHUV-SACHAR-POLISA-O-HESHBON>
                <SACHAR-POLISA>6527.00</SACHAR-POLISA>
                <KOD-OFEN-HATZMADA>3</KOD-OFEN-HATZMADA>
                <TAARICH-MASKORET>20200501</TAARICH-MASKORET>
                <ZAKAUT-LELO-TNAI>3</ZAKAUT-LELO-TNAI>
                <SEIF-14>2</SEIF-14>
                <TAARICH-TCHILAT-TASHLUM>20170801</TAARICH-TCHILAT-TASHLUM>
              </PirteiHaasaka>
              <!---I- next block located:[PerutHafrashotLePolisa] for parent key:[520024647:520024647:1:1:0000000058074600:7920572:2]. next block key:[520024647:520024647:1:1:0000000058074600:7920572:2]-->
              <PerutHafrashotLePolisa>
                <SUG-HAMAFKID>1</SUG-HAMAFKID>
                <SUG-HAFRASHA>2</SUG-HAFRASHA>
                <ACHUZ-HAFRASHA>5.00</ACHUZ-HAFRASHA>
                <SCHUM-HAFRASHA>0.00</SCHUM-HAFRASHA>
                <TAARICH-MADAD>20200501</TAARICH-MADAD>
              </PerutHafrashotLePolisa>
              <PerutHafrashotLePolisa>
                <SUG-HAMAFKID>2</SUG-HAMAFKID>
                <SUG-HAFRASHA>1</SUG-HAFRASHA>
                <ACHUZ-HAFRASHA>8.33</ACHUZ-HAFRASHA>
                <SCHUM-HAFRASHA>0.00</SCHUM-HAFRASHA>
                <TAARICH-MADAD>20200501</TAARICH-MADAD>
              </PerutHafrashotLePolisa>
              <PerutHafrashotLePolisa>
                <SUG-HAMAFKID>2</SUG-HAMAFKID>
                <SUG-HAFRASHA>3</SUG-HAFRASHA>
                <ACHUZ-HAFRASHA>5.00</ACHUZ-HAFRASHA>
                <SCHUM-HAFRASHA>0.00</SCHUM-HAFRASHA>
                <TAARICH-MADAD>20200501</TAARICH-MADAD>
              </PerutHafrashotLePolisa>
              <!---I- next block located:[PerutMasluleiHashkaa] for parent key:[520024647:520024647:1:1:0000000058074600:7920572:2]. next block key:[520024647:520024647:1:1:0000000058074600:7920572:2]-->
              <PerutMasluleiHashkaa>
                <KOD-SUG-MASLUL>1</KOD-SUG-MASLUL>
                <KOD-SUG-HAFRASHA>2</KOD-SUG-HAFRASHA>
                <ACHUZ-HAFKADA-LEHASHKAA>0.00</ACHUZ-HAFKADA-LEHASHKAA>
                <SCHUM-TZVIRA-BAMASLUL>223592.59</SCHUM-TZVIRA-BAMASLUL>
                <SHEM-MASLUL-HASHKAA>קרן י</SHEM-MASLUL-HASHKAA>
                <SHEUR-DMEI-NIHUL-HAFKADA xmlns:p6="http://www.w3.org/2001/XMLSchema-instance" p6:nil="true" />
                <SHEUR-DMEI-NIHUL-HISACHON xmlns:p6="http://www.w3.org/2001/XMLSchema-instance" p6:nil="true" />
                <SHEUR-DMEI-NIHUL-HAFKADA-MIVNE xmlns:p6="http://www.w3.org/2001/XMLSchema-instance" p6:nil="true" />
                <SHEUR-DMEI-NIHUL-HISACHON-MIVNE xmlns:p6="http://www.w3.org/2001/XMLSchema-instance" p6:nil="true" />
                <DMEI-NIHUL-ACHERIM xmlns:p6="http://www.w3.org/2001/XMLSchema-instance" p6:nil="true" />
                <TSUA-NETO xmlns:p6="http://www.w3.org/2001/XMLSchema-instance" p6:nil="true" />
                <KOD-MASLUL-HASHKAA>520024647000000000000000000012</KOD-MASLUL-HASHKAA>
              </PerutMasluleiHashkaa>
              <!---I- next block located:[NetuneiGvia] for parent key:[520024647:520024647:1:1:0000000058074600:7920572:2]. next block key:[520024647:520024647:1:1:0000000058074600:7920572:2]-->
              <NetuneiGvia>
                <SHEM-MESHALEM>התעשיה האוירית לישראל בע"מ</SHEM-MESHALEM>
                <SUG-TEUDA-MESHALEM>4</SUG-TEUDA-MESHALEM>
                <MISPAR-ZIHUY-MESHALEM>3411900140</MISPAR-ZIHUY-MESHALEM>
                <KOD-EMTZAEI-TASHLUM>4</KOD-EMTZAEI-TASHLUM>
                <TADIRUT-TASHLUM>4</TADIRUT-TASHLUM>
                <CHODESH-YECHUS>5</CHODESH-YECHUS>
                <YOM-GVIYA-BECHODESH>10</YOM-GVIYA-BECHODESH>
                <OFEN-HATZMADAT-GVIA>2</OFEN-HATZMADAT-GVIA>
                <ACHUZ-TAT-SHNATIYOT xmlns:p6="http://www.w3.org/2001/XMLSchema-instance" p6:nil="true" />
              </NetuneiGvia>
              <PirteiHafkadaAchrona>
                <!---I- next block located:[PerutPirteiHafkadaAchrona] for parent key:[520024647:520024647:1:1:0000000058074600:7920572:2]. next block key:[520024647:520024647:1:1:0000000058074600:7920572:2:202005:1]-->
                <PerutPirteiHafkadaAchrona>
                  <TAARICH-HAFKADA-ACHARON>202005</TAARICH-HAFKADA-ACHARON>
                  <TOTAL-HAFKADA>1196.59</TOTAL-HAFKADA>
                  <HAFKADA-LEHISCHON-A>76.250</HAFKADA-LEHISCHON-A>
                  <HAFKADA-LEHISCHON-B>1017.4200</HAFKADA-LEHISCHON-B>
                  <TAARICH-ERECH-HAFKADA>20200514</TAARICH-ERECH-HAFKADA>
                  <SUG-HAFKADA>1</SUG-HAFKADA>
                  <TOTAL-HAFKADA-ACHRONA>1093.67</TOTAL-HAFKADA-ACHRONA>
                  <!---I- next block located:[PerutHafkadaAchrona] for parent key:[520024647:520024647:1:1:0000000058074600:7920572:2:202005:1]. next block key:[520024647:520024647:1:1:0000000058074600:7920572:2:202005:1]-->
                  <PerutHafkadaAchrona>
                    <KOD-SUG-HAFKADA>3</KOD-SUG-HAFKADA>
                    <SUG-HAFRASHA>1</SUG-HAFRASHA>
                    <SUG-MAFKID>2</SUG-MAFKID>
                    <SACHAR-BERAMAT-HAFKADA>6527.00</SACHAR-BERAMAT-HAFKADA>
                    <SCHUM-HAFKADA-SHESHULAM>543.89</SCHUM-HAFKADA-SHESHULAM>
                    <CHODESH-SACHAR xmlns:p8="http://www.w3.org/2001/XMLSchema-instance" p8:nil="true" />
                  </PerutHafkadaAchrona>
                  <PerutHafkadaAchrona>
                    <KOD-SUG-HAFKADA>3</KOD-SUG-HAFKADA>
                    <SUG-HAFRASHA>2</SUG-HAFRASHA>
                    <SUG-MAFKID>2</SUG-MAFKID>
                    <SACHAR-BERAMAT-HAFKADA>6527.00</SACHAR-BERAMAT-HAFKADA>
                    <SCHUM-HAFKADA-SHESHULAM>326.35</SCHUM-HAFKADA-SHESHULAM>
                    <CHODESH-SACHAR xmlns:p8="http://www.w3.org/2001/XMLSchema-instance" p8:nil="true" />
                  </PerutHafkadaAchrona>
                  <PerutHafkadaAchrona>
                    <KOD-SUG-HAFKADA>3</KOD-SUG-HAFKADA>
                    <SUG-HAFRASHA>3</SUG-HAFRASHA>
                    <SUG-MAFKID>2</SUG-MAFKID>
                    <SACHAR-BERAMAT-HAFKADA>6527.00</SACHAR-BERAMAT-HAFKADA>
                    <SCHUM-HAFKADA-SHESHULAM>326.35</SCHUM-HAFKADA-SHESHULAM>
                    <CHODESH-SACHAR xmlns:p8="http://www.w3.org/2001/XMLSchema-instance" p8:nil="true" />
                  </PerutHafkadaAchrona>
                </PerutPirteiHafkadaAchrona>
              </PirteiHafkadaAchrona>
              <!---I- next block located:[PerutHafkadotMetchilatShana] for parent key:[520024647:520024647:1:1:0000000058074600:7920572:2]. next block key:[520024647:520024647:1:1:0000000058074600:7920572:2]-->
              <PerutHafkadotMetchilatShana>
                <TAARICH-ERECH-HAFKADA>20190101</TAARICH-ERECH-HAFKADA>
                <KOD-SUG-HAFKADA>3</KOD-SUG-HAFKADA>
                <SUG-HAFRASHA>1</SUG-HAFRASHA>
                <SUG-MAFKID>2</SUG-MAFKID>
                <SCHUM-HAFKADA-SHESHULAM>22.18</SCHUM-HAFKADA-SHESHULAM>
                <SACHAR-BERAMAT-HAFKADA>6182.40</SACHAR-BERAMAT-HAFKADA>
                <CHODESH-SACHAR>201809</CHODESH-SACHAR>
                <ZMAN-PERAON>201901</ZMAN-PERAON>
              </PerutHafkadotMetchilatShana>
              <PerutHafkadotMetchilatShana>
                <TAARICH-ERECH-HAFKADA>20190101</TAARICH-ERECH-HAFKADA>
                <KOD-SUG-HAFKADA>3</KOD-SUG-HAFKADA>
                <SUG-HAFRASHA>3</SUG-HAFRASHA>
                <SUG-MAFKID>2</SUG-MAFKID>
                <SCHUM-HAFKADA-SHESHULAM>13.31</SCHUM-HAFKADA-SHESHULAM>
                <SACHAR-BERAMAT-HAFKADA>6182.40</SACHAR-BERAMAT-HAFKADA>
                <CHODESH-SACHAR>201809</CHODESH-SACHAR>
                <ZMAN-PERAON>201901</ZMAN-PERAON>
              </PerutHafkadotMetchilatShana>
              <PerutHafkadotMetchilatShana>
                <TAARICH-ERECH-HAFKADA>20190115</TAARICH-ERECH-HAFKADA>
                <KOD-SUG-HAFKADA>3</KOD-SUG-HAFKADA>
                <SUG-HAFRASHA>1</SUG-HAFRASHA>
                <SUG-MAFKID>2</SUG-MAFKID>
                <SCHUM-HAFKADA-SHESHULAM>488.36</SCHUM-HAFKADA-SHESHULAM>
                <SACHAR-BERAMAT-HAFKADA>6182.40</SACHAR-BERAMAT-HAFKADA>
                <CHODESH-SACHAR>201812</CHODESH-SACHAR>
                <ZMAN-PERAON>201901</ZMAN-PERAON>
              </PerutHafkadotMetchilatShana>
              <PerutHafkadotMetchilatShana>
                <TAARICH-ERECH-HAFKADA>20190115</TAARICH-ERECH-HAFKADA>
                <KOD-SUG-HAFKADA>3</KOD-SUG-HAFKADA>
                <SUG-HAFRASHA>2</SUG-HAFRASHA>
                <SUG-MAFKID>2</SUG-MAFKID>
                <SCHUM-HAFKADA-SHESHULAM>293.03</SCHUM-HAFKADA-SHESHULAM>
                <SACHAR-BERAMAT-HAFKADA>6182.40</SACHAR-BERAMAT-HAFKADA>
                <CHODESH-SACHAR>201812</CHODESH-SACHAR>
                <ZMAN-PERAON>201901</ZMAN-PERAON>
              </PerutHafkadotMetchilatShana>
              <PerutHafkadotMetchilatShana>
                <TAARICH-ERECH-HAFKADA>20190115</TAARICH-ERECH-HAFKADA>
                <KOD-SUG-HAFKADA>3</KOD-SUG-HAFKADA>
                <SUG-HAFRASHA>3</SUG-HAFRASHA>
                <SUG-MAFKID>2</SUG-MAFKID>
                <SCHUM-HAFKADA-SHESHULAM>293.03</SCHUM-HAFKADA-SHESHULAM>
                <SACHAR-BERAMAT-HAFKADA>6182.40</SACHAR-BERAMAT-HAFKADA>
                <CHODESH-SACHAR>201812</CHODESH-SACHAR>
                <ZMAN-PERAON>201901</ZMAN-PERAON>
              </PerutHafkadotMetchilatShana>
              <PerutHafkadotMetchilatShana>
                <TAARICH-ERECH-HAFKADA>20190214</TAARICH-ERECH-HAFKADA>
                <KOD-SUG-HAFKADA>3</KOD-SUG-HAFKADA>
                <SUG-HAFRASHA>1</SUG-HAFRASHA>
                <SUG-MAFKID>2</SUG-MAFKID>
                <SCHUM-HAFKADA-SHESHULAM>488.55</SCHUM-HAFKADA-SHESHULAM>
                <SACHAR-BERAMAT-HAFKADA>6182.40</SACHAR-BERAMAT-HAFKADA>
                <CHODESH-SACHAR>201901</CHODESH-SACHAR>
                <ZMAN-PERAON>201902</ZMAN-PERAON>
              </PerutHafkadotMetchilatShana>
              <PerutHafkadotMetchilatShana>
                <TAARICH-ERECH-HAFKADA>20190214</TAARICH-ERECH-HAFKADA>
                <KOD-SUG-HAFKADA>3</KOD-SUG-HAFKADA>
                <SUG-HAFRASHA>2</SUG-HAFRASHA>
                <SUG-MAFKID>2</SUG-MAFKID>
                <SCHUM-HAFKADA-SHESHULAM>293.15</SCHUM-HAFKADA-SHESHULAM>
                <SACHAR-BERAMAT-HAFKADA>6182.40</SACHAR-BERAMAT-HAFKADA>
                <CHODESH-SACHAR>201901</CHODESH-SACHAR>
                <ZMAN-PERAON>201902</ZMAN-PERAON>
              </PerutHafkadotMetchilatShana>
              <PerutHafkadotMetchilatShana>
                <TAARICH-ERECH-HAFKADA>20190214</TAARICH-ERECH-HAFKADA>
                <KOD-SUG-HAFKADA>3</KOD-SUG-HAFKADA>
                <SUG-HAFRASHA>3</SUG-HAFRASHA>
                <SUG-MAFKID>2</SUG-MAFKID>
                <SCHUM-HAFKADA-SHESHULAM>293.15</SCHUM-HAFKADA-SHESHULAM>
                <SACHAR-BERAMAT-HAFKADA>6182.40</SACHAR-BERAMAT-HAFKADA>
                <CHODESH-SACHAR>201901</CHODESH-SACHAR>
                <ZMAN-PERAON>201902</ZMAN-PERAON>
              </PerutHafkadotMetchilatShana>
              <PerutHafkadotMetchilatShana>
                <TAARICH-ERECH-HAFKADA>20190314</TAARICH-ERECH-HAFKADA>
                <KOD-SUG-HAFKADA>3</KOD-SUG-HAFKADA>
                <SUG-HAFRASHA>1</SUG-HAFRASHA>
                <SUG-MAFKID>2</SUG-MAFKID>
                <SCHUM-HAFKADA-SHESHULAM>488.55</SCHUM-HAFKADA-SHESHULAM>
                <SACHAR-BERAMAT-HAFKADA>6182.40</SACHAR-BERAMAT-HAFKADA>
                <CHODESH-SACHAR>201902</CHODESH-SACHAR>
                <ZMAN-PERAON>201903</ZMAN-PERAON>
              </PerutHafkadotMetchilatShana>
              <PerutHafkadotMetchilatShana>
                <TAARICH-ERECH-HAFKADA>20190314</TAARICH-ERECH-HAFKADA>
                <KOD-SUG-HAFKADA>3</KOD-SUG-HAFKADA>
                <SUG-HAFRASHA>2</SUG-HAFRASHA>
                <SUG-MAFKID>2</SUG-MAFKID>
                <SCHUM-HAFKADA-SHESHULAM>293.15</SCHUM-HAFKADA-SHESHULAM>
                <SACHAR-BERAMAT-HAFKADA>6182.40</SACHAR-BERAMAT-HAFKADA>
                <CHODESH-SACHAR>201902</CHODESH-SACHAR>
                <ZMAN-PERAON>201903</ZMAN-PERAON>
              </PerutHafkadotMetchilatShana>
              <PerutHafkadotMetchilatShana>
                <TAARICH-ERECH-HAFKADA>20190314</TAARICH-ERECH-HAFKADA>
                <KOD-SUG-HAFKADA>3</KOD-SUG-HAFKADA>
                <SUG-HAFRASHA>3</SUG-HAFRASHA>
                <SUG-MAFKID>2</SUG-MAFKID>
                <SCHUM-HAFKADA-SHESHULAM>293.15</SCHUM-HAFKADA-SHESHULAM>
                <SACHAR-BERAMAT-HAFKADA>6182.40</SACHAR-BERAMAT-HAFKADA>
                <CHODESH-SACHAR>201902</CHODESH-SACHAR>
                <ZMAN-PERAON>201903</ZMAN-PERAON>
              </PerutHafkadotMetchilatShana>
              <PerutHafkadotMetchilatShana>
                <TAARICH-ERECH-HAFKADA>20190415</TAARICH-ERECH-HAFKADA>
                <KOD-SUG-HAFKADA>3</KOD-SUG-HAFKADA>
                <SUG-HAFRASHA>1</SUG-HAFRASHA>
                <SUG-MAFKID>2</SUG-MAFKID>
                <SCHUM-HAFKADA-SHESHULAM>488.55</SCHUM-HAFKADA-SHESHULAM>
                <SACHAR-BERAMAT-HAFKADA>6182.40</SACHAR-BERAMAT-HAFKADA>
                <CHODESH-SACHAR>201903</CHODESH-SACHAR>
                <ZMAN-PERAON>201904</ZMAN-PERAON>
              </PerutHafkadotMetchilatShana>
              <PerutHafkadotMetchilatShana>
                <TAARICH-ERECH-HAFKADA>20190415</TAARICH-ERECH-HAFKADA>
                <KOD-SUG-HAFKADA>3</KOD-SUG-HAFKADA>
                <SUG-HAFRASHA>2</SUG-HAFRASHA>
                <SUG-MAFKID>2</SUG-MAFKID>
                <SCHUM-HAFKADA-SHESHULAM>293.15</SCHUM-HAFKADA-SHESHULAM>
                <SACHAR-BERAMAT-HAFKADA>6182.40</SACHAR-BERAMAT-HAFKADA>
                <CHODESH-SACHAR>201903</CHODESH-SACHAR>
                <ZMAN-PERAON>201904</ZMAN-PERAON>
              </PerutHafkadotMetchilatShana>
              <PerutHafkadotMetchilatShana>
                <TAARICH-ERECH-HAFKADA>20190415</TAARICH-ERECH-HAFKADA>
                <KOD-SUG-HAFKADA>3</KOD-SUG-HAFKADA>
                <SUG-HAFRASHA>3</SUG-HAFRASHA>
                <SUG-MAFKID>2</SUG-MAFKID>
                <SCHUM-HAFKADA-SHESHULAM>293.15</SCHUM-HAFKADA-SHESHULAM>
                <SACHAR-BERAMAT-HAFKADA>6182.40</SACHAR-BERAMAT-HAFKADA>
                <CHODESH-SACHAR>201903</CHODESH-SACHAR>
                <ZMAN-PERAON>201904</ZMAN-PERAON>
              </PerutHafkadotMetchilatShana>
              <PerutHafkadotMetchilatShana>
                <TAARICH-ERECH-HAFKADA>20190515</TAARICH-ERECH-HAFKADA>
                <KOD-SUG-HAFKADA>3</KOD-SUG-HAFKADA>
                <SUG-HAFRASHA>1</SUG-HAFRASHA>
                <SUG-MAFKID>2</SUG-MAFKID>
                <SCHUM-HAFKADA-SHESHULAM>488.55</SCHUM-HAFKADA-SHESHULAM>
                <SACHAR-BERAMAT-HAFKADA>6182.40</SACHAR-BERAMAT-HAFKADA>
                <CHODESH-SACHAR>201904</CHODESH-SACHAR>
                <ZMAN-PERAON>201905</ZMAN-PERAON>
              </PerutHafkadotMetchilatShana>
              <PerutHafkadotMetchilatShana>
                <TAARICH-ERECH-HAFKADA>20190515</TAARICH-ERECH-HAFKADA>
                <KOD-SUG-HAFKADA>3</KOD-SUG-HAFKADA>
                <SUG-HAFRASHA>2</SUG-HAFRASHA>
                <SUG-MAFKID>2</SUG-MAFKID>
                <SCHUM-HAFKADA-SHESHULAM>293.15</SCHUM-HAFKADA-SHESHULAM>
                <SACHAR-BERAMAT-HAFKADA>6182.40</SACHAR-BERAMAT-HAFKADA>
                <CHODESH-SACHAR>201904</CHODESH-SACHAR>
                <ZMAN-PERAON>201905</ZMAN-PERAON>
              </PerutHafkadotMetchilatShana>
              <PerutHafkadotMetchilatShana>
                <TAARICH-ERECH-HAFKADA>20190515</TAARICH-ERECH-HAFKADA>
                <KOD-SUG-HAFKADA>3</KOD-SUG-HAFKADA>
                <SUG-HAFRASHA>3</SUG-HAFRASHA>
                <SUG-MAFKID>2</SUG-MAFKID>
                <SCHUM-HAFKADA-SHESHULAM>293.15</SCHUM-HAFKADA-SHESHULAM>
                <SACHAR-BERAMAT-HAFKADA>6182.40</SACHAR-BERAMAT-HAFKADA>
                <CHODESH-SACHAR>201904</CHODESH-SACHAR>
                <ZMAN-PERAON>201905</ZMAN-PERAON>
              </PerutHafkadotMetchilatShana>
              <PerutHafkadotMetchilatShana>
                <TAARICH-ERECH-HAFKADA>20190613</TAARICH-ERECH-HAFKADA>
                <KOD-SUG-HAFKADA>3</KOD-SUG-HAFKADA>
                <SUG-HAFRASHA>1</SUG-HAFRASHA>
                <SUG-MAFKID>2</SUG-MAFKID>
                <SCHUM-HAFKADA-SHESHULAM>488.55</SCHUM-HAFKADA-SHESHULAM>
                <SACHAR-BERAMAT-HAFKADA>6182.40</SACHAR-BERAMAT-HAFKADA>
                <CHODESH-SACHAR>201905</CHODESH-SACHAR>
                <ZMAN-PERAON>201906</ZMAN-PERAON>
              </PerutHafkadotMetchilatShana>
              <PerutHafkadotMetchilatShana>
                <TAARICH-ERECH-HAFKADA>20190613</TAARICH-ERECH-HAFKADA>
                <KOD-SUG-HAFKADA>3</KOD-SUG-HAFKADA>
                <SUG-HAFRASHA>2</SUG-HAFRASHA>
                <SUG-MAFKID>2</SUG-MAFKID>
                <SCHUM-HAFKADA-SHESHULAM>293.15</SCHUM-HAFKADA-SHESHULAM>
                <SACHAR-BERAMAT-HAFKADA>6182.40</SACHAR-BERAMAT-HAFKADA>
                <CHODESH-SACHAR>201905</CHODESH-SACHAR>
                <ZMAN-PERAON>201906</ZMAN-PERAON>
              </PerutHafkadotMetchilatShana>
              <PerutHafkadotMetchilatShana>
                <TAARICH-ERECH-HAFKADA>20190613</TAARICH-ERECH-HAFKADA>
                <KOD-SUG-HAFKADA>3</KOD-SUG-HAFKADA>
                <SUG-HAFRASHA>3</SUG-HAFRASHA>
                <SUG-MAFKID>2</SUG-MAFKID>
                <SCHUM-HAFKADA-SHESHULAM>293.15</SCHUM-HAFKADA-SHESHULAM>
                <SACHAR-BERAMAT-HAFKADA>6182.40</SACHAR-BERAMAT-HAFKADA>
                <CHODESH-SACHAR>201905</CHODESH-SACHAR>
                <ZMAN-PERAON>201906</ZMAN-PERAON>
              </PerutHafkadotMetchilatShana>
              <PerutHafkadotMetchilatShana>
                <TAARICH-ERECH-HAFKADA>20190715</TAARICH-ERECH-HAFKADA>
                <KOD-SUG-HAFKADA>3</KOD-SUG-HAFKADA>
                <SUG-HAFRASHA>1</SUG-HAFRASHA>
                <SUG-MAFKID>2</SUG-MAFKID>
                <SCHUM-HAFKADA-SHESHULAM>488.55</SCHUM-HAFKADA-SHESHULAM>
                <SACHAR-BERAMAT-HAFKADA>6182.40</SACHAR-BERAMAT-HAFKADA>
                <CHODESH-SACHAR>201906</CHODESH-SACHAR>
                <ZMAN-PERAON>201907</ZMAN-PERAON>
              </PerutHafkadotMetchilatShana>
              <PerutHafkadotMetchilatShana>
                <TAARICH-ERECH-HAFKADA>20190715</TAARICH-ERECH-HAFKADA>
                <KOD-SUG-HAFKADA>3</KOD-SUG-HAFKADA>
                <SUG-HAFRASHA>2</SUG-HAFRASHA>
                <SUG-MAFKID>2</SUG-MAFKID>
                <SCHUM-HAFKADA-SHESHULAM>293.15</SCHUM-HAFKADA-SHESHULAM>
                <SACHAR-BERAMAT-HAFKADA>6182.40</SACHAR-BERAMAT-HAFKADA>
                <CHODESH-SACHAR>201906</CHODESH-SACHAR>
                <ZMAN-PERAON>201907</ZMAN-PERAON>
              </PerutHafkadotMetchilatShana>
              <PerutHafkadotMetchilatShana>
                <TAARICH-ERECH-HAFKADA>20190715</TAARICH-ERECH-HAFKADA>
                <KOD-SUG-HAFKADA>3</KOD-SUG-HAFKADA>
                <SUG-HAFRASHA>3</SUG-HAFRASHA>
                <SUG-MAFKID>2</SUG-MAFKID>
                <SCHUM-HAFKADA-SHESHULAM>293.15</SCHUM-HAFKADA-SHESHULAM>
                <SACHAR-BERAMAT-HAFKADA>6182.40</SACHAR-BERAMAT-HAFKADA>
                <CHODESH-SACHAR>201906</CHODESH-SACHAR>
                <ZMAN-PERAON>201907</ZMAN-PERAON>
              </PerutHafkadotMetchilatShana>
              <PerutHafkadotMetchilatShana>
                <TAARICH-ERECH-HAFKADA>20190815</TAARICH-ERECH-HAFKADA>
                <KOD-SUG-HAFKADA>3</KOD-SUG-HAFKADA>
                <SUG-HAFRASHA>1</SUG-HAFRASHA>
                <SUG-MAFKID>2</SUG-MAFKID>
                <SCHUM-HAFKADA-SHESHULAM>488.55</SCHUM-HAFKADA-SHESHULAM>
                <SACHAR-BERAMAT-HAFKADA>6182.40</SACHAR-BERAMAT-HAFKADA>
                <CHODESH-SACHAR>201907</CHODESH-SACHAR>
                <ZMAN-PERAON>201908</ZMAN-PERAON>
              </PerutHafkadotMetchilatShana>
              <PerutHafkadotMetchilatShana>
                <TAARICH-ERECH-HAFKADA>20190815</TAARICH-ERECH-HAFKADA>
                <KOD-SUG-HAFKADA>3</KOD-SUG-HAFKADA>
                <SUG-HAFRASHA>2</SUG-HAFRASHA>
                <SUG-MAFKID>2</SUG-MAFKID>
                <SCHUM-HAFKADA-SHESHULAM>293.14</SCHUM-HAFKADA-SHESHULAM>
                <SACHAR-BERAMAT-HAFKADA>6182.40</SACHAR-BERAMAT-HAFKADA>
                <CHODESH-SACHAR>201907</CHODESH-SACHAR>
                <ZMAN-PERAON>201908</ZMAN-PERAON>
              </PerutHafkadotMetchilatShana>
              <PerutHafkadotMetchilatShana>
                <TAARICH-ERECH-HAFKADA>20190815</TAARICH-ERECH-HAFKADA>
                <KOD-SUG-HAFKADA>3</KOD-SUG-HAFKADA>
                <SUG-HAFRASHA>3</SUG-HAFRASHA>
                <SUG-MAFKID>2</SUG-MAFKID>
                <SCHUM-HAFKADA-SHESHULAM>293.14</SCHUM-HAFKADA-SHESHULAM>
                <SACHAR-BERAMAT-HAFKADA>6182.40</SACHAR-BERAMAT-HAFKADA>
                <CHODESH-SACHAR>201907</CHODESH-SACHAR>
                <ZMAN-PERAON>201908</ZMAN-PERAON>
              </PerutHafkadotMetchilatShana>
              <PerutHafkadotMetchilatShana>
                <TAARICH-ERECH-HAFKADA>20190915</TAARICH-ERECH-HAFKADA>
                <KOD-SUG-HAFKADA>3</KOD-SUG-HAFKADA>
                <SUG-HAFRASHA>1</SUG-HAFRASHA>
                <SUG-MAFKID>2</SUG-MAFKID>
                <SCHUM-HAFKADA-SHESHULAM>485.31</SCHUM-HAFKADA-SHESHULAM>
                <SACHAR-BERAMAT-HAFKADA>6182.40</SACHAR-BERAMAT-HAFKADA>
                <CHODESH-SACHAR>201908</CHODESH-SACHAR>
                <ZMAN-PERAON>201909</ZMAN-PERAON>
              </PerutHafkadotMetchilatShana>
              <PerutHafkadotMetchilatShana>
                <TAARICH-ERECH-HAFKADA>20190915</TAARICH-ERECH-HAFKADA>
                <KOD-SUG-HAFKADA>3</KOD-SUG-HAFKADA>
                <SUG-HAFRASHA>2</SUG-HAFRASHA>
                <SUG-MAFKID>2</SUG-MAFKID>
                <SCHUM-HAFKADA-SHESHULAM>291.20</SCHUM-HAFKADA-SHESHULAM>
                <SACHAR-BERAMAT-HAFKADA>6182.40</SACHAR-BERAMAT-HAFKADA>
                <CHODESH-SACHAR>201908</CHODESH-SACHAR>
                <ZMAN-PERAON>201909</ZMAN-PERAON>
              </PerutHafkadotMetchilatShana>
              <PerutHafkadotMetchilatShana>
                <TAARICH-ERECH-HAFKADA>20190915</TAARICH-ERECH-HAFKADA>
                <KOD-SUG-HAFKADA>3</KOD-SUG-HAFKADA>
                <SUG-HAFRASHA>3</SUG-HAFRASHA>
                <SUG-MAFKID>2</SUG-MAFKID>
                <SCHUM-HAFKADA-SHESHULAM>291.20</SCHUM-HAFKADA-SHESHULAM>
                <SACHAR-BERAMAT-HAFKADA>6182.40</SACHAR-BERAMAT-HAFKADA>
                <CHODESH-SACHAR>201908</CHODESH-SACHAR>
                <ZMAN-PERAON>201909</ZMAN-PERAON>
              </PerutHafkadotMetchilatShana>
              <PerutHafkadotMetchilatShana>
                <TAARICH-ERECH-HAFKADA>20191015</TAARICH-ERECH-HAFKADA>
                <KOD-SUG-HAFKADA>3</KOD-SUG-HAFKADA>
                <SUG-HAFRASHA>1</SUG-HAFRASHA>
                <SUG-MAFKID>2</SUG-MAFKID>
                <SCHUM-HAFKADA-SHESHULAM>10.50</SCHUM-HAFKADA-SHESHULAM>
                <SACHAR-BERAMAT-HAFKADA>6182.40</SACHAR-BERAMAT-HAFKADA>
                <CHODESH-SACHAR>201908</CHODESH-SACHAR>
                <ZMAN-PERAON>201910</ZMAN-PERAON>
              </PerutHafkadotMetchilatShana>
              <PerutHafkadotMetchilatShana>
                <TAARICH-ERECH-HAFKADA>20191015</TAARICH-ERECH-HAFKADA>
                <KOD-SUG-HAFKADA>3</KOD-SUG-HAFKADA>
                <SUG-HAFRASHA>1</SUG-HAFRASHA>
                <SUG-MAFKID>2</SUG-MAFKID>
                <SCHUM-HAFKADA-SHESHULAM>499.08</SCHUM-HAFKADA-SHESHULAM>
                <SACHAR-BERAMAT-HAFKADA>6182.40</SACHAR-BERAMAT-HAFKADA>
                <CHODESH-SACHAR>201909</CHODESH-SACHAR>
                <ZMAN-PERAON>201910</ZMAN-PERAON>
              </PerutHafkadotMetchilatShana>
              <PerutHafkadotMetchilatShana>
                <TAARICH-ERECH-HAFKADA>20191015</TAARICH-ERECH-HAFKADA>
                <KOD-SUG-HAFKADA>3</KOD-SUG-HAFKADA>
                <SUG-HAFRASHA>2</SUG-HAFRASHA>
                <SUG-MAFKID>2</SUG-MAFKID>
                <SCHUM-HAFKADA-SHESHULAM>6.30</SCHUM-HAFKADA-SHESHULAM>
                <SACHAR-BERAMAT-HAFKADA>6182.40</SACHAR-BERAMAT-HAFKADA>
                <CHODESH-SACHAR>201908</CHODESH-SACHAR>
                <ZMAN-PERAON>201910</ZMAN-PERAON>
              </PerutHafkadotMetchilatShana>
              <PerutHafkadotMetchilatShana>
                <TAARICH-ERECH-HAFKADA>20191015</TAARICH-ERECH-HAFKADA>
                <KOD-SUG-HAFKADA>3</KOD-SUG-HAFKADA>
                <SUG-HAFRASHA>2</SUG-HAFRASHA>
                <SUG-MAFKID>2</SUG-MAFKID>
                <SCHUM-HAFKADA-SHESHULAM>299.46</SCHUM-HAFKADA-SHESHULAM>
                <SACHAR-BERAMAT-HAFKADA>6182.40</SACHAR-BERAMAT-HAFKADA>
                <CHODESH-SACHAR>201909</CHODESH-SACHAR>
                <ZMAN-PERAON>201910</ZMAN-PERAON>
              </PerutHafkadotMetchilatShana>
              <PerutHafkadotMetchilatShana>
                <TAARICH-ERECH-HAFKADA>20191015</TAARICH-ERECH-HAFKADA>
                <KOD-SUG-HAFKADA>3</KOD-SUG-HAFKADA>
                <SUG-HAFRASHA>3</SUG-HAFRASHA>
                <SUG-MAFKID>2</SUG-MAFKID>
                <SCHUM-HAFKADA-SHESHULAM>8.54</SCHUM-HAFKADA-SHESHULAM>
                <SACHAR-BERAMAT-HAFKADA>6182.40</SACHAR-BERAMAT-HAFKADA>
                <CHODESH-SACHAR>201908</CHODESH-SACHAR>
                <ZMAN-PERAON>201910</ZMAN-PERAON>
              </PerutHafkadotMetchilatShana>
              <PerutHafkadotMetchilatShana>
                <TAARICH-ERECH-HAFKADA>20191015</TAARICH-ERECH-HAFKADA>
                <KOD-SUG-HAFKADA>3</KOD-SUG-HAFKADA>
                <SUG-HAFRASHA>3</SUG-HAFRASHA>
                <SUG-MAFKID>2</SUG-MAFKID>
                <SCHUM-HAFKADA-SHESHULAM>303.94</SCHUM-HAFKADA-SHESHULAM>
                <SACHAR-BERAMAT-HAFKADA>6182.40</SACHAR-BERAMAT-HAFKADA>
                <CHODESH-SACHAR>201909</CHODESH-SACHAR>
                <ZMAN-PERAON>201910</ZMAN-PERAON>
              </PerutHafkadotMetchilatShana>
              <PerutHafkadotMetchilatShana>
                <TAARICH-ERECH-HAFKADA>20191114</TAARICH-ERECH-HAFKADA>
                <KOD-SUG-HAFKADA>3</KOD-SUG-HAFKADA>
                <SUG-HAFRASHA>1</SUG-HAFRASHA>
                <SUG-MAFKID>2</SUG-MAFKID>
                <SCHUM-HAFKADA-SHESHULAM>16.09</SCHUM-HAFKADA-SHESHULAM>
                <SACHAR-BERAMAT-HAFKADA>6182.40</SACHAR-BERAMAT-HAFKADA>
                <CHODESH-SACHAR>201908</CHODESH-SACHAR>
                <ZMAN-PERAON>201911</ZMAN-PERAON>
              </PerutHafkadotMetchilatShana>
              <PerutHafkadotMetchilatShana>
                <TAARICH-ERECH-HAFKADA>20191114</TAARICH-ERECH-HAFKADA>
                <KOD-SUG-HAFKADA>3</KOD-SUG-HAFKADA>
                <SUG-HAFRASHA>1</SUG-HAFRASHA>
                <SUG-MAFKID>2</SUG-MAFKID>
                <SCHUM-HAFKADA-SHESHULAM>16.09</SCHUM-HAFKADA-SHESHULAM>
                <SACHAR-BERAMAT-HAFKADA>6182.40</SACHAR-BERAMAT-HAFKADA>
                <CHODESH-SACHAR>201909</CHODESH-SACHAR>
                <ZMAN-PERAON>201911</ZMAN-PERAON>
              </PerutHafkadotMetchilatShana>
              <PerutHafkadotMetchilatShana>
                <TAARICH-ERECH-HAFKADA>20191114</TAARICH-ERECH-HAFKADA>
                <KOD-SUG-HAFKADA>3</KOD-SUG-HAFKADA>
                <SUG-HAFRASHA>1</SUG-HAFRASHA>
                <SUG-MAFKID>2</SUG-MAFKID>
                <SCHUM-HAFKADA-SHESHULAM>515.17</SCHUM-HAFKADA-SHESHULAM>
                <SACHAR-BERAMAT-HAFKADA>6182.40</SACHAR-BERAMAT-HAFKADA>
                <CHODESH-SACHAR>201910</CHODESH-SACHAR>
                <ZMAN-PERAON>201911</ZMAN-PERAON>
              </PerutHafkadotMetchilatShana>
              <PerutHafkadotMetchilatShana>
                <TAARICH-ERECH-HAFKADA>20191114</TAARICH-ERECH-HAFKADA>
                <KOD-SUG-HAFKADA>3</KOD-SUG-HAFKADA>
                <SUG-HAFRASHA>2</SUG-HAFRASHA>
                <SUG-MAFKID>2</SUG-MAFKID>
                <SCHUM-HAFKADA-SHESHULAM>9.65</SCHUM-HAFKADA-SHESHULAM>
                <SACHAR-BERAMAT-HAFKADA>6182.40</SACHAR-BERAMAT-HAFKADA>
                <CHODESH-SACHAR>201908</CHODESH-SACHAR>
                <ZMAN-PERAON>201911</ZMAN-PERAON>
              </PerutHafkadotMetchilatShana>
              <PerutHafkadotMetchilatShana>
                <TAARICH-ERECH-HAFKADA>20191114</TAARICH-ERECH-HAFKADA>
                <KOD-SUG-HAFKADA>3</KOD-SUG-HAFKADA>
                <SUG-HAFRASHA>2</SUG-HAFRASHA>
                <SUG-MAFKID>2</SUG-MAFKID>
                <SCHUM-HAFKADA-SHESHULAM>9.66</SCHUM-HAFKADA-SHESHULAM>
                <SACHAR-BERAMAT-HAFKADA>6182.40</SACHAR-BERAMAT-HAFKADA>
                <CHODESH-SACHAR>201909</CHODESH-SACHAR>
                <ZMAN-PERAON>201911</ZMAN-PERAON>
              </PerutHafkadotMetchilatShana>
              <PerutHafkadotMetchilatShana>
                <TAARICH-ERECH-HAFKADA>20191114</TAARICH-ERECH-HAFKADA>
                <KOD-SUG-HAFKADA>3</KOD-SUG-HAFKADA>
                <SUG-HAFRASHA>2</SUG-HAFRASHA>
                <SUG-MAFKID>2</SUG-MAFKID>
                <SCHUM-HAFKADA-SHESHULAM>309.12</SCHUM-HAFKADA-SHESHULAM>
                <SACHAR-BERAMAT-HAFKADA>6182.40</SACHAR-BERAMAT-HAFKADA>
                <CHODESH-SACHAR>201910</CHODESH-SACHAR>
                <ZMAN-PERAON>201911</ZMAN-PERAON>
              </PerutHafkadotMetchilatShana>
              <PerutHafkadotMetchilatShana>
                <TAARICH-ERECH-HAFKADA>20191114</TAARICH-ERECH-HAFKADA>
                <KOD-SUG-HAFKADA>3</KOD-SUG-HAFKADA>
                <SUG-HAFRASHA>3</SUG-HAFRASHA>
                <SUG-MAFKID>2</SUG-MAFKID>
                <SCHUM-HAFKADA-SHESHULAM>9.81</SCHUM-HAFKADA-SHESHULAM>
                <SACHAR-BERAMAT-HAFKADA>6182.40</SACHAR-BERAMAT-HAFKADA>
                <CHODESH-SACHAR>201909</CHODESH-SACHAR>
                <ZMAN-PERAON>201911</ZMAN-PERAON>
              </PerutHafkadotMetchilatShana>
              <PerutHafkadotMetchilatShana>
                <TAARICH-ERECH-HAFKADA>20191114</TAARICH-ERECH-HAFKADA>
                <KOD-SUG-HAFKADA>3</KOD-SUG-HAFKADA>
                <SUG-HAFRASHA>3</SUG-HAFRASHA>
                <SUG-MAFKID>2</SUG-MAFKID>
                <SCHUM-HAFKADA-SHESHULAM>12.00</SCHUM-HAFKADA-SHESHULAM>
                <SACHAR-BERAMAT-HAFKADA>6182.40</SACHAR-BERAMAT-HAFKADA>
                <CHODESH-SACHAR>201908</CHODESH-SACHAR>
                <ZMAN-PERAON>201911</ZMAN-PERAON>
              </PerutHafkadotMetchilatShana>
              <PerutHafkadotMetchilatShana>
                <TAARICH-ERECH-HAFKADA>20191114</TAARICH-ERECH-HAFKADA>
                <KOD-SUG-HAFKADA>3</KOD-SUG-HAFKADA>
                <SUG-HAFRASHA>3</SUG-HAFRASHA>
                <SUG-MAFKID>2</SUG-MAFKID>
                <SCHUM-HAFKADA-SHESHULAM>313.75</SCHUM-HAFKADA-SHESHULAM>
                <SACHAR-BERAMAT-HAFKADA>6182.40</SACHAR-BERAMAT-HAFKADA>
                <CHODESH-SACHAR>201910</CHODESH-SACHAR>
                <ZMAN-PERAON>201911</ZMAN-PERAON>
              </PerutHafkadotMetchilatShana>
              <PerutHafkadotMetchilatShana>
                <TAARICH-ERECH-HAFKADA>20191215</TAARICH-ERECH-HAFKADA>
                <KOD-SUG-HAFKADA>3</KOD-SUG-HAFKADA>
                <SUG-HAFRASHA>1</SUG-HAFRASHA>
                <SUG-MAFKID>2</SUG-MAFKID>
                <SCHUM-HAFKADA-SHESHULAM>515.17</SCHUM-HAFKADA-SHESHULAM>
                <SACHAR-BERAMAT-HAFKADA>6182.40</SACHAR-BERAMAT-HAFKADA>
                <CHODESH-SACHAR>201911</CHODESH-SACHAR>
                <ZMAN-PERAON>201912</ZMAN-PERAON>
              </PerutHafkadotMetchilatShana>
              <PerutHafkadotMetchilatShana>
                <TAARICH-ERECH-HAFKADA>20191215</TAARICH-ERECH-HAFKADA>
                <KOD-SUG-HAFKADA>3</KOD-SUG-HAFKADA>
                <SUG-HAFRASHA>2</SUG-HAFRASHA>
                <SUG-MAFKID>2</SUG-MAFKID>
                <SCHUM-HAFKADA-SHESHULAM>309.12</SCHUM-HAFKADA-SHESHULAM>
                <SACHAR-BERAMAT-HAFKADA>6182.40</SACHAR-BERAMAT-HAFKADA>
                <CHODESH-SACHAR>201911</CHODESH-SACHAR>
                <ZMAN-PERAON>201912</ZMAN-PERAON>
              </PerutHafkadotMetchilatShana>
              <PerutHafkadotMetchilatShana>
                <TAARICH-ERECH-HAFKADA>20191215</TAARICH-ERECH-HAFKADA>
                <KOD-SUG-HAFKADA>3</KOD-SUG-HAFKADA>
                <SUG-HAFRASHA>3</SUG-HAFRASHA>
                <SUG-MAFKID>2</SUG-MAFKID>
                <SCHUM-HAFKADA-SHESHULAM>309.12</SCHUM-HAFKADA-SHESHULAM>
                <SACHAR-BERAMAT-HAFKADA>6182.40</SACHAR-BERAMAT-HAFKADA>
                <CHODESH-SACHAR>201911</CHODESH-SACHAR>
                <ZMAN-PERAON>201912</ZMAN-PERAON>
              </PerutHafkadotMetchilatShana>
              <PerutHafkadotMetchilatShana>
                <TAARICH-ERECH-HAFKADA>20200115</TAARICH-ERECH-HAFKADA>
                <KOD-SUG-HAFKADA>3</KOD-SUG-HAFKADA>
                <SUG-HAFRASHA>1</SUG-HAFRASHA>
                <SUG-MAFKID>2</SUG-MAFKID>
                <SCHUM-HAFKADA-SHESHULAM>543.60</SCHUM-HAFKADA-SHESHULAM>
                <SACHAR-BERAMAT-HAFKADA>6527.00</SACHAR-BERAMAT-HAFKADA>
                <CHODESH-SACHAR>201912</CHODESH-SACHAR>
                <ZMAN-PERAON>202001</ZMAN-PERAON>
              </PerutHafkadotMetchilatShana>
              <PerutHafkadotMetchilatShana>
                <TAARICH-ERECH-HAFKADA>20200115</TAARICH-ERECH-HAFKADA>
                <KOD-SUG-HAFKADA>3</KOD-SUG-HAFKADA>
                <SUG-HAFRASHA>2</SUG-HAFRASHA>
                <SUG-MAFKID>2</SUG-MAFKID>
                <SCHUM-HAFKADA-SHESHULAM>326.17</SCHUM-HAFKADA-SHESHULAM>
                <SACHAR-BERAMAT-HAFKADA>6527.00</SACHAR-BERAMAT-HAFKADA>
                <CHODESH-SACHAR>201912</CHODESH-SACHAR>
                <ZMAN-PERAON>202001</ZMAN-PERAON>
              </PerutHafkadotMetchilatShana>
              <PerutHafkadotMetchilatShana>
                <TAARICH-ERECH-HAFKADA>20200115</TAARICH-ERECH-HAFKADA>
                <KOD-SUG-HAFKADA>3</KOD-SUG-HAFKADA>
                <SUG-HAFRASHA>3</SUG-HAFRASHA>
                <SUG-MAFKID>2</SUG-MAFKID>
                <SCHUM-HAFKADA-SHESHULAM>326.17</SCHUM-HAFKADA-SHESHULAM>
                <SACHAR-BERAMAT-HAFKADA>6527.00</SACHAR-BERAMAT-HAFKADA>
                <CHODESH-SACHAR>201912</CHODESH-SACHAR>
                <ZMAN-PERAON>202001</ZMAN-PERAON>
              </PerutHafkadotMetchilatShana>
              <PerutHafkadotMetchilatShana>
                <TAARICH-ERECH-HAFKADA>20200213</TAARICH-ERECH-HAFKADA>
                <KOD-SUG-HAFKADA>3</KOD-SUG-HAFKADA>
                <SUG-HAFRASHA>1</SUG-HAFRASHA>
                <SUG-MAFKID>2</SUG-MAFKID>
                <SCHUM-HAFKADA-SHESHULAM>543.60</SCHUM-HAFKADA-SHESHULAM>
                <SACHAR-BERAMAT-HAFKADA>6527.00</SACHAR-BERAMAT-HAFKADA>
                <CHODESH-SACHAR>202001</CHODESH-SACHAR>
                <ZMAN-PERAON>202002</ZMAN-PERAON>
              </PerutHafkadotMetchilatShana>
              <PerutHafkadotMetchilatShana>
                <TAARICH-ERECH-HAFKADA>20200213</TAARICH-ERECH-HAFKADA>
                <KOD-SUG-HAFKADA>3</KOD-SUG-HAFKADA>
                <SUG-HAFRASHA>2</SUG-HAFRASHA>
                <SUG-MAFKID>2</SUG-MAFKID>
                <SCHUM-HAFKADA-SHESHULAM>326.17</SCHUM-HAFKADA-SHESHULAM>
                <SACHAR-BERAMAT-HAFKADA>6527.00</SACHAR-BERAMAT-HAFKADA>
                <CHODESH-SACHAR>202001</CHODESH-SACHAR>
                <ZMAN-PERAON>202002</ZMAN-PERAON>
              </PerutHafkadotMetchilatShana>
              <PerutHafkadotMetchilatShana>
                <TAARICH-ERECH-HAFKADA>20200213</TAARICH-ERECH-HAFKADA>
                <KOD-SUG-HAFKADA>3</KOD-SUG-HAFKADA>
                <SUG-HAFRASHA>3</SUG-HAFRASHA>
                <SUG-MAFKID>2</SUG-MAFKID>
                <SCHUM-HAFKADA-SHESHULAM>326.17</SCHUM-HAFKADA-SHESHULAM>
                <SACHAR-BERAMAT-HAFKADA>6527.00</SACHAR-BERAMAT-HAFKADA>
                <CHODESH-SACHAR>202001</CHODESH-SACHAR>
                <ZMAN-PERAON>202002</ZMAN-PERAON>
              </PerutHafkadotMetchilatShana>
              <PerutHafkadotMetchilatShana>
                <TAARICH-ERECH-HAFKADA>20200315</TAARICH-ERECH-HAFKADA>
                <KOD-SUG-HAFKADA>3</KOD-SUG-HAFKADA>
                <SUG-HAFRASHA>1</SUG-HAFRASHA>
                <SUG-MAFKID>2</SUG-MAFKID>
                <SCHUM-HAFKADA-SHESHULAM>543.89</SCHUM-HAFKADA-SHESHULAM>
                <SACHAR-BERAMAT-HAFKADA>6527.00</SACHAR-BERAMAT-HAFKADA>
                <CHODESH-SACHAR>202002</CHODESH-SACHAR>
                <ZMAN-PERAON>202003</ZMAN-PERAON>
              </PerutHafkadotMetchilatShana>
              <PerutHafkadotMetchilatShana>
                <TAARICH-ERECH-HAFKADA>20200315</TAARICH-ERECH-HAFKADA>
                <KOD-SUG-HAFKADA>3</KOD-SUG-HAFKADA>
                <SUG-HAFRASHA>2</SUG-HAFRASHA>
                <SUG-MAFKID>2</SUG-MAFKID>
                <SCHUM-HAFKADA-SHESHULAM>326.35</SCHUM-HAFKADA-SHESHULAM>
                <SACHAR-BERAMAT-HAFKADA>6527.00</SACHAR-BERAMAT-HAFKADA>
                <CHODESH-SACHAR>202002</CHODESH-SACHAR>
                <ZMAN-PERAON>202003</ZMAN-PERAON>
              </PerutHafkadotMetchilatShana>
              <PerutHafkadotMetchilatShana>
                <TAARICH-ERECH-HAFKADA>20200315</TAARICH-ERECH-HAFKADA>
                <KOD-SUG-HAFKADA>3</KOD-SUG-HAFKADA>
                <SUG-HAFRASHA>3</SUG-HAFRASHA>
                <SUG-MAFKID>2</SUG-MAFKID>
                <SCHUM-HAFKADA-SHESHULAM>326.35</SCHUM-HAFKADA-SHESHULAM>
                <SACHAR-BERAMAT-HAFKADA>6527.00</SACHAR-BERAMAT-HAFKADA>
                <CHODESH-SACHAR>202002</CHODESH-SACHAR>
                <ZMAN-PERAON>202003</ZMAN-PERAON>
              </PerutHafkadotMetchilatShana>
              <PerutHafkadotMetchilatShana>
                <TAARICH-ERECH-HAFKADA>20200413</TAARICH-ERECH-HAFKADA>
                <KOD-SUG-HAFKADA>3</KOD-SUG-HAFKADA>
                <SUG-HAFRASHA>1</SUG-HAFRASHA>
                <SUG-MAFKID>2</SUG-MAFKID>
                <SCHUM-HAFKADA-SHESHULAM>543.89</SCHUM-HAFKADA-SHESHULAM>
                <SACHAR-BERAMAT-HAFKADA>6527.00</SACHAR-BERAMAT-HAFKADA>
                <CHODESH-SACHAR>202003</CHODESH-SACHAR>
                <ZMAN-PERAON>202004</ZMAN-PERAON>
              </PerutHafkadotMetchilatShana>
              <PerutHafkadotMetchilatShana>
                <TAARICH-ERECH-HAFKADA>20200413</TAARICH-ERECH-HAFKADA>
                <KOD-SUG-HAFKADA>3</KOD-SUG-HAFKADA>
                <SUG-HAFRASHA>2</SUG-HAFRASHA>
                <SUG-MAFKID>2</SUG-MAFKID>
                <SCHUM-HAFKADA-SHESHULAM>326.35</SCHUM-HAFKADA-SHESHULAM>
                <SACHAR-BERAMAT-HAFKADA>6527.00</SACHAR-BERAMAT-HAFKADA>
                <CHODESH-SACHAR>202003</CHODESH-SACHAR>
                <ZMAN-PERAON>202004</ZMAN-PERAON>
              </PerutHafkadotMetchilatShana>
              <PerutHafkadotMetchilatShana>
                <TAARICH-ERECH-HAFKADA>20200413</TAARICH-ERECH-HAFKADA>
                <KOD-SUG-HAFKADA>3</KOD-SUG-HAFKADA>
                <SUG-HAFRASHA>3</SUG-HAFRASHA>
                <SUG-MAFKID>2</SUG-MAFKID>
                <SCHUM-HAFKADA-SHESHULAM>326.35</SCHUM-HAFKADA-SHESHULAM>
                <SACHAR-BERAMAT-HAFKADA>6527.00</SACHAR-BERAMAT-HAFKADA>
                <CHODESH-SACHAR>202003</CHODESH-SACHAR>
                <ZMAN-PERAON>202004</ZMAN-PERAON>
              </PerutHafkadotMetchilatShana>
              <PerutHafkadotMetchilatShana>
                <TAARICH-ERECH-HAFKADA>20200514</TAARICH-ERECH-HAFKADA>
                <KOD-SUG-HAFKADA>3</KOD-SUG-HAFKADA>
                <SUG-HAFRASHA>1</SUG-HAFRASHA>
                <SUG-MAFKID>2</SUG-MAFKID>
                <SCHUM-HAFKADA-SHESHULAM>543.89</SCHUM-HAFKADA-SHESHULAM>
                <SACHAR-BERAMAT-HAFKADA>6527.00</SACHAR-BERAMAT-HAFKADA>
                <CHODESH-SACHAR>202004</CHODESH-SACHAR>
                <ZMAN-PERAON>202005</ZMAN-PERAON>
              </PerutHafkadotMetchilatShana>
              <PerutHafkadotMetchilatShana>
                <TAARICH-ERECH-HAFKADA>20200514</TAARICH-ERECH-HAFKADA>
                <KOD-SUG-HAFKADA>3</KOD-SUG-HAFKADA>
                <SUG-HAFRASHA>2</SUG-HAFRASHA>
                <SUG-MAFKID>2</SUG-MAFKID>
                <SCHUM-HAFKADA-SHESHULAM>326.35</SCHUM-HAFKADA-SHESHULAM>
                <SACHAR-BERAMAT-HAFKADA>6527.00</SACHAR-BERAMAT-HAFKADA>
                <CHODESH-SACHAR>202004</CHODESH-SACHAR>
                <ZMAN-PERAON>202005</ZMAN-PERAON>
              </PerutHafkadotMetchilatShana>
              <PerutHafkadotMetchilatShana>
                <TAARICH-ERECH-HAFKADA>20200514</TAARICH-ERECH-HAFKADA>
                <KOD-SUG-HAFKADA>3</KOD-SUG-HAFKADA>
                <SUG-HAFRASHA>3</SUG-HAFRASHA>
                <SUG-MAFKID>2</SUG-MAFKID>
                <SCHUM-HAFKADA-SHESHULAM>326.35</SCHUM-HAFKADA-SHESHULAM>
                <SACHAR-BERAMAT-HAFKADA>6527.00</SACHAR-BERAMAT-HAFKADA>
                <CHODESH-SACHAR>202004</CHODESH-SACHAR>
                <ZMAN-PERAON>202005</ZMAN-PERAON>
              </PerutHafkadotMetchilatShana>
              <!---I- next block located:[HafkadotShnatiyot] for parent key:[520024647:520024647:1:1:0000000058074600:7920572:2]. next block key:[520024647:520024647:1:1:0000000058074600:7920572:2]-->
              <HafkadotShnatiyot>
                <TOTAL-HAFKADOT-OVED-TAGMULIM-SHANA-NOCHECHIT>1631.39</TOTAL-HAFKADOT-OVED-TAGMULIM-SHANA-NOCHECHIT>
                <TOTAL-HAFKADOT-MAAVID-TAGMULIM-SHANA-NOCHECHIT>1631.39</TOTAL-HAFKADOT-MAAVID-TAGMULIM-SHANA-NOCHECHIT>
                <TOTAL-HAFKADOT-PITZUIM-SHANA-NOCHECHIT>2718.87</TOTAL-HAFKADOT-PITZUIM-SHANA-NOCHECHIT>
              </HafkadotShnatiyot>
              <!---I- next block located:[MeshichaNiud] for parent key:[520024647:520024647:1:1:0000000058074600:7920572:2]. next block key:[520024647:520024647:1:1:0000000058074600:7920572:2::::]-->
              <MeshichaNiud>
                <KOD-SUG-PEULA xmlns:p6="http://www.w3.org/2001/XMLSchema-instance" p6:nil="true" />
                <RACHIV-NIMSHACH-NUYAD xmlns:p6="http://www.w3.org/2001/XMLSchema-instance" p6:nil="true" />
                <SCHOOM-MESHICHA-NIUD xmlns:p6="http://www.w3.org/2001/XMLSchema-instance" p6:nil="true" />
                <TAARICH-BIZOA xmlns:p6="http://www.w3.org/2001/XMLSchema-instance" p6:nil="true" />
                <TAARICH-ERECH xmlns:p6="http://www.w3.org/2001/XMLSchema-instance" p6:nil="true" />
                <KNAS-MESHICHA-NIUD xmlns:p6="http://www.w3.org/2001/XMLSchema-instance" p6:nil="true" />
              </MeshichaNiud>
              <ChovotPigurim>
                <!---I- next block located:[ChovPigur] for parent key:[520024647:520024647:1:1:0000000058074600:7920572:2]. next block key:[520024647:520024647:1:1:0000000058074600:7920572:2]-->
                <ChovPigur>
                  <KAYAM-CHOV-O-PIGUR>1</KAYAM-CHOV-O-PIGUR>
                  <TAARICH-TECHILAT-PIGUR>19000101</TAARICH-TECHILAT-PIGUR>
                  <TAARICH-TECHILAT-PIGUR-NOCHECHI xmlns:p7="http://www.w3.org/2001/XMLSchema-instance" p7:nil="true" />
                  <MISPAR-CHODSHEI-PIGUR>0</MISPAR-CHODSHEI-PIGUR>
                  <SUG-HOV>4</SUG-HOV>
                  <TOTAL-CHOVOT-O-PIGURIM>350.00</TOTAL-CHOVOT-O-PIGURIM>
                  <KSAFIM-LO-MESHUYACHIM-MAASIK>2</KSAFIM-LO-MESHUYACHIM-MAASIK>
                </ChovPigur>
              </ChovotPigurim>
              <PerutHotzaot>
                <!---I- next block located:[HotzaotBafoalLehodeshDivoach] for parent key:[520024647:520024647:1:1:0000000058074600:7920572:2]. next block key:[520024647:520024647:1:1:0000000058074600:7920572:2]-->
                <HotzaotBafoalLehodeshDivoach>
                  <SHEUR-DMEI-NIHUL-HAFKADA>0.00</SHEUR-DMEI-NIHUL-HAFKADA>
                  <TOTAL-DMEI-NIHUL-HAFKADA>0.00</TOTAL-DMEI-NIHUL-HAFKADA>
                  <SHEUR-DMEI-NIHUL-TZVIRA>0.0500</SHEUR-DMEI-NIHUL-TZVIRA>
                  <TOTAL-DMEI-NIHUL-TZVIRA>111.85</TOTAL-DMEI-NIHUL-TZVIRA>
                  <SACH-DMEI-NIHUL-ACHERIM>20.62</SACH-DMEI-NIHUL-ACHERIM>
                  <HOTZOT-NIHUL-ASHKAOT xmlns:p7="http://www.w3.org/2001/XMLSchema-instance" p7:nil="true" />
                  <TOTAL-DMEI-NIHUL-POLISA-O-HESHBON>660.91</TOTAL-DMEI-NIHUL-POLISA-O-HESHBON>
                  <DEMI-AAVARAT-MASLOL xmlns:p7="http://www.w3.org/2001/XMLSchema-instance" p7:nil="true" />
                  <DMEI-NIUL-MENAEL-TIKIM xmlns:p7="http://www.w3.org/2001/XMLSchema-instance" p7:nil="true" />
                  <OFEN-GEVIAT-DMEI-BITUACH>1</OFEN-GEVIAT-DMEI-BITUACH>
                  <SACH-DMEI-BITUAH-SHENIGBOO>100.15</SACH-DMEI-BITUAH-SHENIGBOO>
                </HotzaotBafoalLehodeshDivoach>
                <MivneDmeiNihul>
                  <!---I- next block located:[PerutMivneDmeiNihul] for parent key:[520024647:520024647:1:1:0000000058074600:7920572:2]. next block key:[520024647:520024647:1:1:0000000058074600:7920572:2]-->
                  <PerutMivneDmeiNihul>
                    <GOVA-DMEI-NIHUL-NIKBA-AL-PI-HOTZAOT-BAPOAL>2</GOVA-DMEI-NIHUL-NIKBA-AL-PI-HOTZAOT-BAPOAL>
                    <SUG-HOTZAA>1</SUG-HOTZAA>
                    <KOD-MASLUL-DMEI-NIHUL>520024647000000000000000000000</KOD-MASLUL-DMEI-NIHUL>
                    <MEAFYENEI-MASLUL-DMEI-NIHUL>6</MEAFYENEI-MASLUL-DMEI-NIHUL>
                    <SHEUR-DMEI-NIHUL>15.0000</SHEUR-DMEI-NIHUL>
                    <TAARICH-IDKUN-SHEUR-DNHL>20200531</TAARICH-IDKUN-SHEUR-DNHL>
                    <DMEI-NIHUL-ACHIDIM>0</DMEI-NIHUL-ACHIDIM>
                    <KOD-MASLUL-HASHKAA-BAAL-DMEI-NIHUL-YECHUDIIM xmlns:p8="http://www.w3.org/2001/XMLSchema-instance" p8:nil="true" />
                    <OFEN-HAFRASHA>0</OFEN-HAFRASHA>
                    <SCHUM-MAX-DNHL-HAFKADA xmlns:p8="http://www.w3.org/2001/XMLSchema-instance" p8:nil="true" />
                    <SACH-DMEI-NIHUL-MASLUL>0.00</SACH-DMEI-NIHUL-MASLUL>
                    <DMEI-NIHUL-ACHERIM>0.00</DMEI-NIHUL-ACHERIM>
                    <KENAS-MESHICHAT-KESAFIM>2</KENAS-MESHICHAT-KESAFIM>
                    <KAYEMET-HATAVA>2</KAYEMET-HATAVA>
                    <SUG-HATAVA xmlns:p8="http://www.w3.org/2001/XMLSchema-instance" p8:nil="true" />
                    <ACHOZ-HATAVA>0.00</ACHOZ-HATAVA>
                    <TAARICH-SIUM-HATAVA xmlns:p8="http://www.w3.org/2001/XMLSchema-instance" p8:nil="true" />
                  </PerutMivneDmeiNihul>
                  <PerutMivneDmeiNihul>
                    <GOVA-DMEI-NIHUL-NIKBA-AL-PI-HOTZAOT-BAPOAL>2</GOVA-DMEI-NIHUL-NIKBA-AL-PI-HOTZAOT-BAPOAL>
                    <SUG-HOTZAA>1</SUG-HOTZAA>
                    <KOD-MASLUL-DMEI-NIHUL>520024647000000000000000000000</KOD-MASLUL-DMEI-NIHUL>
                    <MEAFYENEI-MASLUL-DMEI-NIHUL>1</MEAFYENEI-MASLUL-DMEI-NIHUL>
                    <SHEUR-DMEI-NIHUL>0.6000</SHEUR-DMEI-NIHUL>
                    <TAARICH-IDKUN-SHEUR-DNHL>20200531</TAARICH-IDKUN-SHEUR-DNHL>
                    <DMEI-NIHUL-ACHIDIM>0</DMEI-NIHUL-ACHIDIM>
                    <KOD-MASLUL-HASHKAA-BAAL-DMEI-NIHUL-YECHUDIIM xmlns:p8="http://www.w3.org/2001/XMLSchema-instance" p8:nil="true" />
                    <OFEN-HAFRASHA>0</OFEN-HAFRASHA>
                    <SCHUM-MAX-DNHL-HAFKADA xmlns:p8="http://www.w3.org/2001/XMLSchema-instance" p8:nil="true" />
                    <SACH-DMEI-NIHUL-MASLUL>0.00</SACH-DMEI-NIHUL-MASLUL>
                    <DMEI-NIHUL-ACHERIM>0.00</DMEI-NIHUL-ACHERIM>
                    <KENAS-MESHICHAT-KESAFIM>2</KENAS-MESHICHAT-KESAFIM>
                    <KAYEMET-HATAVA>2</KAYEMET-HATAVA>
                    <SUG-HATAVA xmlns:p8="http://www.w3.org/2001/XMLSchema-instance" p8:nil="true" />
                    <ACHOZ-HATAVA>0.00</ACHOZ-HATAVA>
                    <TAARICH-SIUM-HATAVA xmlns:p8="http://www.w3.org/2001/XMLSchema-instance" p8:nil="true" />
                  </PerutMivneDmeiNihul>
                  <PerutMivneDmeiNihul>
                    <GOVA-DMEI-NIHUL-NIKBA-AL-PI-HOTZAOT-BAPOAL>2</GOVA-DMEI-NIHUL-NIKBA-AL-PI-HOTZAOT-BAPOAL>
                    <SUG-HOTZAA>0</SUG-HOTZAA>
                    <KOD-MASLUL-DMEI-NIHUL>520024647000000000000000000000</KOD-MASLUL-DMEI-NIHUL>
                    <MEAFYENEI-MASLUL-DMEI-NIHUL>0</MEAFYENEI-MASLUL-DMEI-NIHUL>
                    <SHEUR-DMEI-NIHUL>0.0000</SHEUR-DMEI-NIHUL>
                    <TAARICH-IDKUN-SHEUR-DNHL>20200531</TAARICH-IDKUN-SHEUR-DNHL>
                    <DMEI-NIHUL-ACHIDIM>0</DMEI-NIHUL-ACHIDIM>
                    <KOD-MASLUL-HASHKAA-BAAL-DMEI-NIHUL-YECHUDIIM xmlns:p8="http://www.w3.org/2001/XMLSchema-instance" p8:nil="true" />
                    <OFEN-HAFRASHA>0</OFEN-HAFRASHA>
                    <SCHUM-MAX-DNHL-HAFKADA xmlns:p8="http://www.w3.org/2001/XMLSchema-instance" p8:nil="true" />
                    <SACH-DMEI-NIHUL-MASLUL>0.00</SACH-DMEI-NIHUL-MASLUL>
                    <DMEI-NIHUL-ACHERIM>20.62</DMEI-NIHUL-ACHERIM>
                    <KENAS-MESHICHAT-KESAFIM>2</KENAS-MESHICHAT-KESAFIM>
                    <KAYEMET-HATAVA>2</KAYEMET-HATAVA>
                    <SUG-HATAVA xmlns:p8="http://www.w3.org/2001/XMLSchema-instance" p8:nil="true" />
                    <ACHOZ-HATAVA>0.00</ACHOZ-HATAVA>
                    <TAARICH-SIUM-HATAVA xmlns:p8="http://www.w3.org/2001/XMLSchema-instance" p8:nil="true" />
                  </PerutMivneDmeiNihul>
                </MivneDmeiNihul>
              </PerutHotzaot>
              <!---I- next block located:[PerutYitrotLesofShanaKodemet] for parent key:[520024647:520024647:1:1:0000000058074600:7920572:2]. next block key:[520024647:520024647:1:1:0000000058074600:7920572:2]-->
              <PerutYitrotLesofShanaKodemet>
                <YITRAT-SOF-SHANA>232431.00</YITRAT-SOF-SHANA>
                <ERECH-PIDYON-SOF-SHANA>0.00</ERECH-PIDYON-SOF-SHANA>
                <ERECH-MESOLAK-SOF-SHANA>0.00000</ERECH-MESOLAK-SOF-SHANA>
                <YISKON-YITRAT-KESAFIM xmlns:p6="http://www.w3.org/2001/XMLSchema-instance" p6:nil="true" />
              </PerutYitrotLesofShanaKodemet>
              <BlockItrot>
                <!---I- next block located:[Yitrot] for parent key:[520024647:520024647:1:1:0000000058074600:7920572:2]. next block key:[520024647:520024647:1:1:0000000058074600:7920572:2:20200531]-->
                <Yitrot>
                  <TAARICH-ERECH-TZVIROT>20200531</TAARICH-ERECH-TZVIROT>
                  <!---I- next block located:[PerutYitrot] for parent key:[520024647:520024647:1:1:0000000058074600:7920572:2:20200531]. next block key:[520024647:520024647:1:1:0000000058074600:7920572:2:20200531]-->
                  <PerutYitrot>
                    <KOD-SUG-ITRA>2</KOD-SUG-ITRA>
                    <KOD-SUG-HAFRASHA>2</KOD-SUG-HAFRASHA>
                    <TOTAL-CHISACHON-MTZBR>223592.59</TOTAL-CHISACHON-MTZBR>
                    <TOTAL-ERKEI-PIDION>226433.99</TOTAL-ERKEI-PIDION>
                  </PerutYitrot>
                  <!---I- next block located:[PerutYitraLeTkufa] for parent key:[520024647:520024647:1:1:0000000058074600:7920572:2:20200531]. next block key:[520024647:520024647:1:1:0000000058074600:7920572:2:20200531]-->
                  <PerutYitraLeTkufa>
                    <KOD-TECHULAT-SHICHVA>10</KOD-TECHULAT-SHICHVA>
                    <REKIV-ITRA-LETKUFA>2</REKIV-ITRA-LETKUFA>
                    <SUG-ITRA-LETKUFA>2</SUG-ITRA-LETKUFA>
                    <SACH-ITRA-LESHICHVA-BESHACH>226433.99</SACH-ITRA-LESHICHVA-BESHACH>
                  </PerutYitraLeTkufa>
                  <!---I- next block located:[NesilutTag] for parent key:[520024647:520024647:1:1:0000000058074600:7920572:2:20200531]. next block key:[520024647:520024647:1:1:0000000058074600:7920572:2:20200531]-->
                  <NesilutTag>
                    <MOED-NEZILUT-TAGMULIM xmlns:p8="http://www.w3.org/2001/XMLSchema-instance" p8:nil="true" />
                    <YITRAT-KASPEY-TAGMULIM xmlns:p8="http://www.w3.org/2001/XMLSchema-instance" p8:nil="true" />
                  </NesilutTag>
                  <!---I- next block located:[YitrotShonot] for parent key:[520024647:520024647:1:1:0000000058074600:7920572:2:20200531]. next block key:[520024647:520024647:1:1:0000000058074600:7920572:2:20200531]-->
                  <YitrotShonot>
                    <TZVIRAT-PITZUIM-PTURIM-MAAVIDIM-KODMIM xmlns:p8="http://www.w3.org/2001/XMLSchema-instance" p8:nil="true" />
                    <ERECH-PIDION-PITZUIM-LEKITZBA-MAAVIDIM-KODMIM>0.00</ERECH-PIDION-PITZUIM-LEKITZBA-MAAVIDIM-KODMIM>
                    <TZVIRAT-PITZUIM-MAAVIDIM-KODMIM-BERETZEF-KITZBA>0.00</TZVIRAT-PITZUIM-MAAVIDIM-KODMIM-BERETZEF-KITZBA>
                    <TZVIRAT-PITZUIM-MAAVIDIM-KODMIM-BERETZEF-ZECHUYOT>0.00</TZVIRAT-PITZUIM-MAAVIDIM-KODMIM-BERETZEF-ZECHUYOT>
                    <TZVIRAT-PITZUIM-31-12-1999-LEKITZBA>0.00</TZVIRAT-PITZUIM-31-12-1999-LEKITZBA>
                    <ERECH-PIDION-PITZUIM-MAASIK-NOCHECHI>16455.31</ERECH-PIDION-PITZUIM-MAASIK-NOCHECHI>
                    <ERECH-PIDION-MARKIV-PITZUIM-LEMAS-NOCHECHI>16482.11</ERECH-PIDION-MARKIV-PITZUIM-LEMAS-NOCHECHI>
                    <ERECH-PIDION-PITZUIM-MAAVIDIM-KODMIM-RETZEF-ZEHUYUT>0.00</ERECH-PIDION-PITZUIM-MAAVIDIM-KODMIM-RETZEF-ZEHUYUT>
                    <ERECH-PIDION-PITZUIM-LEHON-MAAVIDIM-KODMIM>0.00</ERECH-PIDION-PITZUIM-LEHON-MAAVIDIM-KODMIM>
                    <KAYAM-RETZEF-PITZUIM-KITZBA>3</KAYAM-RETZEF-PITZUIM-KITZBA>
                    <KAYAM-RETZEF-ZECHUYOT-PITZUIM>3</KAYAM-RETZEF-ZECHUYOT-PITZUIM>
                  </YitrotShonot>
                </Yitrot>
              </BlockItrot>
            </PirteiTaktziv>
            <!---I- next block located:[PerutMeyupeKoach] for parent key:[520024647:520024647:1:1:0000000058074600:7920572:2]. next block key:[520024647:520024647:1:1:0000000058074600:7920572:2]-->
            <PerutMeyupeKoach>
              <KAYAM-MEYUPE-KOACH>1</KAYAM-MEYUPE-KOACH>
              <SUG-ZIHUY>2</SUG-ZIHUY>
              <MISPAR-ZIHUY>7625</MISPAR-ZIHUY>
              <TAARICH-MINUY-SOCHEN>20200201</TAARICH-MINUY-SOCHEN>
              <SHEM-MEYUPE-KOACH>אורות סוכנות לביטוח חיים</SHEM-MEYUPE-KOACH>
            </PerutMeyupeKoach>
            <!---I- next block located:[Kisuim] for parent key:[520024647:520024647:1:1:0000000058074600:7920572:2]. next block key:[520024647:520024647:1:1:0000000058074600:7920572:2:0:0:353:10:0:01/04/2001 00:00:00:30/06/2001 00:00:00:]-->
            <Kisuim>
              <!---I- next block located:[ZihuiKisui] for parent key:[520024647:520024647:1:1:0000000058074600:7920572:2:0:0:353:10:0:01/04/2001 00:00:00:30/06/2001 00:00:00:]. next block key:[520024647:520024647:1:1:0000000058074600:7920572:2:0:0:353:10:0:01/04/2001 00:00:00:30/06/2001 00:00:00:]-->
              <ZihuiKisui>
                <MISPAR-KISUI-BE-YATZRAN>520024647200000000002560000000</MISPAR-KISUI-BE-YATZRAN>
                <SHEM-KISUI-YATZRAN>מיטב הון 2000 מנהלים</SHEM-KISUI-YATZRAN>
                <SUG-KISUI-ETZEL-YATZRAN>1</SUG-KISUI-ETZEL-YATZRAN>
                <MISPAR-POLISA-O-HESHBON-NEGDI xmlns:p6="http://www.w3.org/2001/XMLSchema-instance" p6:nil="true" />
                <!---I- next block located:[PirteiMevutach] for parent key:[520024647:520024647:1:1:0000000058074600:7920572:2:0:0:353:10:0:01/04/2001 00:00:00:30/06/2001 00:00:00:]. next block key:[520024647:520024647:1:1:0000000058074600:7920572:2:0:0:353:10:0:01/04/2001 00:00:00:30/06/2001 00:00:00::520024647200000000002560000000]-->
                <PirteiMevutach>
                  <SUG-TEUDA>1</SUG-TEUDA>
                  <MISPAR-ZIHUY-LAKOACH>0000000058074600</MISPAR-ZIHUY-LAKOACH>
                </PirteiMevutach>
                <!---I- next block located:[SchumeiBituahYesodi] for parent key:[520024647:520024647:1:1:0000000058074600:7920572:2:0:0:353:10:0:01/04/2001 00:00:00:30/06/2001 00:00:00:]. next block key:[520024647:520024647:1:1:0000000058074600:7920572:2:0:0:353:10:0:01/04/2001 00:00:00:30/06/2001 00:00:00:]-->
                <SchumeiBituahYesodi>
                  <KOD-MUTZAR-LEFI-KIDUD-ACHID-LAYESODI>520024647200000000002560000000</KOD-MUTZAR-LEFI-KIDUD-ACHID-LAYESODI>
                  <SUG-HATZMADA-SCHUM-BITUAH>2</SUG-HATZMADA-SCHUM-BITUAH>
                  <SUG-HATZMADA-DMEI-BITUAH>2</SUG-HATZMADA-DMEI-BITUAH>
                  <SUG-MASLUL-LEBITUAH>2</SUG-MASLUL-LEBITUAH>
                  <IND-SCHUM-BITUAH-KOLEL-CHISACHON>1</IND-SCHUM-BITUAH-KOLEL-CHISACHON>
                  <SCHUM-BITUACH-LEMASLUL>0.00</SCHUM-BITUACH-LEMASLUL>
                  <MISPAR-MASKOROT>35</MISPAR-MASKOROT>
                  <ACHUZ-HAKTZAA-LE-CHISACHON>80.00</ACHUZ-HAKTZAA-LE-CHISACHON>
                  <TIKRAT-GAG-HATAM-LEMIKRE-MAVET>359404.87</TIKRAT-GAG-HATAM-LEMIKRE-MAVET>
                  <TIKRAT-GAG-HATAM-LE-O-K-A>4954.79</TIKRAT-GAG-HATAM-LE-O-K-A>
                  <SCHUM-BITUAH-LEMAVET>231945.73</SCHUM-BITUAH-LEMAVET>
                </SchumeiBituahYesodi>
                <!---I- next block located:[PirteiKisuiBeMutzar] for parent key:[520024647:520024647:1:1:0000000058074600:7920572:2:0:0:353:10:0:01/04/2001 00:00:00:30/06/2001 00:00:00:]. next block key:[520024647:520024647:1:1:0000000058074600:7920572:2:0:0:353:10:0:01/04/2001 00:00:00:30/06/2001 00:00:00:]-->
                <PirteiKisuiBeMutzar>
                  <KOD-MIUTZAR-LAKISUY>520024647200000000002560000000</KOD-MIUTZAR-LAKISUY>
                  <SUG-MEVUTACH>1</SUG-MEVUTACH>
                  <SUG-KISUY-BITOCHI>10</SUG-KISUY-BITOCHI>
                  <TAARICH-TCHILAT-KISUY>20010401</TAARICH-TCHILAT-KISUY>
                  <TAARICH-TOM-KISUY>20390401</TAARICH-TOM-KISUY>
                  <KOD-NISPACH-KISUY>503</KOD-NISPACH-KISUY>
                  <SUG-ISUK xmlns:p7="http://www.w3.org/2001/XMLSchema-instance" p7:nil="true" />
                  <KOLEL-PRENZISA xmlns:p7="http://www.w3.org/2001/XMLSchema-instance" p7:nil="true" />
                  <TAARICH-HAFSAKAT-TASHLUM>20390401</TAARICH-HAFSAKAT-TASHLUM>
                  <ACHUZ-ME-SCM-BTH-YESODI xmlns:p7="http://www.w3.org/2001/XMLSchema-instance" p7:nil="true" />
                  <ACHUZ-MESACHAR xmlns:p7="http://www.w3.org/2001/XMLSchema-instance" p7:nil="true" />
                  <OFEN-TASHLUM-SCHUM-BITUACH>1</OFEN-TASHLUM-SCHUM-BITUACH>
                  <SCHUM-BITUACH>0.00</SCHUM-BITUACH>
                  <MESHALEM-HAKISUY>6</MESHALEM-HAKISUY>
                  <KOD-ISHUN>2</KOD-ISHUN>
                  <IND-CHITUM>3</IND-CHITUM>
                  <TAARICH-CHITUM xmlns:p7="http://www.w3.org/2001/XMLSchema-instance" p7:nil="true" />
                  <HACHRAGA>3</HACHRAGA>
                  <SUG-HACHRAGA>3</SUG-HACHRAGA>
                  <TKUFAT-ACHSHARA xmlns:p7="http://www.w3.org/2001/XMLSchema-instance" p7:nil="true" />
                  <TKUFAT-HAMTANA-CHODASHIM xmlns:p7="http://www.w3.org/2001/XMLSchema-instance" p7:nil="true" />
                  <HANACHA>3</HANACHA>
                  <HATNAYA-LAHANACHA-DMEI-BITUAH>3</HATNAYA-LAHANACHA-DMEI-BITUAH>
                  <DMEI-BITUAH-LETASHLUM-BAPOAL>1136.36</DMEI-BITUAH-LETASHLUM-BAPOAL>
                  <SUG-HANACHA-KISUY xmlns:p7="http://www.w3.org/2001/XMLSchema-instance" p7:nil="true" />
                  <SHIUR-HANACHA-BEKISUI xmlns:p7="http://www.w3.org/2001/XMLSchema-instance" p7:nil="true" />
                  <ERECH-HANACHA-BEKISUI xmlns:p7="http://www.w3.org/2001/XMLSchema-instance" p7:nil="true" />
                  <TADIRUT-SHINUY-DMEI-HABITUAH-BESHANIM>0</TADIRUT-SHINUY-DMEI-HABITUAH-BESHANIM>
                  <TAARICH-IDKUN-HABA-SHEL-DMEI-HABITUAH xmlns:p7="http://www.w3.org/2001/XMLSchema-instance" p7:nil="true" />
                </PirteiKisuiBeMutzar>
                <!---I- next block located:[PirteiTosafot] for parent key:[520024647:520024647:1:1:0000000058074600:7920572:2:0:0:353:10:0:01/04/2001 00:00:00:30/06/2001 00:00:00:]. next block key:[520024647:520024647:1:1:0000000058074600:7920572:2:0:0:353:10:0:01/04/2001 00:00:00:30/06/2001 00:00:00:]-->
                <PirteiTosafot>
                  <TOSEFET-TAARIF>2</TOSEFET-TAARIF>
                  <KOD-SUG-TOSEFET xmlns:p7="http://www.w3.org/2001/XMLSchema-instance" p7:nil="true" />
                  <SHEUR-TOSEFET xmlns:p7="http://www.w3.org/2001/XMLSchema-instance" p7:nil="true" />
                  <PROMIL-TOSEFET xmlns:p7="http://www.w3.org/2001/XMLSchema-instance" p7:nil="true" />
                  <TAARICH-TOM-TOSEFET xmlns:p7="http://www.w3.org/2001/XMLSchema-instance" p7:nil="true" />
                </PirteiTosafot>
                <!---I- next block located:[Mutav] for parent key:[520024647:520024647:1:1:0000000058074600:7920572:2:0:0:353:10:0:01/04/2001 00:00:00:30/06/2001 00:00:00:]. next block key:[520024647:520024647:1:1:0000000058074600:7920572:2:0:0:353:10:0:01/04/2001 00:00:00:30/06/2001 00:00:00:]-->
                <Mutav>
                  <SUG-ZIHUY-MUTAV>7</SUG-ZIHUY-MUTAV>
                  <KOD-ZIHUY-MUTAV>3</KOD-ZIHUY-MUTAV>
                  <MISPAR-ZIHUY-MUTAV xmlns:p7="http://www.w3.org/2001/XMLSchema-instance" p7:nil="true" />
                  <SHEM-PRATI-MUTAV xmlns:p7="http://www.w3.org/2001/XMLSchema-instance" p7:nil="true" />
                  <SHEM-MISHPACHA-MUTAV xmlns:p7="http://www.w3.org/2001/XMLSchema-instance" p7:nil="true" />
                  <SUG-ZIKA>8</SUG-ZIKA>
                  <ACHUZ-MUTAV xmlns:p7="http://www.w3.org/2001/XMLSchema-instance" p7:nil="true" />
                  <HAGDARAT-MUTAV>1</HAGDARAT-MUTAV>
                  <MAHUT-MUTAV>1</MAHUT-MUTAV>
                </Mutav>
                <KisuiBKerenPensia>
                  <!---W- Block:[KisuiBKerenPensia] Not Implemented By Design-->
                  <ALUT-KISUI-NECHUT xmlns:p7="http://www.w3.org/2001/XMLSchema-instance" p7:nil="true" />
                  <ALUT-KISUI-PNS-SHRM-NECHE xmlns:p7="http://www.w3.org/2001/XMLSchema-instance" p7:nil="true" />
                  <SHEUR-KISUY-NECHUT xmlns:p7="http://www.w3.org/2001/XMLSchema-instance" p7:nil="true" />
                  <SACHAR-KOVEA-LE-NECHUT-VE-SHEERIM xmlns:p7="http://www.w3.org/2001/XMLSchema-instance" p7:nil="true" />
                  <TAARICH-MASKORET-NECHUT-VE-SHEERIM xmlns:p7="http://www.w3.org/2001/XMLSchema-instance" p7:nil="true" />
                  <SUG-VITOR-SHAERIM xmlns:p7="http://www.w3.org/2001/XMLSchema-instance" p7:nil="true" />
                  <SACH-PENSIAT-NECHUT xmlns:p7="http://www.w3.org/2001/XMLSchema-instance" p7:nil="true" />
                  <NECHUT-MITPATAHAT xmlns:p7="http://www.w3.org/2001/XMLSchema-instance" p7:nil="true" />
                  <VITUR-KISUY-BITUCHI xmlns:p7="http://www.w3.org/2001/XMLSchema-instance" p7:nil="true" />
                  <ALUT-KISUY-SHEERIM xmlns:p7="http://www.w3.org/2001/XMLSchema-instance" p7:nil="true" />
                  <SHIUR-KISUY-YATOM xmlns:p7="http://www.w3.org/2001/XMLSchema-instance" p7:nil="true" />
                  <KITZBAT-SHEERIM-LEALMAN-O-ALMANA xmlns:p7="http://www.w3.org/2001/XMLSchema-instance" p7:nil="true" />
                  <KITZBAT-SHEERIM-LEYATOM xmlns:p7="http://www.w3.org/2001/XMLSchema-instance" p7:nil="true" />
                  <KITZBAT-SHEERIM-LEHORE-NITMACH xmlns:p7="http://www.w3.org/2001/XMLSchema-instance" p7:nil="true" />
                  <TAARICH-VITOR-SHEERIM xmlns:p7="http://www.w3.org/2001/XMLSchema-instance" p7:nil="true" />
                  <TAARICH-CIUM-VITOR-SEERIM xmlns:p7="http://www.w3.org/2001/XMLSchema-instance" p7:nil="true" />
                  <SHIUR-KISUY-ALMAN-O-ALMANA xmlns:p7="http://www.w3.org/2001/XMLSchema-instance" p7:nil="true" />
                  <SHIUR-KISUY-HORE-NITMACH xmlns:p7="http://www.w3.org/2001/XMLSchema-instance" p7:nil="true" />
                  <GIL-PRISHA-LEPENSIYAT-ZIKNA xmlns:p7="http://www.w3.org/2001/XMLSchema-instance" p7:nil="true" />
                  <SACH-PENSIYAT-ALMAN-O-ALMANA xmlns:p7="http://www.w3.org/2001/XMLSchema-instance" p7:nil="true" />
                  <MISPAR-HODSHEI-HAVERUT-BEKEREN-HAPENSIYA xmlns:p7="http://www.w3.org/2001/XMLSchema-instance" p7:nil="true" />
                  <MISPAR-HODSHEI-HAVERUT-MITZ-BEKEREN-HAPENSIYA xmlns:p7="http://www.w3.org/2001/XMLSchema-instance" p7:nil="true" />
                  <MENAT-PENSIA-TZVURA xmlns:p7="http://www.w3.org/2001/XMLSchema-instance" p7:nil="true" />
                  <AHUZ-PENSIYA-TZVURA xmlns:p7="http://www.w3.org/2001/XMLSchema-instance" p7:nil="true" />
                  <TAARICH-TCHILAT-HAVERUT xmlns:p7="http://www.w3.org/2001/XMLSchema-instance" p7:nil="true" />
                  <TAARICH-ERECH-LANENTUNIM xmlns:p7="http://www.w3.org/2001/XMLSchema-instance" p7:nil="true" />
                  <HATAVA-BITUCHIT xmlns:p7="http://www.w3.org/2001/XMLSchema-instance" p7:nil="true" />
                </KisuiBKerenPensia>
                <!---I- next block located:[Miktsoa_Isuk_Tachviv] for parent key:[520024647:520024647:1:1:0000000058074600:7920572:2:0:0:353:10:0:01/04/2001 00:00:00:30/06/2001 00:00:00:]. next block key:[520024647:520024647:1:1:0000000058074600:7920572:2:0:0:353:10:0:01/04/2001 00:00:00:30/06/2001 00:00:00::20000000000256]-->
                <Miktsoa-Isuk-Tachviv>
                  <TACHVIVIM-O-ISUKIM xmlns:p7="http://www.w3.org/2001/XMLSchema-instance" p7:nil="true" />
                  <KOD-MIKTZOA>מהנדס תוכנה</KOD-MIKTZOA>
                  <TCHUM-ISUK-CHADASH xmlns:p7="http://www.w3.org/2001/XMLSchema-instance" p7:nil="true" />
                </Miktsoa-Isuk-Tachviv>
              </ZihuiKisui>
            </Kisuim>
            <Kisuim>
              <!---I- next block located:[ZihuiKisui] for parent key:[520024647:520024647:1:1:0000000058074600:7920572:2:0:0:8435:10:0:01/06/2019 00:00:00:31/07/2016 00:00:00:]. next block key:[520024647:520024647:1:1:0000000058074600:7920572:2:0:0:8435:10:0:01/06/2019 00:00:00:31/07/2016 00:00:00:]-->
              <ZihuiKisui>
                <MISPAR-KISUI-BE-YATZRAN>520024647210000000002590000000</MISPAR-KISUI-BE-YATZRAN>
                <SHEM-KISUI-YATZRAN>ש.הכנ עיס+פ+ח ‏3‏ מש</SHEM-KISUI-YATZRAN>
                <SUG-KISUI-ETZEL-YATZRAN>2</SUG-KISUI-ETZEL-YATZRAN>
                <MISPAR-POLISA-O-HESHBON-NEGDI xmlns:p6="http://www.w3.org/2001/XMLSchema-instance" p6:nil="true" />
                <!---I- next block located:[PirteiMevutach] for parent key:[520024647:520024647:1:1:0000000058074600:7920572:2:0:0:8435:10:0:01/06/2019 00:00:00:31/07/2016 00:00:00:]. next block key:[520024647:520024647:1:1:0000000058074600:7920572:2:0:0:8435:10:0:01/06/2019 00:00:00:31/07/2016 00:00:00::520024647210000000002590000000]-->
                <PirteiMevutach>
                  <SUG-TEUDA>1</SUG-TEUDA>
                  <MISPAR-ZIHUY-LAKOACH>0000000058074600</MISPAR-ZIHUY-LAKOACH>
                </PirteiMevutach>
                <!---W- optional block not located:[SchumeiBituahYesodi] for parent key:[System.Object[]]-->
                <!---I- next block located:[PirteiKisuiBeMutzar] for parent key:[520024647:520024647:1:1:0000000058074600:7920572:2:0:0:8435:10:0:01/06/2019 00:00:00:31/07/2016 00:00:00:]. next block key:[520024647:520024647:1:1:0000000058074600:7920572:2:0:0:8435:10:0:01/06/2019 00:00:00:31/07/2016 00:00:00:]-->
                <PirteiKisuiBeMutzar>
                  <KOD-MIUTZAR-LAKISUY>520024647210000000002590000000</KOD-MIUTZAR-LAKISUY>
                  <SUG-MEVUTACH>1</SUG-MEVUTACH>
                  <SUG-KISUY-BITOCHI>6</SUG-KISUY-BITOCHI>
                  <TAARICH-TCHILAT-KISUY>20190601</TAARICH-TCHILAT-KISUY>
                  <TAARICH-TOM-KISUY>20280601</TAARICH-TOM-KISUY>
                  <KOD-NISPACH-KISUY>1254</KOD-NISPACH-KISUY>
                  <SUG-ISUK xmlns:p7="http://www.w3.org/2001/XMLSchema-instance" p7:nil="true" />
                  <KOLEL-PRENZISA xmlns:p7="http://www.w3.org/2001/XMLSchema-instance" p7:nil="true" />
                  <TAARICH-HAFSAKAT-TASHLUM>20280601</TAARICH-HAFSAKAT-TASHLUM>
                  <ACHUZ-ME-SCM-BTH-YESODI xmlns:p7="http://www.w3.org/2001/XMLSchema-instance" p7:nil="true" />
                  <ACHUZ-MESACHAR>0.00</ACHUZ-MESACHAR>
                  <OFEN-TASHLUM-SCHUM-BITUACH>3</OFEN-TASHLUM-SCHUM-BITUACH>
                  <SCHUM-BITUACH>0.00</SCHUM-BITUACH>
                  <MESHALEM-HAKISUY>6</MESHALEM-HAKISUY>
                  <KOD-ISHUN>2</KOD-ISHUN>
                  <IND-CHITUM>3</IND-CHITUM>
                  <TAARICH-CHITUM xmlns:p7="http://www.w3.org/2001/XMLSchema-instance" p7:nil="true" />
                  <HACHRAGA>3</HACHRAGA>
                  <SUG-HACHRAGA>3</SUG-HACHRAGA>
                  <TKUFAT-ACHSHARA xmlns:p7="http://www.w3.org/2001/XMLSchema-instance" p7:nil="true" />
                  <TKUFAT-HAMTANA-CHODASHIM>0</TKUFAT-HAMTANA-CHODASHIM>
                  <HANACHA>3</HANACHA>
                  <HATNAYA-LAHANACHA-DMEI-BITUAH>3</HATNAYA-LAHANACHA-DMEI-BITUAH>
                  <DMEI-BITUAH-LETASHLUM-BAPOAL>63.24</DMEI-BITUAH-LETASHLUM-BAPOAL>
                  <SUG-HANACHA-KISUY xmlns:p7="http://www.w3.org/2001/XMLSchema-instance" p7:nil="true" />
                  <SHIUR-HANACHA-BEKISUI xmlns:p7="http://www.w3.org/2001/XMLSchema-instance" p7:nil="true" />
                  <ERECH-HANACHA-BEKISUI xmlns:p7="http://www.w3.org/2001/XMLSchema-instance" p7:nil="true" />
                  <TADIRUT-SHINUY-DMEI-HABITUAH-BESHANIM>1</TADIRUT-SHINUY-DMEI-HABITUAH-BESHANIM>
                  <TAARICH-IDKUN-HABA-SHEL-DMEI-HABITUAH>20200601</TAARICH-IDKUN-HABA-SHEL-DMEI-HABITUAH>
                </PirteiKisuiBeMutzar>
                <!---I- next block located:[PirteiTosafot] for parent key:[520024647:520024647:1:1:0000000058074600:7920572:2:0:0:8435:10:0:01/06/2019 00:00:00:31/07/2016 00:00:00:]. next block key:[520024647:520024647:1:1:0000000058074600:7920572:2:0:0:8435:10:0:01/06/2019 00:00:00:31/07/2016 00:00:00:]-->
                <PirteiTosafot>
                  <TOSEFET-TAARIF>2</TOSEFET-TAARIF>
                  <KOD-SUG-TOSEFET xmlns:p7="http://www.w3.org/2001/XMLSchema-instance" p7:nil="true" />
                  <SHEUR-TOSEFET xmlns:p7="http://www.w3.org/2001/XMLSchema-instance" p7:nil="true" />
                  <PROMIL-TOSEFET xmlns:p7="http://www.w3.org/2001/XMLSchema-instance" p7:nil="true" />
                  <TAARICH-TOM-TOSEFET xmlns:p7="http://www.w3.org/2001/XMLSchema-instance" p7:nil="true" />
                </PirteiTosafot>
                <!---I- next block located:[Mutav] for parent key:[520024647:520024647:1:1:0000000058074600:7920572:2:0:0:8435:10:0:01/06/2019 00:00:00:31/07/2016 00:00:00:]. next block key:[520024647:520024647:1:1:0000000058074600:7920572:2:0:0:8435:10:0:01/06/2019 00:00:00:31/07/2016 00:00:00:]-->
                <Mutav>
                  <SUG-ZIHUY-MUTAV>7</SUG-ZIHUY-MUTAV>
                  <KOD-ZIHUY-MUTAV>3</KOD-ZIHUY-MUTAV>
                  <MISPAR-ZIHUY-MUTAV xmlns:p7="http://www.w3.org/2001/XMLSchema-instance" p7:nil="true" />
                  <SHEM-PRATI-MUTAV xmlns:p7="http://www.w3.org/2001/XMLSchema-instance" p7:nil="true" />
                  <SHEM-MISHPACHA-MUTAV xmlns:p7="http://www.w3.org/2001/XMLSchema-instance" p7:nil="true" />
                  <SUG-ZIKA>8</SUG-ZIKA>
                  <ACHUZ-MUTAV xmlns:p7="http://www.w3.org/2001/XMLSchema-instance" p7:nil="true" />
                  <HAGDARAT-MUTAV>1</HAGDARAT-MUTAV>
                  <MAHUT-MUTAV>1</MAHUT-MUTAV>
                </Mutav>
                <KisuiBKerenPensia>
                  <!---W- Block:[KisuiBKerenPensia] Not Implemented By Design-->
                  <ALUT-KISUI-NECHUT xmlns:p7="http://www.w3.org/2001/XMLSchema-instance" p7:nil="true" />
                  <ALUT-KISUI-PNS-SHRM-NECHE xmlns:p7="http://www.w3.org/2001/XMLSchema-instance" p7:nil="true" />
                  <SHEUR-KISUY-NECHUT xmlns:p7="http://www.w3.org/2001/XMLSchema-instance" p7:nil="true" />
                  <SACHAR-KOVEA-LE-NECHUT-VE-SHEERIM xmlns:p7="http://www.w3.org/2001/XMLSchema-instance" p7:nil="true" />
                  <TAARICH-MASKORET-NECHUT-VE-SHEERIM xmlns:p7="http://www.w3.org/2001/XMLSchema-instance" p7:nil="true" />
                  <SUG-VITOR-SHAERIM xmlns:p7="http://www.w3.org/2001/XMLSchema-instance" p7:nil="true" />
                  <SACH-PENSIAT-NECHUT xmlns:p7="http://www.w3.org/2001/XMLSchema-instance" p7:nil="true" />
                  <NECHUT-MITPATAHAT xmlns:p7="http://www.w3.org/2001/XMLSchema-instance" p7:nil="true" />
                  <VITUR-KISUY-BITUCHI xmlns:p7="http://www.w3.org/2001/XMLSchema-instance" p7:nil="true" />
                  <ALUT-KISUY-SHEERIM xmlns:p7="http://www.w3.org/2001/XMLSchema-instance" p7:nil="true" />
                  <SHIUR-KISUY-YATOM xmlns:p7="http://www.w3.org/2001/XMLSchema-instance" p7:nil="true" />
                  <KITZBAT-SHEERIM-LEALMAN-O-ALMANA xmlns:p7="http://www.w3.org/2001/XMLSchema-instance" p7:nil="true" />
                  <KITZBAT-SHEERIM-LEYATOM xmlns:p7="http://www.w3.org/2001/XMLSchema-instance" p7:nil="true" />
                  <KITZBAT-SHEERIM-LEHORE-NITMACH xmlns:p7="http://www.w3.org/2001/XMLSchema-instance" p7:nil="true" />
                  <TAARICH-VITOR-SHEERIM xmlns:p7="http://www.w3.org/2001/XMLSchema-instance" p7:nil="true" />
                  <TAARICH-CIUM-VITOR-SEERIM xmlns:p7="http://www.w3.org/2001/XMLSchema-instance" p7:nil="true" />
                  <SHIUR-KISUY-ALMAN-O-ALMANA xmlns:p7="http://www.w3.org/2001/XMLSchema-instance" p7:nil="true" />
                  <SHIUR-KISUY-HORE-NITMACH xmlns:p7="http://www.w3.org/2001/XMLSchema-instance" p7:nil="true" />
                  <GIL-PRISHA-LEPENSIYAT-ZIKNA xmlns:p7="http://www.w3.org/2001/XMLSchema-instance" p7:nil="true" />
                  <SACH-PENSIYAT-ALMAN-O-ALMANA xmlns:p7="http://www.w3.org/2001/XMLSchema-instance" p7:nil="true" />
                  <MISPAR-HODSHEI-HAVERUT-BEKEREN-HAPENSIYA xmlns:p7="http://www.w3.org/2001/XMLSchema-instance" p7:nil="true" />
                  <MISPAR-HODSHEI-HAVERUT-MITZ-BEKEREN-HAPENSIYA xmlns:p7="http://www.w3.org/2001/XMLSchema-instance" p7:nil="true" />
                  <MENAT-PENSIA-TZVURA xmlns:p7="http://www.w3.org/2001/XMLSchema-instance" p7:nil="true" />
                  <AHUZ-PENSIYA-TZVURA xmlns:p7="http://www.w3.org/2001/XMLSchema-instance" p7:nil="true" />
                  <TAARICH-TCHILAT-HAVERUT xmlns:p7="http://www.w3.org/2001/XMLSchema-instance" p7:nil="true" />
                  <TAARICH-ERECH-LANENTUNIM xmlns:p7="http://www.w3.org/2001/XMLSchema-instance" p7:nil="true" />
                  <HATAVA-BITUCHIT xmlns:p7="http://www.w3.org/2001/XMLSchema-instance" p7:nil="true" />
                </KisuiBKerenPensia>
                <!---I- next block located:[Miktsoa_Isuk_Tachviv] for parent key:[520024647:520024647:1:1:0000000058074600:7920572:2:0:0:8435:10:0:01/06/2019 00:00:00:31/07/2016 00:00:00:]. next block key:[520024647:520024647:1:1:0000000058074600:7920572:2:0:0:8435:10:0:01/06/2019 00:00:00:31/07/2016 00:00:00::21000000000259]-->
                <Miktsoa-Isuk-Tachviv>
                  <TACHVIVIM-O-ISUKIM xmlns:p7="http://www.w3.org/2001/XMLSchema-instance" p7:nil="true" />
                  <KOD-MIKTZOA>מהנדס תוכנה</KOD-MIKTZOA>
                  <TCHUM-ISUK-CHADASH xmlns:p7="http://www.w3.org/2001/XMLSchema-instance" p7:nil="true" />
                </Miktsoa-Isuk-Tachviv>
              </ZihuiKisui>
            </Kisuim>
          </HeshbonOPolisa>
        </HeshbonotOPolisot>
      </Mutzar>
    </Mutzarim>
  </YeshutYatzran>
  <ReshumatSgira>
    <KAMUT-YATZRANIM>000000001</KAMUT-YATZRANIM>
    <KAMUT-METAFELIM>000000001</KAMUT-METAFELIM>
    <KAMUT-MUTZARIM>000000001</KAMUT-MUTZARIM>
    <KAMUT-YESHUYOT-MAASIK>000000001</KAMUT-YESHUYOT-MAASIK>
    <KAMUT-YESHUYOT-MEFITZ>000000001</KAMUT-YESHUYOT-MEFITZ>
    <MISPAR-YESHUYUT-LAKOACH-BAKOVETZ>000000001</MISPAR-YESHUYUT-LAKOACH-BAKOVETZ>
    <KAMUT-POLISOT>000000001</KAMUT-POLISOT>
  </ReshumatSgira>
</Mimshak>