<Mimshak>
  <KoteretKovetz>
    <SUG-MIMSHAK>2</SUG-MIMSHAK>
    <MISPAR-GIRSAT-XML>007</MISPAR-GIRSAT-XML>
    <TAARICH-BITZUA>20200622130529</TAARICH-BITZUA>
    <KOD-SVIVAT-AVODA>2</KOD-SVIVAT-AVODA>
    <KIVUN-MIMSHAK-XML>4</KIVUN-MIMSHAK-XML>
    <KOD-SHOLEACH>512065202</KOD-SHOLEACH>
    <SHEM-SHOLEACH>מיטב דש גמל ופנסיה בע"מ</SHEM-SHOLEACH>
    <KOD-MEZAHE-METAFEL>512065202</KOD-MEZAHE-METAFEL>
    <SHEM-METAFEL>מיטב דש גמל ופנסיה בע"מ</SHEM-METAFEL>
    <MEZAHE-HAAVARA>1</MEZAHE-HAAVARA>
    <MISPAR-HAKOVETZ>20200622130529512065202</MISPAR-HAKOVETZ>
  </KoteretKovetz>
  <YeshutYatzran>
    <KOD-MEZAHE-YATZRAN>512065202</KOD-MEZAHE-YATZRAN>
    <SHEM-YATZRAN>מיטב דש גמל ופנסיה בע"מ</SHEM-YATZRAN>
    <MEZAHE-LAKOACH-MISLAKA xmlns:p2="http://www.w3.org/2001/XMLSchema-instance" p2:nil="true" />
    <IshKesherYeshutYatzran>
      <SHEM-PRATI>מור</SHEM-PRATI>
      <SHEM-MISHPACHA>חסיד</SHEM-MISHPACHA>
      <ERETZ>ישראל</ERETZ>
      <SHEM-YISHUV>פתח תקוה</SHEM-YISHUV>
      <SEMEL-YESHUV>999</SEMEL-YESHUV>
      <SHEM-RECHOV>אפעל</SHEM-RECHOV>
      <MISPAR-BAIT>35</MISPAR-BAIT>
      <MISPAR-KNISA xmlns:p3="http://www.w3.org/2001/XMLSchema-instance" p3:nil="true" />
      <MISPAR-DIRA>999</MISPAR-DIRA>
      <MIKUD>49511</MIKUD>
      <TA-DOAR>999</TA-DOAR>
      <MISPAR-TELEPHONE-KAVI>03-9785577</MISPAR-TELEPHONE-KAVI>
      <MISPAR-SHLUCHA xmlns:p3="http://www.w3.org/2001/XMLSchema-instance" p3:nil="true" />
      <MISPAR-CELLULARI xmlns:p3="http://www.w3.org/2001/XMLSchema-instance" p3:nil="true" />
      <MISPAR-FAX>03-9785634</MISPAR-FAX>
      <E-MAIL>avip@meitav.co.il</E-MAIL>
      <HEAROT>דסק בנקים</HEAROT>
    </IshKesherYeshutYatzran>
    <IshKesherYeshutYatzran>
      <SHEM-PRATI>אורטל</SHEM-PRATI>
      <SHEM-MISHPACHA>אוחיון</SHEM-MISHPACHA>
      <ERETZ>ישראל</ERETZ>
      <SHEM-YISHUV>פתח תקוה</SHEM-YISHUV>
      <SEMEL-YESHUV>999</SEMEL-YESHUV>
      <SHEM-RECHOV>אפעל</SHEM-RECHOV>
      <MISPAR-BAIT>35</MISPAR-BAIT>
      <MISPAR-KNISA xmlns:p3="http://www.w3.org/2001/XMLSchema-instance" p3:nil="true" />
      <MISPAR-DIRA>999</MISPAR-DIRA>
      <MIKUD>49511</MIKUD>
      <TA-DOAR>999</TA-DOAR>
      <MISPAR-TELEPHONE-KAVI>03-9785577</MISPAR-TELEPHONE-KAVI>
      <MISPAR-SHLUCHA xmlns:p3="http://www.w3.org/2001/XMLSchema-instance" p3:nil="true" />
      <MISPAR-CELLULARI xmlns:p3="http://www.w3.org/2001/XMLSchema-instance" p3:nil="true" />
      <MISPAR-FAX>03-9785634</MISPAR-FAX>
      <E-MAIL>avip@meitav.co.il</E-MAIL>
      <HEAROT>דסק בנקים</HEAROT>
    </IshKesherYeshutYatzran>
    <IshKesherYeshutYatzran>
      <SHEM-PRATI>אביבית</SHEM-PRATI>
      <SHEM-MISHPACHA>בלכר</SHEM-MISHPACHA>
      <ERETZ>ישראל</ERETZ>
      <SHEM-YISHUV>פתח תקוה</SHEM-YISHUV>
      <SEMEL-YESHUV>999</SEMEL-YESHUV>
      <SHEM-RECHOV>אפעל</SHEM-RECHOV>
      <MISPAR-BAIT>35</MISPAR-BAIT>
      <MISPAR-KNISA xmlns:p3="http://www.w3.org/2001/XMLSchema-instance" p3:nil="true" />
      <MISPAR-DIRA>999</MISPAR-DIRA>
      <MIKUD>49511</MIKUD>
      <TA-DOAR>999</TA-DOAR>
      <MISPAR-TELEPHONE-KAVI>03-7903304</MISPAR-TELEPHONE-KAVI>
      <MISPAR-SHLUCHA xmlns:p3="http://www.w3.org/2001/XMLSchema-instance" p3:nil="true" />
      <MISPAR-CELLULARI xmlns:p3="http://www.w3.org/2001/XMLSchema-instance" p3:nil="true" />
      <MISPAR-FAX>03-9785634</MISPAR-FAX>
      <E-MAIL>Avivit.Blecher@MeitavDash.co.il</E-MAIL>
      <HEAROT>דסק בנקים</HEAROT>
    </IshKesherYeshutYatzran>
    <YeshutMetafel>
      <KOD-MEZAHE-METAFEL>512065202</KOD-MEZAHE-METAFEL>
      <SHEM-METAFEL>מיטב דש גמל ופנסיה בע"מ</SHEM-METAFEL>
    </YeshutMetafel>
    <Mutzarim>
      <Mutzar>
        <YeshutNimaansofi>
          <KOD-NIMAAN xmlns:p3="http://www.w3.org/2001/XMLSchema-instance" p3:nil="true" />
          <SUG-MEZAHE-NIMAAN xmlns:p3="http://www.w3.org/2001/XMLSchema-instance" p3:nil="true" />
          <MISPAR-ZIHUI-NIMAAN xmlns:p3="http://www.w3.org/2001/XMLSchema-instance" p3:nil="true" />
          <MISPAR-ZIHUI-ETZEL-YATZRAN-NIMAAN xmlns:p3="http://www.w3.org/2001/XMLSchema-instance" p3:nil="true" />
        </YeshutNimaansofi>
        <NetuneiMutzar>
          <KOD-MEZAHE-YATZRAN>512065202</KOD-MEZAHE-YATZRAN>
          <KOD-MEZAHE-METAFEL>512065202</KOD-MEZAHE-METAFEL>
          <SUG-MUTZAR>4</SUG-MUTZAR>
          <SHEM-KOVETZ-MEKORI xmlns:p3="http://www.w3.org/2001/XMLSchema-instance" p3:nil="true" />
          <MISPAR-SHURA-MEKORI xmlns:p3="http://www.w3.org/2001/XMLSchema-instance" p3:nil="true" />
          <RESERVA-MISLAKA xmlns:p3="http://www.w3.org/2001/XMLSchema-instance" p3:nil="true" />
          <MISPAR-MISLAKA>12652F2A-8951-4457-A522-B6410E87FA0D</MISPAR-MISLAKA>
          <STATUS-RESHOMA>1</STATUS-RESHOMA>
          <MISPAR-SHORA>1</MISPAR-SHORA>
          <TOTAL-ZEHUT-PER-MONTH xmlns:p3="http://www.w3.org/2001/XMLSchema-instance" p3:nil="true" />
          <TOTAL-MUTZARIM-PER-MONTH xmlns:p3="http://www.w3.org/2001/XMLSchema-instance" p3:nil="true" />
          <YeshutMaasik>
            <MPR-MAASIK-BE-YATZRAN>520027194</MPR-MAASIK-BE-YATZRAN>
            <SUG-MEZAHE-MAASIK>1</SUG-MEZAHE-MAASIK>
            <MISPAR-MEZAHE-MAASIK>0000000520027194</MISPAR-MEZAHE-MAASIK>
            <MISPAR-TIK-NIKUIIM xmlns:p4="http://www.w3.org/2001/XMLSchema-instance" p4:nil="true" />
            <SHEM-MAASIK>התעשיה האוירית לישראל בעמ</SHEM-MAASIK>
            <ERETZ />
            <SHEM-YISHUV>נמל תעופה</SHEM-YISHUV>
            <SEMEL-YESHUV xmlns:p4="http://www.w3.org/2001/XMLSchema-instance" p4:nil="true" />
            <SHEM-RECHOV>נתב"ג</SHEM-RECHOV>
            <MISPAR-BAIT />
            <MISPAR-KNISA />
            <MISPAR-DIRA xmlns:p4="http://www.w3.org/2001/XMLSchema-instance" p4:nil="true" />
            <MIKUD>70100</MIKUD>
            <TA-DOAR xmlns:p4="http://www.w3.org/2001/XMLSchema-instance" p4:nil="true" />
            <MISPAR-TELEPHONE-KAVI>03-9357979</MISPAR-TELEPHONE-KAVI>
            <MISPAR-SHLUCHA />
            <MISPAR-CELLULARI />
            <MISPAR-FAX xmlns:p4="http://www.w3.org/2001/XMLSchema-instance" p4:nil="true" />
            <E-MAIL />
            <HEAROT />
            <IshKesherYeshutMaasik>
              <SHEM-PRATI xmlns:p5="http://www.w3.org/2001/XMLSchema-instance" p5:nil="true" />
              <SHEM-MISHPACHA xmlns:p5="http://www.w3.org/2001/XMLSchema-instance" p5:nil="true" />
              <MISPAR-TELEPHONE-KAVI xmlns:p5="http://www.w3.org/2001/XMLSchema-instance" p5:nil="true" />
              <MISPAR-CELLULARI xmlns:p5="http://www.w3.org/2001/XMLSchema-instance" p5:nil="true" />
              <MISPAR-FAX xmlns:p5="http://www.w3.org/2001/XMLSchema-instance" p5:nil="true" />
              <E-MAIL xmlns:p5="http://www.w3.org/2001/XMLSchema-instance" p5:nil="true" />
              <HEAROT xmlns:p5="http://www.w3.org/2001/XMLSchema-instance" p5:nil="true" />
            </IshKesherYeshutMaasik>
          </YeshutMaasik>
          <YeshutLakoach>
            <SUG-MEZAHE-LAKOACH>1</SUG-MEZAHE-LAKOACH>
            <MISPAR-ZIHUY-LAKOACH>0000000058074600</MISPAR-ZIHUY-LAKOACH>
            <SHEM-PRATI>נאמן רפאל</SHEM-PRATI>
            <SHEM-MISHPACHA-KODEM />
            <SHEM-MISHPACHA>נאמן רפאל</SHEM-MISHPACHA>
            <MIN>1</MIN>
            <TAARICH-LEYDA>19631018</TAARICH-LEYDA>
            <PTIRA>2</PTIRA>
            <TAARICH-PTIRA xmlns:p4="http://www.w3.org/2001/XMLSchema-instance" p4:nil="true" />
            <MATZAV-MISHPACHTI>0</MATZAV-MISHPACHTI>
            <ERETZ>ישראל</ERETZ>
            <SHEM-YISHUV>מודיעין עילית</SHEM-YISHUV>
            <SEMEL-YESHUV>0</SEMEL-YESHUV>
            <SHEM-RECHOV>אור החיים 21 דירה:4</SHEM-RECHOV>
            <MISPAR-BAIT />
            <MISPAR-KNISA xmlns:p4="http://www.w3.org/2001/XMLSchema-instance" p4:nil="true" />
            <MISPAR-DIRA>0</MISPAR-DIRA>
            <MIKUD>7191900</MIKUD>
            <TA-DOAR>0</TA-DOAR>
            <MISPAR-TELEPHONE-KAVI>054--231181</MISPAR-TELEPHONE-KAVI>
            <MISPAR-SHLUCHA />
            <MISPAR-CELLULARI>054-2311819</MISPAR-CELLULARI>
            <MISPAR-FAX />
            <E-MAIL xmlns:p4="http://www.w3.org/2001/XMLSchema-instance" p4:nil="true" />
            <HEAROT />
            <MISPAR-YELADIM>0</MISPAR-YELADIM>
          </YeshutLakoach>
        </NetuneiMutzar>
        <HeshbonotOPolisot>
          <HeshbonOPolisa>
            <ASMACHTA-MEKORIT />
            <MISPAR-POLISA-O-HESHBON>033-245-151577-000</MISPAR-POLISA-O-HESHBON>
            <SHEM-TOCHNIT>מיטב דש השתלמות מסלול כללי</SHEM-TOCHNIT>
            <KIDOD-ACHID>512065202000000000008800000000</KIDOD-ACHID>
            <MPR-MEFITZ-BE-YATZRAN>122</MPR-MEFITZ-BE-YATZRAN>
            <TAARICH-NECHONUT>20200531</TAARICH-NECHONUT>
            <TAARICH-HITZTARFUT-MUTZAR>20170820</TAARICH-HITZTARFUT-MUTZAR>
            <TAARICH-HITZTARFUT-RISHON>20170820</TAARICH-HITZTARFUT-RISHON>
            <SUG-KEREN-PENSIA xmlns:p4="http://www.w3.org/2001/XMLSchema-instance" p4:nil="true" />
            <PENSIA-VATIKA-O-HADASHA xmlns:p4="http://www.w3.org/2001/XMLSchema-instance" p4:nil="true" />
            <TAARICH-IDKUN-STATUS>20200531</TAARICH-IDKUN-STATUS>
            <STATUS-POLISA-O-CHESHBON>6</STATUS-POLISA-O-CHESHBON>
            <TAARICH-TCHILA-RISK-ZMANI xmlns:p4="http://www.w3.org/2001/XMLSchema-instance" p4:nil="true" />
            <TOM-TOKEF-RISK-ZMANI xmlns:p4="http://www.w3.org/2001/XMLSchema-instance" p4:nil="true" />
            <SUG-POLISA xmlns:p4="http://www.w3.org/2001/XMLSchema-instance" p4:nil="true" />
            <SUG-TOCHNIT-O-CHESHBON>1</SUG-TOCHNIT-O-CHESHBON>
            <MADAD-BASIS xmlns:p4="http://www.w3.org/2001/XMLSchema-instance" p4:nil="true" />
            <AZMADA-LEALVAHA xmlns:p4="http://www.w3.org/2001/XMLSchema-instance" p4:nil="true" />
            <TAARICH-ACHRON-MOTAV-MUVET>19000101</TAARICH-ACHRON-MOTAV-MUVET>
            <KOLEL-ZAKAUT-AGACH xmlns:p4="http://www.w3.org/2001/XMLSchema-instance" p4:nil="true" />
            <SHIOR-AGACH-MEUADOT xmlns:p4="http://www.w3.org/2001/XMLSchema-instance" p4:nil="true" />
            <AVTACHT-TESOA xmlns:p4="http://www.w3.org/2001/XMLSchema-instance" p4:nil="true" />
            <TAARICH-CIUM-AVTACHT-TESOA xmlns:p4="http://www.w3.org/2001/XMLSchema-instance" p4:nil="true" />
            <MISPAR-GIMLAOT xmlns:p4="http://www.w3.org/2001/XMLSchema-instance" p4:nil="true" />
            <TIKUN-190>2</TIKUN-190>
            <KAYAM-KISUY-HIZONI>2</KAYAM-KISUY-HIZONI>
            <KISUY-ISHY-KVOZATI xmlns:p4="http://www.w3.org/2001/XMLSchema-instance" p4:nil="true" />
            <KtovetLemishloach>
              <ERETZ>ישראל</ERETZ>
              <SHEM-YISHUV>מודיעין עילית</SHEM-YISHUV>
              <SEMEL-YESHUV xmlns:p5="http://www.w3.org/2001/XMLSchema-instance" p5:nil="true" />
              <SHEM-RECHOV>אור החיים 21 דירה:4</SHEM-RECHOV>
              <MISPAR-BAIT />
              <MISPAR-KNISA />
              <MISPAR-DIRA>0</MISPAR-DIRA>
              <MIKUD xmlns:p5="http://www.w3.org/2001/XMLSchema-instance" p5:nil="true" />
              <TA-DOAR xmlns:p5="http://www.w3.org/2001/XMLSchema-instance" p5:nil="true" />
            </KtovetLemishloach>
            <NetuneiAmitOmevutach>
              <KOD-ZIHUY-LAKOACH>1</KOD-ZIHUY-LAKOACH>
              <MISPAR-ZIHUY>0000000058074600</MISPAR-ZIHUY>
            </NetuneiAmitOmevutach>
            <NetuneiSheerim>
              <Sheer>
                <SUG-ZIKA xmlns:p6="http://www.w3.org/2001/XMLSchema-instance" p6:nil="true" />
                <KOD-ZIHUI-SHEERIM xmlns:p6="http://www.w3.org/2001/XMLSchema-instance" p6:nil="true" />
                <MISPAR-ZIHUY-SHEERIM xmlns:p6="http://www.w3.org/2001/XMLSchema-instance" p6:nil="true" />
                <SHEM-PRATI-SHEERIM xmlns:p6="http://www.w3.org/2001/XMLSchema-instance" p6:nil="true" />
                <SHEM-MISHPACHA-SHEERIM xmlns:p6="http://www.w3.org/2001/XMLSchema-instance" p6:nil="true" />
                <SHEM-MISHPAHA-KODEM xmlns:p6="http://www.w3.org/2001/XMLSchema-instance" p6:nil="true" />
                <TAARICH-LEIDA xmlns:p6="http://www.w3.org/2001/XMLSchema-instance" p6:nil="true" />
              </Sheer>
            </NetuneiSheerim>
            <MaslulBituach>
              <MASLUL-BITUACH-BAKEREN-PENSIA xmlns:p5="http://www.w3.org/2001/XMLSchema-instance" p5:nil="true" />
              <SHEM-MASLUL-HABITUAH xmlns:p5="http://www.w3.org/2001/XMLSchema-instance" p5:nil="true" />
            </MaslulBituach>
            <PerutShiabudIkul>
              <HUTAL-SHIABUD>2</HUTAL-SHIABUD>
              <HUTAL-IKUL>2</HUTAL-IKUL>
            </PerutShiabudIkul>
            <Halvaa>
              <YESH-HALVAA-BAMUTZAR>2</YESH-HALVAA-BAMUTZAR>
              <RAMAT-HALVAA xmlns:p5="http://www.w3.org/2001/XMLSchema-instance" p5:nil="true" />
              <MISDAR-SIDURI-SHEL-HAHALVAA xmlns:p5="http://www.w3.org/2001/XMLSchema-instance" p5:nil="true" />
              <SCHUM-HALVAA xmlns:p5="http://www.w3.org/2001/XMLSchema-instance" p5:nil="true" />
              <TAARICH-KABALAT-HALVAA xmlns:p5="http://www.w3.org/2001/XMLSchema-instance" p5:nil="true" />
              <TAARICH-SIYUM-HALVAA xmlns:p5="http://www.w3.org/2001/XMLSchema-instance" p5:nil="true" />
              <YITRAT-HALVAA xmlns:p5="http://www.w3.org/2001/XMLSchema-instance" p5:nil="true" />
              <TKUFAT-HALVAA xmlns:p5="http://www.w3.org/2001/XMLSchema-instance" p5:nil="true" />
              <RIBIT xmlns:p5="http://www.w3.org/2001/XMLSchema-instance" p5:nil="true" />
              <SUG-RIBIT xmlns:p5="http://www.w3.org/2001/XMLSchema-instance" p5:nil="true" />
              <SUG-HATZNMADA xmlns:p5="http://www.w3.org/2001/XMLSchema-instance" p5:nil="true" />
              <TADIRUT-HECHZER-HALVAA xmlns:p5="http://www.w3.org/2001/XMLSchema-instance" p5:nil="true" />
              <SUG-HECHZER xmlns:p5="http://www.w3.org/2001/XMLSchema-instance" p5:nil="true" />
              <SCHUM-HECHZER-TKUFATI xmlns:p5="http://www.w3.org/2001/XMLSchema-instance" p5:nil="true" />
            </Halvaa>
            <PirteyTvia>
              <YESH-TVIA>2</YESH-TVIA>
              <MISPAR-TVIA-BE-YATZRAN xmlns:p5="http://www.w3.org/2001/XMLSchema-instance" p5:nil="true" />
              <MISPAR-KISUI-BE-YATZRAN xmlns:p5="http://www.w3.org/2001/XMLSchema-instance" p5:nil="true" />
              <SHEM-KISUI-BE-YATZRAN xmlns:p5="http://www.w3.org/2001/XMLSchema-instance" p5:nil="true" />
              <SUG-HATVIAA xmlns:p5="http://www.w3.org/2001/XMLSchema-instance" p5:nil="true" />
              <OFEN-TASHLUM xmlns:p5="http://www.w3.org/2001/XMLSchema-instance" p5:nil="true" />
              <KOD-STATUS-TVIAA xmlns:p5="http://www.w3.org/2001/XMLSchema-instance" p5:nil="true" />
              <TAARICH-STATUS-TVIA xmlns:p5="http://www.w3.org/2001/XMLSchema-instance" p5:nil="true" />
              <TAARICH-TECHILAT-TASHLUM xmlns:p5="http://www.w3.org/2001/XMLSchema-instance" p5:nil="true" />
              <ACHUZ-MEUSHAR-O-K-A-SHICHRUR xmlns:p5="http://www.w3.org/2001/XMLSchema-instance" p5:nil="true" />
              <SCHUM-TVIA-MEUSHAR>0</SCHUM-TVIA-MEUSHAR>
              <ACHUZ-NECHUT>0</ACHUZ-NECHUT>
            </PirteyTvia>
            <PerutMitryot>
              <KAYAM-KISUY-BITUCHI-COLECTIVI-LEAMITIM>2</KAYAM-KISUY-BITUCHI-COLECTIVI-LEAMITIM>
              <SHEM-MEVATACHAT xmlns:p5="http://www.w3.org/2001/XMLSchema-instance" p5:nil="true" />
              <TAARICH-TCHILAT-HABITUACH xmlns:p5="http://www.w3.org/2001/XMLSchema-instance" p5:nil="true" />
              <TAARICH-TOM-TKUFAT-HABITUAH xmlns:p5="http://www.w3.org/2001/XMLSchema-instance" p5:nil="true" />
              <KOD-SUG-MUTZAR-BITUACH xmlns:p5="http://www.w3.org/2001/XMLSchema-instance" p5:nil="true" />
              <SCHUM-BITUACH xmlns:p5="http://www.w3.org/2001/XMLSchema-instance" p5:nil="true" />
              <ALUT-KISUI xmlns:p5="http://www.w3.org/2001/XMLSchema-instance" p5:nil="true" />
              <MESHALEM-DMEI-HABITUAH xmlns:p5="http://www.w3.org/2001/XMLSchema-instance" p5:nil="true" />
              <TADIRUT-HATSHLUM xmlns:p5="http://www.w3.org/2001/XMLSchema-instance" p5:nil="true" />
              <HAIM-NECHTAM-TOFES-HITZTARFUT xmlns:p5="http://www.w3.org/2001/XMLSchema-instance" p5:nil="true" />
            </PerutMitryot>
            <YitraLefiGilPrisha>
              <GIL-PRISHA>67.00</GIL-PRISHA>
              <TOTAL-CHISACHON-MITZTABER-TZAFUY xmlns:p5="http://www.w3.org/2001/XMLSchema-instance" p5:nil="true" />
              <TZVIRAT-CHISACHON-CHAZUYA-LELO-PREMIYOT>0.00</TZVIRAT-CHISACHON-CHAZUYA-LELO-PREMIYOT>
              <MEKADEM-MOVTACH-LEPRISHA xmlns:p5="http://www.w3.org/2001/XMLSchema-instance" p5:nil="true" />
              <MEKADEM-HAVTACHST-TOCHELET xmlns:p5="http://www.w3.org/2001/XMLSchema-instance" p5:nil="true" />
              <MEKADEM-HAVTACHST-TOCHELETPRISHA xmlns:p5="http://www.w3.org/2001/XMLSchema-instance" p5:nil="true" />
              <SHEM-MASLOL xmlns:p5="http://www.w3.org/2001/XMLSchema-instance" p5:nil="true" />
              <MEKADEM-HAVTACHAT-TSUA xmlns:p5="http://www.w3.org/2001/XMLSchema-instance" p5:nil="true" />
              <MEKADEM-HAVTACHAT-TSUATKUFA xmlns:p5="http://www.w3.org/2001/XMLSchema-instance" p5:nil="true" />
              <TKUFAT-HAGBALA-BESHANIM xmlns:p5="http://www.w3.org/2001/XMLSchema-instance" p5:nil="true" />
              <TOCHELET-MASHPIA-KITZBA xmlns:p5="http://www.w3.org/2001/XMLSchema-instance" p5:nil="true" />
              <TSUA-MASHPIA-KITZBA xmlns:p5="http://www.w3.org/2001/XMLSchema-instance" p5:nil="true" />
              <SHEUR-PNS-ZIKNA-TZFUYA xmlns:p5="http://www.w3.org/2001/XMLSchema-instance" p5:nil="true" />
              <Kupot>
                <Kupa>
                  <SUG-KUPA>3</SUG-KUPA>
                  <SCHUM-KITZVAT-ZIKNA xmlns:p7="http://www.w3.org/2001/XMLSchema-instance" p7:nil="true" />
                  <KITZVAT-HODSHIT-TZFUYA xmlns:p7="http://www.w3.org/2001/XMLSchema-instance" p7:nil="true" />
                  <ACHUZ-TSUA-BATACHAZIT>0.00</ACHUZ-TSUA-BATACHAZIT>
                  <TOTAL-ITRA-TZFUYA-MECHUSHAV-LEHON-IM-PREMIOT>0.00</TOTAL-ITRA-TZFUYA-MECHUSHAV-LEHON-IM-PREMIOT>
                  <TZVIRAT-CHISACHON-TZFUYA-LEHON-LELO-PREMIYOT>0.00</TZVIRAT-CHISACHON-TZFUYA-LEHON-LELO-PREMIYOT>
                  <TOTAL-SCHUM-MTZBR-TZAFUY-LEGIL-PRISHA-MECHUSHAV-LEKITZBA-IM-PREMIYOT>0.00</TOTAL-SCHUM-MTZBR-TZAFUY-LEGIL-PRISHA-MECHUSHAV-LEKITZBA-IM-PREMIYOT>
                  <TOTAL-SCHUM-MITZVTABER-TZFUY-LEGIL-PRISHA-MECHUSHAV-HAMEYOAD-LEKITZBA-LELO-PREMIYOT>0.00</TOTAL-SCHUM-MITZVTABER-TZFUY-LEGIL-PRISHA-MECHUSHAV-HAMEYOAD-LEKITZBA-LELO-PREMIYOT>
                </Kupa>
              </Kupot>
            </YitraLefiGilPrisha>
            <Tsua>
              <SHEUR-TSUA-NETO>-4.44</SHEUR-TSUA-NETO>
              <SHEUR-TSUA-BRUTO-CHS-1 xmlns:p5="http://www.w3.org/2001/XMLSchema-instance" p5:nil="true" />
              <SHEUR-TSUA-MOVTACHAT-MEYOADOT xmlns:p5="http://www.w3.org/2001/XMLSchema-instance" p5:nil="true" />
              <REVACH-HEFSED-BENIKOI-HOZAHOT xmlns:p5="http://www.w3.org/2001/XMLSchema-instance" p5:nil="true" />
              <SIMAN-REVACH-HEFSED xmlns:p5="http://www.w3.org/2001/XMLSchema-instance" p5:nil="true" />
              <ACHUZ-TSUA-BRUTO-CHS-2 xmlns:p5="http://www.w3.org/2001/XMLSchema-instance" p5:nil="true" />
            </Tsua>
            <PirteiTaktziv>
              <PirteiOved>
                <SUG-TOCHNIT-O-CHESHBON>1</SUG-TOCHNIT-O-CHESHBON>
                <MPR-MAASIK-BE-YATZRAN>520027194</MPR-MAASIK-BE-YATZRAN>
                <STATUS-MAASIK>1</STATUS-MAASIK>
                <SUG-BAAL-HAPOLISA-SHE-EINO-HAMEVUTACH xmlns:p6="http://www.w3.org/2001/XMLSchema-instance" p6:nil="true" />
                <MISPAR-BAAL-POLISA-SHEEINO-MEVUTAH xmlns:p6="http://www.w3.org/2001/XMLSchema-instance" p6:nil="true" />
                <SHEM-BAAL-POLISA-SHEEINO-MEVUTAH xmlns:p6="http://www.w3.org/2001/XMLSchema-instance" p6:nil="true" />
              </PirteiOved>
              <PirteiHaasaka>
                <KOD-CHISHUV-SACHAR-POLISA-O-HESHBON>2</KOD-CHISHUV-SACHAR-POLISA-O-HESHBON>
                <SACHAR-POLISA>0.00</SACHAR-POLISA>
                <KOD-OFEN-HATZMADA>1</KOD-OFEN-HATZMADA>
                <TAARICH-MASKORET>20200531</TAARICH-MASKORET>
                <ZAKAUT-LELO-TNAI>3</ZAKAUT-LELO-TNAI>
                <SEIF-14>3</SEIF-14>
                <TAARICH-TCHILAT-TASHLUM xmlns:p6="http://www.w3.org/2001/XMLSchema-instance" p6:nil="true" />
              </PirteiHaasaka>
              <PerutHafrashotLePolisa>
                <SUG-HAMAFKID>1</SUG-HAMAFKID>
                <SUG-HAFRASHA>8</SUG-HAFRASHA>
                <ACHUZ-HAFRASHA>2.50</ACHUZ-HAFRASHA>
                <SCHUM-HAFRASHA>1571.20</SCHUM-HAFRASHA>
                <TAARICH-MADAD>19000101</TAARICH-MADAD>
              </PerutHafrashotLePolisa>
              <PerutHafrashotLePolisa>
                <SUG-HAMAFKID>2</SUG-HAMAFKID>
                <SUG-HAFRASHA>9</SUG-HAFRASHA>
                <ACHUZ-HAFRASHA>7.50</ACHUZ-HAFRASHA>
                <SCHUM-HAFRASHA>4713.60</SCHUM-HAFRASHA>
                <TAARICH-MADAD>19000101</TAARICH-MADAD>
              </PerutHafrashotLePolisa>
              <PerutMasluleiHashkaa>
                <KOD-SUG-MASLUL>1</KOD-SUG-MASLUL>
                <KOD-SUG-HAFRASHA>8</KOD-SUG-HAFRASHA>
                <ACHUZ-HAFKADA-LEHASHKAA>0.00</ACHUZ-HAFKADA-LEHASHKAA>
                <SCHUM-TZVIRA-BAMASLUL>13541.97</SCHUM-TZVIRA-BAMASLUL>
                <SHEM-MASLUL-HASHKAA>מיטב דש השתלמות מסלול כללי</SHEM-MASLUL-HASHKAA>
                <SHEUR-DMEI-NIHUL-HAFKADA xmlns:p6="http://www.w3.org/2001/XMLSchema-instance" p6:nil="true" />
                <SHEUR-DMEI-NIHUL-HISACHON xmlns:p6="http://www.w3.org/2001/XMLSchema-instance" p6:nil="true" />
                <SHEUR-DMEI-NIHUL-HAFKADA-MIVNE xmlns:p6="http://www.w3.org/2001/XMLSchema-instance" p6:nil="true" />
                <SHEUR-DMEI-NIHUL-HISACHON-MIVNE xmlns:p6="http://www.w3.org/2001/XMLSchema-instance" p6:nil="true" />
                <DMEI-NIHUL-ACHERIM xmlns:p6="http://www.w3.org/2001/XMLSchema-instance" p6:nil="true" />
                <TSUA-NETO xmlns:p6="http://www.w3.org/2001/XMLSchema-instance" p6:nil="true" />
                <KOD-MASLUL-HASHKAA>512065202000000000008800000880</KOD-MASLUL-HASHKAA>
              </PerutMasluleiHashkaa>
              <PerutMasluleiHashkaa>
                <KOD-SUG-MASLUL>1</KOD-SUG-MASLUL>
                <KOD-SUG-HAFRASHA>9</KOD-SUG-HAFRASHA>
                <ACHUZ-HAFKADA-LEHASHKAA>0.00</ACHUZ-HAFKADA-LEHASHKAA>
                <SCHUM-TZVIRA-BAMASLUL>40625.89</SCHUM-TZVIRA-BAMASLUL>
                <SHEM-MASLUL-HASHKAA>מיטב דש השתלמות מסלול כללי</SHEM-MASLUL-HASHKAA>
                <SHEUR-DMEI-NIHUL-HAFKADA xmlns:p6="http://www.w3.org/2001/XMLSchema-instance" p6:nil="true" />
                <SHEUR-DMEI-NIHUL-HISACHON xmlns:p6="http://www.w3.org/2001/XMLSchema-instance" p6:nil="true" />
                <SHEUR-DMEI-NIHUL-HAFKADA-MIVNE xmlns:p6="http://www.w3.org/2001/XMLSchema-instance" p6:nil="true" />
                <SHEUR-DMEI-NIHUL-HISACHON-MIVNE xmlns:p6="http://www.w3.org/2001/XMLSchema-instance" p6:nil="true" />
                <DMEI-NIHUL-ACHERIM xmlns:p6="http://www.w3.org/2001/XMLSchema-instance" p6:nil="true" />
                <TSUA-NETO xmlns:p6="http://www.w3.org/2001/XMLSchema-instance" p6:nil="true" />
                <KOD-MASLUL-HASHKAA>512065202000000000008800000880</KOD-MASLUL-HASHKAA>
              </PerutMasluleiHashkaa>
              <NetuneiGvia>
                <SHEM-MESHALEM>התעשיה האוירית לישראל בעמ</SHEM-MESHALEM>
                <SUG-TEUDA-MESHALEM>1</SUG-TEUDA-MESHALEM>
                <MISPAR-ZIHUY-MESHALEM>520027194</MISPAR-ZIHUY-MESHALEM>
                <KOD-EMTZAEI-TASHLUM>4</KOD-EMTZAEI-TASHLUM>
                <TADIRUT-TASHLUM>4</TADIRUT-TASHLUM>
                <CHODESH-YECHUS>1</CHODESH-YECHUS>
                <YOM-GVIYA-BECHODESH>1</YOM-GVIYA-BECHODESH>
                <OFEN-HATZMADAT-GVIA>1</OFEN-HATZMADAT-GVIA>
                <ACHUZ-TAT-SHNATIYOT xmlns:p6="http://www.w3.org/2001/XMLSchema-instance" p6:nil="true" />
              </NetuneiGvia>
              <PirteiHafkadaAchrona>
                <PerutPirteiHafkadaAchrona>
                  <TAARICH-HAFKADA-ACHARON>202004</TAARICH-HAFKADA-ACHARON>
                  <TOTAL-HAFKADA>1571.20</TOTAL-HAFKADA>
                  <HAFKADA-LEHISCHON-A xmlns:p7="http://www.w3.org/2001/XMLSchema-instance" p7:nil="true" />
                  <HAFKADA-LEHISCHON-B xmlns:p7="http://www.w3.org/2001/XMLSchema-instance" p7:nil="true" />
                  <TAARICH-ERECH-HAFKADA>20200413</TAARICH-ERECH-HAFKADA>
                  <SUG-HAFKADA>1</SUG-HAFKADA>
                  <TOTAL-HAFKADA-ACHRONA>1571.20</TOTAL-HAFKADA-ACHRONA>
                  <PerutHafkadaAchrona>
                    <KOD-SUG-HAFKADA>1</KOD-SUG-HAFKADA>
                    <SUG-HAFRASHA>8</SUG-HAFRASHA>
                    <SUG-MAFKID>2</SUG-MAFKID>
                    <SACHAR-BERAMAT-HAFKADA xmlns:p8="http://www.w3.org/2001/XMLSchema-instance" p8:nil="true" />
                    <SCHUM-HAFKADA-SHESHULAM>392.80</SCHUM-HAFKADA-SHESHULAM>
                    <CHODESH-SACHAR>202004</CHODESH-SACHAR>
                  </PerutHafkadaAchrona>
                  <PerutHafkadaAchrona>
                    <KOD-SUG-HAFKADA>1</KOD-SUG-HAFKADA>
                    <SUG-HAFRASHA>9</SUG-HAFRASHA>
                    <SUG-MAFKID>2</SUG-MAFKID>
                    <SACHAR-BERAMAT-HAFKADA xmlns:p8="http://www.w3.org/2001/XMLSchema-instance" p8:nil="true" />
                    <SCHUM-HAFKADA-SHESHULAM>1178.40</SCHUM-HAFKADA-SHESHULAM>
                    <CHODESH-SACHAR>202004</CHODESH-SACHAR>
                  </PerutHafkadaAchrona>
                </PerutPirteiHafkadaAchrona>
              </PirteiHafkadaAchrona>
              <PerutHafkadotMetchilatShana>
                <TAARICH-ERECH-HAFKADA>20191215</TAARICH-ERECH-HAFKADA>
                <KOD-SUG-HAFKADA>1</KOD-SUG-HAFKADA>
                <SUG-HAFRASHA>8</SUG-HAFRASHA>
                <SUG-MAFKID>2</SUG-MAFKID>
                <SCHUM-HAFKADA-SHESHULAM>392.80</SCHUM-HAFKADA-SHESHULAM>
                <SACHAR-BERAMAT-HAFKADA>15712.00</SACHAR-BERAMAT-HAFKADA>
                <CHODESH-SACHAR>201911</CHODESH-SACHAR>
                <ZMAN-PERAON>201912</ZMAN-PERAON>
              </PerutHafkadotMetchilatShana>
              <PerutHafkadotMetchilatShana>
                <TAARICH-ERECH-HAFKADA>20191215</TAARICH-ERECH-HAFKADA>
                <KOD-SUG-HAFKADA>1</KOD-SUG-HAFKADA>
                <SUG-HAFRASHA>9</SUG-HAFRASHA>
                <SUG-MAFKID>2</SUG-MAFKID>
                <SCHUM-HAFKADA-SHESHULAM>1178.40</SCHUM-HAFKADA-SHESHULAM>
                <SACHAR-BERAMAT-HAFKADA>15712.00</SACHAR-BERAMAT-HAFKADA>
                <CHODESH-SACHAR>201911</CHODESH-SACHAR>
                <ZMAN-PERAON>201912</ZMAN-PERAON>
              </PerutHafkadotMetchilatShana>
              <PerutHafkadotMetchilatShana>
                <TAARICH-ERECH-HAFKADA>20200115</TAARICH-ERECH-HAFKADA>
                <KOD-SUG-HAFKADA>1</KOD-SUG-HAFKADA>
                <SUG-HAFRASHA>8</SUG-HAFRASHA>
                <SUG-MAFKID>2</SUG-MAFKID>
                <SCHUM-HAFKADA-SHESHULAM>392.80</SCHUM-HAFKADA-SHESHULAM>
                <SACHAR-BERAMAT-HAFKADA>15712.00</SACHAR-BERAMAT-HAFKADA>
                <CHODESH-SACHAR>201912</CHODESH-SACHAR>
                <ZMAN-PERAON>202001</ZMAN-PERAON>
              </PerutHafkadotMetchilatShana>
              <PerutHafkadotMetchilatShana>
                <TAARICH-ERECH-HAFKADA>20200115</TAARICH-ERECH-HAFKADA>
                <KOD-SUG-HAFKADA>1</KOD-SUG-HAFKADA>
                <SUG-HAFRASHA>9</SUG-HAFRASHA>
                <SUG-MAFKID>2</SUG-MAFKID>
                <SCHUM-HAFKADA-SHESHULAM>1178.40</SCHUM-HAFKADA-SHESHULAM>
                <SACHAR-BERAMAT-HAFKADA>15712.00</SACHAR-BERAMAT-HAFKADA>
                <CHODESH-SACHAR>201912</CHODESH-SACHAR>
                <ZMAN-PERAON>202001</ZMAN-PERAON>
              </PerutHafkadotMetchilatShana>
              <PerutHafkadotMetchilatShana>
                <TAARICH-ERECH-HAFKADA>20200213</TAARICH-ERECH-HAFKADA>
                <KOD-SUG-HAFKADA>1</KOD-SUG-HAFKADA>
                <SUG-HAFRASHA>8</SUG-HAFRASHA>
                <SUG-MAFKID>2</SUG-MAFKID>
                <SCHUM-HAFKADA-SHESHULAM>392.80</SCHUM-HAFKADA-SHESHULAM>
                <SACHAR-BERAMAT-HAFKADA>15712.00</SACHAR-BERAMAT-HAFKADA>
                <CHODESH-SACHAR>202001</CHODESH-SACHAR>
                <ZMAN-PERAON>202002</ZMAN-PERAON>
              </PerutHafkadotMetchilatShana>
              <PerutHafkadotMetchilatShana>
                <TAARICH-ERECH-HAFKADA>20200213</TAARICH-ERECH-HAFKADA>
                <KOD-SUG-HAFKADA>1</KOD-SUG-HAFKADA>
                <SUG-HAFRASHA>9</SUG-HAFRASHA>
                <SUG-MAFKID>2</SUG-MAFKID>
                <SCHUM-HAFKADA-SHESHULAM>1178.40</SCHUM-HAFKADA-SHESHULAM>
                <SACHAR-BERAMAT-HAFKADA>15712.00</SACHAR-BERAMAT-HAFKADA>
                <CHODESH-SACHAR>202001</CHODESH-SACHAR>
                <ZMAN-PERAON>202002</ZMAN-PERAON>
              </PerutHafkadotMetchilatShana>
              <PerutHafkadotMetchilatShana>
                <TAARICH-ERECH-HAFKADA>20200315</TAARICH-ERECH-HAFKADA>
                <KOD-SUG-HAFKADA>1</KOD-SUG-HAFKADA>
                <SUG-HAFRASHA>8</SUG-HAFRASHA>
                <SUG-MAFKID>2</SUG-MAFKID>
                <SCHUM-HAFKADA-SHESHULAM>392.80</SCHUM-HAFKADA-SHESHULAM>
                <SACHAR-BERAMAT-HAFKADA>15712.00</SACHAR-BERAMAT-HAFKADA>
                <CHODESH-SACHAR>202002</CHODESH-SACHAR>
                <ZMAN-PERAON>202003</ZMAN-PERAON>
              </PerutHafkadotMetchilatShana>
              <PerutHafkadotMetchilatShana>
                <TAARICH-ERECH-HAFKADA>20200315</TAARICH-ERECH-HAFKADA>
                <KOD-SUG-HAFKADA>1</KOD-SUG-HAFKADA>
                <SUG-HAFRASHA>9</SUG-HAFRASHA>
                <SUG-MAFKID>2</SUG-MAFKID>
                <SCHUM-HAFKADA-SHESHULAM>1178.40</SCHUM-HAFKADA-SHESHULAM>
                <SACHAR-BERAMAT-HAFKADA>15712.00</SACHAR-BERAMAT-HAFKADA>
                <CHODESH-SACHAR>202002</CHODESH-SACHAR>
                <ZMAN-PERAON>202003</ZMAN-PERAON>
              </PerutHafkadotMetchilatShana>
              <PerutHafkadotMetchilatShana>
                <TAARICH-ERECH-HAFKADA>20200413</TAARICH-ERECH-HAFKADA>
                <KOD-SUG-HAFKADA>1</KOD-SUG-HAFKADA>
                <SUG-HAFRASHA>8</SUG-HAFRASHA>
                <SUG-MAFKID>2</SUG-MAFKID>
                <SCHUM-HAFKADA-SHESHULAM>392.80</SCHUM-HAFKADA-SHESHULAM>
                <SACHAR-BERAMAT-HAFKADA>15712.00</SACHAR-BERAMAT-HAFKADA>
                <CHODESH-SACHAR>202003</CHODESH-SACHAR>
                <ZMAN-PERAON>202004</ZMAN-PERAON>
              </PerutHafkadotMetchilatShana>
              <PerutHafkadotMetchilatShana>
                <TAARICH-ERECH-HAFKADA>20200413</TAARICH-ERECH-HAFKADA>
                <KOD-SUG-HAFKADA>1</KOD-SUG-HAFKADA>
                <SUG-HAFRASHA>9</SUG-HAFRASHA>
                <SUG-MAFKID>2</SUG-MAFKID>
                <SCHUM-HAFKADA-SHESHULAM>1178.40</SCHUM-HAFKADA-SHESHULAM>
                <SACHAR-BERAMAT-HAFKADA>15712.00</SACHAR-BERAMAT-HAFKADA>
                <CHODESH-SACHAR>202003</CHODESH-SACHAR>
                <ZMAN-PERAON>202004</ZMAN-PERAON>
              </PerutHafkadotMetchilatShana>
              <HafkadotShnatiyot>
                <TOTAL-HAFKADOT-OVED-TAGMULIM-SHANA-NOCHECHIT>1571.20</TOTAL-HAFKADOT-OVED-TAGMULIM-SHANA-NOCHECHIT>
                <TOTAL-HAFKADOT-MAAVID-TAGMULIM-SHANA-NOCHECHIT>4713.60</TOTAL-HAFKADOT-MAAVID-TAGMULIM-SHANA-NOCHECHIT>
                <TOTAL-HAFKADOT-PITZUIM-SHANA-NOCHECHIT>0.00</TOTAL-HAFKADOT-PITZUIM-SHANA-NOCHECHIT>
              </HafkadotShnatiyot>
              <MeshichaNiud>
                <KOD-SUG-PEULA>2</KOD-SUG-PEULA>
                <RACHIV-NIMSHACH-NUYAD>8</RACHIV-NIMSHACH-NUYAD>
                <SCHOOM-MESHICHA-NIUD>-13695.53</SCHOOM-MESHICHA-NIUD>
                <TAARICH-BIZOA>20200609</TAARICH-BIZOA>
                <TAARICH-ERECH>20200609</TAARICH-ERECH>
                <KNAS-MESHICHA-NIUD xmlns:p6="http://www.w3.org/2001/XMLSchema-instance" p6:nil="true" />
              </MeshichaNiud>
              <MeshichaNiud>
                <KOD-SUG-PEULA>2</KOD-SUG-PEULA>
                <RACHIV-NIMSHACH-NUYAD>9</RACHIV-NIMSHACH-NUYAD>
                <SCHOOM-MESHICHA-NIUD>-41086.58</SCHOOM-MESHICHA-NIUD>
                <TAARICH-BIZOA>20200609</TAARICH-BIZOA>
                <TAARICH-ERECH>20200609</TAARICH-ERECH>
                <KNAS-MESHICHA-NIUD xmlns:p6="http://www.w3.org/2001/XMLSchema-instance" p6:nil="true" />
              </MeshichaNiud>
              <ChovotPigurim>
                <ChovPigur>
                  <KAYAM-CHOV-O-PIGUR>2</KAYAM-CHOV-O-PIGUR>
                  <TAARICH-TECHILAT-PIGUR xmlns:p7="http://www.w3.org/2001/XMLSchema-instance" p7:nil="true" />
                  <TAARICH-TECHILAT-PIGUR-NOCHECHI xmlns:p7="http://www.w3.org/2001/XMLSchema-instance" p7:nil="true" />
                  <MISPAR-CHODSHEI-PIGUR xmlns:p7="http://www.w3.org/2001/XMLSchema-instance" p7:nil="true" />
                  <SUG-HOV>6</SUG-HOV>
                  <TOTAL-CHOVOT-O-PIGURIM xmlns:p7="http://www.w3.org/2001/XMLSchema-instance" p7:nil="true" />
                  <KSAFIM-LO-MESHUYACHIM-MAASIK>2</KSAFIM-LO-MESHUYACHIM-MAASIK>
                </ChovPigur>
              </ChovotPigurim>
              <PerutHotzaot>
                <HotzaotBafoalLehodeshDivoach>
                  <SHEUR-DMEI-NIHUL-HAFKADA>0.00</SHEUR-DMEI-NIHUL-HAFKADA>
                  <TOTAL-DMEI-NIHUL-HAFKADA>0.00</TOTAL-DMEI-NIHUL-HAFKADA>
                  <SHEUR-DMEI-NIHUL-TZVIRA>0.04</SHEUR-DMEI-NIHUL-TZVIRA>
                  <TOTAL-DMEI-NIHUL-TZVIRA>22.52</TOTAL-DMEI-NIHUL-TZVIRA>
                  <SACH-DMEI-NIHUL-ACHERIM>0.00</SACH-DMEI-NIHUL-ACHERIM>
                  <HOTZOT-NIHUL-ASHKAOT xmlns:p7="http://www.w3.org/2001/XMLSchema-instance" p7:nil="true" />
                  <TOTAL-DMEI-NIHUL-POLISA-O-HESHBON>107.39</TOTAL-DMEI-NIHUL-POLISA-O-HESHBON>
                  <DEMI-AAVARAT-MASLOL xmlns:p7="http://www.w3.org/2001/XMLSchema-instance" p7:nil="true" />
                  <DMEI-NIUL-MENAEL-TIKIM xmlns:p7="http://www.w3.org/2001/XMLSchema-instance" p7:nil="true" />
                  <OFEN-GEVIAT-DMEI-BITUACH xmlns:p7="http://www.w3.org/2001/XMLSchema-instance" p7:nil="true" />
                  <SACH-DMEI-BITUAH-SHENIGBOO>0.00</SACH-DMEI-BITUAH-SHENIGBOO>
                </HotzaotBafoalLehodeshDivoach>
                <MivneDmeiNihul>
                  <PerutMivneDmeiNihul>
                    <GOVA-DMEI-NIHUL-NIKBA-AL-PI-HOTZAOT-BAPOAL>2</GOVA-DMEI-NIHUL-NIKBA-AL-PI-HOTZAOT-BAPOAL>
                    <SUG-HOTZAA>1</SUG-HOTZAA>
                    <KOD-MASLUL-DMEI-NIHUL xmlns:p8="http://www.w3.org/2001/XMLSchema-instance" p8:nil="true" />
                    <MEAFYENEI-MASLUL-DMEI-NIHUL xmlns:p8="http://www.w3.org/2001/XMLSchema-instance" p8:nil="true" />
                    <SHEUR-DMEI-NIHUL>0.50</SHEUR-DMEI-NIHUL>
                    <TAARICH-IDKUN-SHEUR-DNHL>20200611</TAARICH-IDKUN-SHEUR-DNHL>
                    <DMEI-NIHUL-ACHIDIM>1</DMEI-NIHUL-ACHIDIM>
                    <KOD-MASLUL-HASHKAA-BAAL-DMEI-NIHUL-YECHUDIIM xmlns:p8="http://www.w3.org/2001/XMLSchema-instance" p8:nil="true" />
                    <OFEN-HAFRASHA>0</OFEN-HAFRASHA>
                    <SCHUM-MAX-DNHL-HAFKADA>0.00</SCHUM-MAX-DNHL-HAFKADA>
                    <SACH-DMEI-NIHUL-MASLUL xmlns:p8="http://www.w3.org/2001/XMLSchema-instance" p8:nil="true" />
                    <DMEI-NIHUL-ACHERIM xmlns:p8="http://www.w3.org/2001/XMLSchema-instance" p8:nil="true" />
                    <KENAS-MESHICHAT-KESAFIM xmlns:p8="http://www.w3.org/2001/XMLSchema-instance" p8:nil="true" />
                    <KAYEMET-HATAVA xmlns:p8="http://www.w3.org/2001/XMLSchema-instance" p8:nil="true" />
                    <SUG-HATAVA>2</SUG-HATAVA>
                    <ACHOZ-HATAVA>0.75</ACHOZ-HATAVA>
                    <TAARICH-SIUM-HATAVA>20491231</TAARICH-SIUM-HATAVA>
                  </PerutMivneDmeiNihul>
                </MivneDmeiNihul>
              </PerutHotzaot>
              <PerutYitrotLesofShanaKodemet>
                <YITRAT-SOF-SHANA>50228.49</YITRAT-SOF-SHANA>
                <ERECH-PIDYON-SOF-SHANA xmlns:p6="http://www.w3.org/2001/XMLSchema-instance" p6:nil="true" />
                <ERECH-MESOLAK-SOF-SHANA xmlns:p6="http://www.w3.org/2001/XMLSchema-instance" p6:nil="true" />
                <YISKON-YITRAT-KESAFIM xmlns:p6="http://www.w3.org/2001/XMLSchema-instance" p6:nil="true" />
              </PerutYitrotLesofShanaKodemet>
              <BlockItrot>
                <Yitrot>
                  <TAARICH-ERECH-TZVIROT>20200531</TAARICH-ERECH-TZVIROT>
                  <PerutYitrot>
                    <KOD-SUG-ITRA>1</KOD-SUG-ITRA>
                    <KOD-SUG-HAFRASHA>8</KOD-SUG-HAFRASHA>
                    <TOTAL-CHISACHON-MTZBR>13541.97</TOTAL-CHISACHON-MTZBR>
                    <TOTAL-ERKEI-PIDION>13541.97</TOTAL-ERKEI-PIDION>
                  </PerutYitrot>
                  <PerutYitrot>
                    <KOD-SUG-ITRA>1</KOD-SUG-ITRA>
                    <KOD-SUG-HAFRASHA>9</KOD-SUG-HAFRASHA>
                    <TOTAL-CHISACHON-MTZBR>40625.89</TOTAL-CHISACHON-MTZBR>
                    <TOTAL-ERKEI-PIDION>40625.89</TOTAL-ERKEI-PIDION>
                  </PerutYitrot>
                  <PerutYitraLeTkufa>
                    <KOD-TECHULAT-SHICHVA>7</KOD-TECHULAT-SHICHVA>
                    <REKIV-ITRA-LETKUFA>8</REKIV-ITRA-LETKUFA>
                    <SUG-ITRA-LETKUFA>1</SUG-ITRA-LETKUFA>
                    <SACH-ITRA-LESHICHVA-BESHACH>533.52</SACH-ITRA-LESHICHVA-BESHACH>
                  </PerutYitraLeTkufa>
                  <PerutYitraLeTkufa>
                    <KOD-TECHULAT-SHICHVA>7</KOD-TECHULAT-SHICHVA>
                    <REKIV-ITRA-LETKUFA>9</REKIV-ITRA-LETKUFA>
                    <SUG-ITRA-LETKUFA>1</SUG-ITRA-LETKUFA>
                    <SACH-ITRA-LESHICHVA-BESHACH>1600.60</SACH-ITRA-LESHICHVA-BESHACH>
                  </PerutYitraLeTkufa>
                  <PerutYitraLeTkufa>
                    <KOD-TECHULAT-SHICHVA>8</KOD-TECHULAT-SHICHVA>
                    <REKIV-ITRA-LETKUFA>8</REKIV-ITRA-LETKUFA>
                    <SUG-ITRA-LETKUFA>1</SUG-ITRA-LETKUFA>
                    <SACH-ITRA-LESHICHVA-BESHACH>13008.45</SACH-ITRA-LESHICHVA-BESHACH>
                  </PerutYitraLeTkufa>
                  <PerutYitraLeTkufa>
                    <KOD-TECHULAT-SHICHVA>8</KOD-TECHULAT-SHICHVA>
                    <REKIV-ITRA-LETKUFA>9</REKIV-ITRA-LETKUFA>
                    <SUG-ITRA-LETKUFA>1</SUG-ITRA-LETKUFA>
                    <SACH-ITRA-LESHICHVA-BESHACH>39025.29</SACH-ITRA-LESHICHVA-BESHACH>
                  </PerutYitraLeTkufa>
                  <NesilutTag>
                    <MOED-NEZILUT-TAGMULIM>20230831</MOED-NEZILUT-TAGMULIM>
                    <YITRAT-KASPEY-TAGMULIM>2134.12</YITRAT-KASPEY-TAGMULIM>
                  </NesilutTag>
                  <NesilutTag>
                    <MOED-NEZILUT-TAGMULIM>20230831</MOED-NEZILUT-TAGMULIM>
                    <YITRAT-KASPEY-TAGMULIM>52033.74</YITRAT-KASPEY-TAGMULIM>
                  </NesilutTag>
                  <YitrotShonot>
                    <TZVIRAT-PITZUIM-PTURIM-MAAVIDIM-KODMIM xmlns:p8="http://www.w3.org/2001/XMLSchema-instance" p8:nil="true" />
                    <ERECH-PIDION-PITZUIM-LEKITZBA-MAAVIDIM-KODMIM xmlns:p8="http://www.w3.org/2001/XMLSchema-instance" p8:nil="true" />
                    <TZVIRAT-PITZUIM-MAAVIDIM-KODMIM-BERETZEF-KITZBA xmlns:p8="http://www.w3.org/2001/XMLSchema-instance" p8:nil="true" />
                    <TZVIRAT-PITZUIM-MAAVIDIM-KODMIM-BERETZEF-ZECHUYOT xmlns:p8="http://www.w3.org/2001/XMLSchema-instance" p8:nil="true" />
                    <TZVIRAT-PITZUIM-31-12-1999-LEKITZBA xmlns:p8="http://www.w3.org/2001/XMLSchema-instance" p8:nil="true" />
                    <ERECH-PIDION-PITZUIM-MAASIK-NOCHECHI>0.00</ERECH-PIDION-PITZUIM-MAASIK-NOCHECHI>
                    <ERECH-PIDION-MARKIV-PITZUIM-LEMAS-NOCHECHI>0.00</ERECH-PIDION-MARKIV-PITZUIM-LEMAS-NOCHECHI>
                    <ERECH-PIDION-PITZUIM-MAAVIDIM-KODMIM-RETZEF-ZEHUYUT xmlns:p8="http://www.w3.org/2001/XMLSchema-instance" p8:nil="true" />
                    <ERECH-PIDION-PITZUIM-LEHON-MAAVIDIM-KODMIM xmlns:p8="http://www.w3.org/2001/XMLSchema-instance" p8:nil="true" />
                    <KAYAM-RETZEF-PITZUIM-KITZBA>2</KAYAM-RETZEF-PITZUIM-KITZBA>
                    <KAYAM-RETZEF-ZECHUYOT-PITZUIM>2</KAYAM-RETZEF-ZECHUYOT-PITZUIM>
                  </YitrotShonot>
                </Yitrot>
              </BlockItrot>
            </PirteiTaktziv>
            <PerutMeyupeKoach>
              <KAYAM-MEYUPE-KOACH>1</KAYAM-MEYUPE-KOACH>
              <SUG-ZIHUY xmlns:p5="http://www.w3.org/2001/XMLSchema-instance" p5:nil="true" />
              <MISPAR-ZIHUY>0000000513687251</MISPAR-ZIHUY>
              <TAARICH-MINUY-SOCHEN>20170731</TAARICH-MINUY-SOCHEN>
              <SHEM-MEYUPE-KOACH>אורות סוכנות לביטוח בע"מ</SHEM-MEYUPE-KOACH>
            </PerutMeyupeKoach>
            <Kisuim>
              <ZihuiKisui>
                <MISPAR-KISUI-BE-YATZRAN>512065202000000000008800000000</MISPAR-KISUI-BE-YATZRAN>
                <SHEM-KISUI-YATZRAN>מיטב דש השתלמות מסלול כללי</SHEM-KISUI-YATZRAN>
                <SUG-KISUI-ETZEL-YATZRAN xmlns:p6="http://www.w3.org/2001/XMLSchema-instance" p6:nil="true" />
                <MISPAR-POLISA-O-HESHBON-NEGDI />
                <PirteiMevutach>
                  <SUG-TEUDA>1</SUG-TEUDA>
                  <MISPAR-ZIHUY-LAKOACH>58074600</MISPAR-ZIHUY-LAKOACH>
                </PirteiMevutach>
                <PirteiTosafot>
                  <TOSEFET-TAARIF>2</TOSEFET-TAARIF>
                  <KOD-SUG-TOSEFET xmlns:p7="http://www.w3.org/2001/XMLSchema-instance" p7:nil="true" />
                  <SHEUR-TOSEFET xmlns:p7="http://www.w3.org/2001/XMLSchema-instance" p7:nil="true" />
                  <PROMIL-TOSEFET xmlns:p7="http://www.w3.org/2001/XMLSchema-instance" p7:nil="true" />
                  <TAARICH-TOM-TOSEFET xmlns:p7="http://www.w3.org/2001/XMLSchema-instance" p7:nil="true" />
                </PirteiTosafot>
                <Mutav>
                  <SUG-ZIHUY-MUTAV xmlns:p7="http://www.w3.org/2001/XMLSchema-instance" p7:nil="true" />
                  <KOD-ZIHUY-MUTAV xmlns:p7="http://www.w3.org/2001/XMLSchema-instance" p7:nil="true" />
                  <MISPAR-ZIHUY-MUTAV xmlns:p7="http://www.w3.org/2001/XMLSchema-instance" p7:nil="true" />
                  <SHEM-PRATI-MUTAV xmlns:p7="http://www.w3.org/2001/XMLSchema-instance" p7:nil="true" />
                  <SHEM-MISHPACHA-MUTAV xmlns:p7="http://www.w3.org/2001/XMLSchema-instance" p7:nil="true" />
                  <SUG-ZIKA xmlns:p7="http://www.w3.org/2001/XMLSchema-instance" p7:nil="true" />
                  <ACHUZ-MUTAV xmlns:p7="http://www.w3.org/2001/XMLSchema-instance" p7:nil="true" />
                  <HAGDARAT-MUTAV xmlns:p7="http://www.w3.org/2001/XMLSchema-instance" p7:nil="true" />
                  <MAHUT-MUTAV xmlns:p7="http://www.w3.org/2001/XMLSchema-instance" p7:nil="true" />
                </Mutav>
                <KisuiBKerenPensia>
                  <ALUT-KISUI-NECHUT xmlns:p7="http://www.w3.org/2001/XMLSchema-instance" p7:nil="true" />
                  <ALUT-KISUI-PNS-SHRM-NECHE xmlns:p7="http://www.w3.org/2001/XMLSchema-instance" p7:nil="true" />
                  <SHEUR-KISUY-NECHUT xmlns:p7="http://www.w3.org/2001/XMLSchema-instance" p7:nil="true" />
                  <SACHAR-KOVEA-LE-NECHUT-VE-SHEERIM xmlns:p7="http://www.w3.org/2001/XMLSchema-instance" p7:nil="true" />
                  <TAARICH-MASKORET-NECHUT-VE-SHEERIM xmlns:p7="http://www.w3.org/2001/XMLSchema-instance" p7:nil="true" />
                  <SUG-VITOR-SHAERIM xmlns:p7="http://www.w3.org/2001/XMLSchema-instance" p7:nil="true" />
                  <SACH-PENSIAT-NECHUT xmlns:p7="http://www.w3.org/2001/XMLSchema-instance" p7:nil="true" />
                  <NECHUT-MITPATAHAT xmlns:p7="http://www.w3.org/2001/XMLSchema-instance" p7:nil="true" />
                  <VITUR-KISUY-BITUCHI xmlns:p7="http://www.w3.org/2001/XMLSchema-instance" p7:nil="true" />
                  <ALUT-KISUY-SHEERIM xmlns:p7="http://www.w3.org/2001/XMLSchema-instance" p7:nil="true" />
                  <SHIUR-KISUY-YATOM xmlns:p7="http://www.w3.org/2001/XMLSchema-instance" p7:nil="true" />
                  <KITZBAT-SHEERIM-LEALMAN-O-ALMANA xmlns:p7="http://www.w3.org/2001/XMLSchema-instance" p7:nil="true" />
                  <KITZBAT-SHEERIM-LEYATOM xmlns:p7="http://www.w3.org/2001/XMLSchema-instance" p7:nil="true" />
                  <KITZBAT-SHEERIM-LEHORE-NITMACH xmlns:p7="http://www.w3.org/2001/XMLSchema-instance" p7:nil="true" />
                  <TAARICH-VITOR-SHEERIM xmlns:p7="http://www.w3.org/2001/XMLSchema-instance" p7:nil="true" />
                  <TAARICH-CIUM-VITOR-SEERIM xmlns:p7="http://www.w3.org/2001/XMLSchema-instance" p7:nil="true" />
                  <SHIUR-KISUY-ALMAN-O-ALMANA xmlns:p7="http://www.w3.org/2001/XMLSchema-instance" p7:nil="true" />
                  <SHIUR-KISUY-HORE-NITMACH xmlns:p7="http://www.w3.org/2001/XMLSchema-instance" p7:nil="true" />
                  <GIL-PRISHA-LEPENSIYAT-ZIKNA xmlns:p7="http://www.w3.org/2001/XMLSchema-instance" p7:nil="true" />
                  <SACH-PENSIYAT-ALMAN-O-ALMANA xmlns:p7="http://www.w3.org/2001/XMLSchema-instance" p7:nil="true" />
                  <MISPAR-HODSHEI-HAVERUT-BEKEREN-HAPENSIYA xmlns:p7="http://www.w3.org/2001/XMLSchema-instance" p7:nil="true" />
                  <MISPAR-HODSHEI-HAVERUT-MITZ-BEKEREN-HAPENSIYA xmlns:p7="http://www.w3.org/2001/XMLSchema-instance" p7:nil="true" />
                  <MENAT-PENSIA-TZVURA xmlns:p7="http://www.w3.org/2001/XMLSchema-instance" p7:nil="true" />
                  <AHUZ-PENSIYA-TZVURA xmlns:p7="http://www.w3.org/2001/XMLSchema-instance" p7:nil="true" />
                  <TAARICH-TCHILAT-HAVERUT xmlns:p7="http://www.w3.org/2001/XMLSchema-instance" p7:nil="true" />
                  <TAARICH-ERECH-LANENTUNIM xmlns:p7="http://www.w3.org/2001/XMLSchema-instance" p7:nil="true" />
                  <HATAVA-BITUCHIT xmlns:p7="http://www.w3.org/2001/XMLSchema-instance" p7:nil="true" />
                </KisuiBKerenPensia>
                <Miktsoa-Isuk-Tachviv>
                  <TACHVIVIM-O-ISUKIM />
                  <KOD-MIKTZOA />
                  <TCHUM-ISUK-CHADASH />
                </Miktsoa-Isuk-Tachviv>
              </ZihuiKisui>
            </Kisuim>
          </HeshbonOPolisa>
        </HeshbonotOPolisot>
      </Mutzar>
    </Mutzarim>
  </YeshutYatzran>
  <ReshumatSgira>
    <KAMUT-YATZRANIM>000000001</KAMUT-YATZRANIM>
    <KAMUT-METAFELIM>000000001</KAMUT-METAFELIM>
    <KAMUT-MUTZARIM>000000001</KAMUT-MUTZARIM>
    <KAMUT-YESHUYOT-MAASIK>000000001</KAMUT-YESHUYOT-MAASIK>
    <KAMUT-YESHUYOT-MEFITZ>000000001</KAMUT-YESHUYOT-MEFITZ>
    <MISPAR-YESHUYUT-LAKOACH-BAKOVETZ>000000001</MISPAR-YESHUYUT-LAKOACH-BAKOVETZ>
    <KAMUT-POLISOT>000000001</KAMUT-POLISOT>
  </ReshumatSgira>
</Mimshak>