<Mimshak>
  <KoteretKovetz>
    <SUG-MIMSHAK>1</SUG-MIMSHAK>
    <MISPAR-GIRSAT-XML>007</MISPAR-GIRSAT-XML>
    <TAARICH-BITZUA>20200531140816</TAARICH-BITZUA>
    <KOD-SVIVAT-AVODA>2</KOD-SVIVAT-AVODA>
    <KIVUN-MIMSHAK-XML>2</KIVUN-MIMSHAK-XML>
    <KOD-SHOLEACH>513026484</KOD-SHOLEACH>
    <SHEM-SHOLEACH>הפניקס אקסלנס פנסיה וגמל בע"מ</SHEM-SHOLEACH>
    <KOD-MEZAHE-METAFEL>520000522</KOD-MEZAHE-METAFEL>
    <SHEM-METAFEL>בנק מזרחי טפחות בע"מ520000522 </SHEM-METAFEL>
    <MEZAHE-HAAVARA>300</MEZAHE-HAAVARA>
    <MISPAR-HAKOVETZ>20200531140816520000522</MISPAR-HAKOVETZ>
  </KoteretKovetz>
  <YeshutYatzran>
    <KOD-MEZAHE-YATZRAN>513026484</KOD-MEZAHE-YATZRAN>
    <SHEM-YATZRAN>הפניקס אקסלנס פנסיה וגמל בע"מ</SHEM-YATZRAN>
    <MEZAHE-LAKOACH-MISLAKA xmlns:xsi="http://www.w3.org/2001/XMLSchema-instance" xsi:nil="true" />
    <IshKesherYeshutYatzran>
      <SHEM-PRATI>SHEM_PRATI_MINHALI</SHEM-PRATI>
      <SHEM-MISHPACHA>MISHPACHA_MINHALI</SHEM-MISHPACHA>
      <ERETZ xmlns:xsi="http://www.w3.org/2001/XMLSchema-instance" xsi:nil="true" />
      <SHEM-YISHUV>פתח תקווה</SHEM-YISHUV>
      <SEMEL-YESHUV>7900</SEMEL-YESHUV>
      <SHEM-RECHOV>קרית אריה, רח' אפעל</SHEM-RECHOV>
      <MISPAR-BAIT>25</MISPAR-BAIT>
      <MISPAR-KNISA xmlns:xsi="http://www.w3.org/2001/XMLSchema-instance" xsi:nil="true" />
      <MISPAR-DIRA xmlns:xsi="http://www.w3.org/2001/XMLSchema-instance" xsi:nil="true" />
      <MIKUD>4951125</MIKUD>
      <TA-DOAR xmlns:xsi="http://www.w3.org/2001/XMLSchema-instance" xsi:nil="true" />
      <MISPAR-TELEPHONE-KAVI>037536655</MISPAR-TELEPHONE-KAVI>
      <MISPAR-SHLUCHA xmlns:xsi="http://www.w3.org/2001/XMLSchema-instance" xsi:nil="true" />
      <MISPAR-CELLULARI xmlns:xsi="http://www.w3.org/2001/XMLSchema-instance" xsi:nil="true" />
      <MISPAR-FAX>35480304</MISPAR-FAX>
      <E-MAIL>Gemel-service@xnes.co.il</E-MAIL>
      <HEAROT>HEAROT</HEAROT>
    </IshKesherYeshutYatzran>
    <YeshutMetafel>
      <KOD-MEZAHE-METAFEL>520000522</KOD-MEZAHE-METAFEL>
      <SHEM-METAFEL>בנק מזרחי טפחות בע"מ520000522 </SHEM-METAFEL>
      <IshKesherYeshutMetafel>
        <SHEM-PRATI>איציק</SHEM-PRATI>
        <SHEM-MISHPACHA>ששון</SHEM-MISHPACHA>
        <ERETZ>ישראל</ERETZ>
        <SHEM-YISHUV>תל אביב</SHEM-YISHUV>
        <SEMEL-YESHUV>1015</SEMEL-YESHUV>
        <SHEM-RECHOV>אלנבי</SHEM-RECHOV>
        <MISPAR-BAIT>28</MISPAR-BAIT>
        <MISPAR-KNISA>1</MISPAR-KNISA>
        <MISPAR-DIRA>12</MISPAR-DIRA>
        <MIKUD xmlns:xsi="http://www.w3.org/2001/XMLSchema-instance" xsi:nil="true" />
        <TA-DOAR xmlns:xsi="http://www.w3.org/2001/XMLSchema-instance" xsi:nil="true" />
        <MISPAR-TELEPHONE-KAVI>037538590</MISPAR-TELEPHONE-KAVI>
        <MISPAR-SHLUCHA xmlns:xsi="http://www.w3.org/2001/XMLSchema-instance" xsi:nil="true" />
        <MISPAR-CELLULARI>037538590</MISPAR-CELLULARI>
        <MISPAR-FAX>35649620</MISPAR-FAX>
        <E-MAIL>Itsik.Sason@xnes.co.il</E-MAIL>
        <HEAROT xmlns:xsi="http://www.w3.org/2001/XMLSchema-instance" xsi:nil="true" />
      </IshKesherYeshutMetafel>
    </YeshutMetafel>
    <Mutzarim>
      <Mutzar>
        <NetuneiMutzar>
          <KOD-MEZAHE-YATZRAN>513026484</KOD-MEZAHE-YATZRAN>
          <KOD-MEZAHE-METAFEL>520000522</KOD-MEZAHE-METAFEL>
          <SUG-MUTZAR>3</SUG-MUTZAR>
          <SHEM-KOVETZ-MEKORI xmlns:xsi="http://www.w3.org/2001/XMLSchema-instance" xsi:nil="true" />
          <MISPAR-SHURA-MEKORI xmlns:xsi="http://www.w3.org/2001/XMLSchema-instance" xsi:nil="true" />
          <RESERVA-MISLAKA xmlns:xsi="http://www.w3.org/2001/XMLSchema-instance" xsi:nil="true" />
          <MISPAR-MISLAKA>12652F2A-8951-4457-A522-B6410E87FA0D</MISPAR-MISLAKA>
          <STATUS-RESHOMA>1</STATUS-RESHOMA>
          <MISPAR-SHORA>3574</MISPAR-SHORA>
          <TOTAL-ZEHUT-PER-MONTH xmlns:xsi="http://www.w3.org/2001/XMLSchema-instance" xsi:nil="true" />
          <TOTAL-MUTZARIM-PER-MONTH xmlns:xsi="http://www.w3.org/2001/XMLSchema-instance" xsi:nil="true" />
          <YeshutMaasik>
            <MPR-MAASIK-BE-YATZRAN>278656</MPR-MAASIK-BE-YATZRAN>
            <SUG-MEZAHE-MAASIK>1</SUG-MEZAHE-MAASIK>
            <MISPAR-MEZAHE-MAASIK>511370660</MISPAR-MEZAHE-MAASIK>
            <MISPAR-TIK-NIKUIIM xmlns:xsi="http://www.w3.org/2001/XMLSchema-instance" xsi:nil="true" />
            <SHEM-MAASIK>רזאל - מערכות זמן אמת בעמ</SHEM-MAASIK>
            <ERETZ xmlns:xsi="http://www.w3.org/2001/XMLSchema-instance" xsi:nil="true" />
            <SHEM-YISHUV>תל אביב - יפו</SHEM-YISHUV>
            <SEMEL-YESHUV>5000</SEMEL-YESHUV>
            <SHEM-RECHOV>אלון יגאל</SHEM-RECHOV>
            <MISPAR-BAIT>65</MISPAR-BAIT>
            <MISPAR-KNISA xmlns:xsi="http://www.w3.org/2001/XMLSchema-instance" xsi:nil="true" />
            <MISPAR-DIRA xmlns:xsi="http://www.w3.org/2001/XMLSchema-instance" xsi:nil="true" />
            <MIKUD xmlns:xsi="http://www.w3.org/2001/XMLSchema-instance" xsi:nil="true" />
            <TA-DOAR xmlns:xsi="http://www.w3.org/2001/XMLSchema-instance" xsi:nil="true" />
            <MISPAR-TELEPHONE-KAVI xmlns:xsi="http://www.w3.org/2001/XMLSchema-instance" xsi:nil="true" />
            <MISPAR-SHLUCHA xmlns:xsi="http://www.w3.org/2001/XMLSchema-instance" xsi:nil="true" />
            <MISPAR-CELLULARI xmlns:xsi="http://www.w3.org/2001/XMLSchema-instance" xsi:nil="true" />
            <MISPAR-FAX xmlns:xsi="http://www.w3.org/2001/XMLSchema-instance" xsi:nil="true" />
            <E-MAIL xmlns:xsi="http://www.w3.org/2001/XMLSchema-instance" xsi:nil="true" />
            <HEAROT xmlns:xsi="http://www.w3.org/2001/XMLSchema-instance" xsi:nil="true" />
            <IshKesherYeshutMaasik>
              <SHEM-PRATI />
              <SHEM-MISHPACHA />
              <MISPAR-TELEPHONE-KAVI xmlns:xsi="http://www.w3.org/2001/XMLSchema-instance" xsi:nil="true" />
              <MISPAR-CELLULARI xmlns:xsi="http://www.w3.org/2001/XMLSchema-instance" xsi:nil="true" />
              <MISPAR-FAX xmlns:xsi="http://www.w3.org/2001/XMLSchema-instance" xsi:nil="true" />
              <E-MAIL xmlns:xsi="http://www.w3.org/2001/XMLSchema-instance" xsi:nil="true" />
              <HEAROT xmlns:xsi="http://www.w3.org/2001/XMLSchema-instance" xsi:nil="true" />
            </IshKesherYeshutMaasik>
          </YeshutMaasik>
          <YeshutLakoach>
            <SUG-MEZAHE-LAKOACH>1</SUG-MEZAHE-LAKOACH>
            <MISPAR-ZIHUY-LAKOACH>058074600</MISPAR-ZIHUY-LAKOACH>
            <SHEM-PRATI>רפאל</SHEM-PRATI>
            <SHEM-MISHPACHA-KODEM xmlns:xsi="http://www.w3.org/2001/XMLSchema-instance" xsi:nil="true" />
            <SHEM-MISHPACHA>נאמן</SHEM-MISHPACHA>
            <MIN>1</MIN>
            <TAARICH-LEYDA>19631018</TAARICH-LEYDA>
            <PTIRA>2</PTIRA>
            <TAARICH-PTIRA xmlns:xsi="http://www.w3.org/2001/XMLSchema-instance" xsi:nil="true" />
            <MATZAV-MISHPACHTI>5</MATZAV-MISHPACHTI>
            <ERETZ>ישראל</ERETZ>
            <SHEM-YISHUV>מודיעין עילית</SHEM-YISHUV>
            <SEMEL-YESHUV>3797</SEMEL-YESHUV>
            <SHEM-RECHOV>אור החיים</SHEM-RECHOV>
            <MISPAR-BAIT>21</MISPAR-BAIT>
            <MISPAR-KNISA xmlns:xsi="http://www.w3.org/2001/XMLSchema-instance" xsi:nil="true" />
            <MISPAR-DIRA>4</MISPAR-DIRA>
            <MIKUD xmlns:xsi="http://www.w3.org/2001/XMLSchema-instance" xsi:nil="true" />
            <TA-DOAR xmlns:xsi="http://www.w3.org/2001/XMLSchema-instance" xsi:nil="true" />
            <MISPAR-TELEPHONE-KAVI xmlns:xsi="http://www.w3.org/2001/XMLSchema-instance" xsi:nil="true" />
            <MISPAR-SHLUCHA xmlns:xsi="http://www.w3.org/2001/XMLSchema-instance" xsi:nil="true" />
            <MISPAR-CELLULARI>0526844580</MISPAR-CELLULARI>
            <MISPAR-FAX xmlns:xsi="http://www.w3.org/2001/XMLSchema-instance" xsi:nil="true" />
            <E-MAIL xmlns:xsi="http://www.w3.org/2001/XMLSchema-instance" xsi:nil="true" />
            <HEAROT>1252353</HEAROT>
            <MISPAR-YELADIM xmlns:xsi="http://www.w3.org/2001/XMLSchema-instance" xsi:nil="true" />
          </YeshutLakoach>
        </NetuneiMutzar>
        <HeshbonotOPolisot>
          <HeshbonOPolisa>
            <ASMACHTA-MEKORIT>2333574</ASMACHTA-MEKORIT>
            <MISPAR-POLISA-O-HESHBON>1-235-483559-0</MISPAR-POLISA-O-HESHBON>
            <SHEM-TOCHNIT>אקסלנס גמל</SHEM-TOCHNIT>
            <KIDOD-ACHID>513026484000000000001020009916</KIDOD-ACHID>
            <MPR-MEFITZ-BE-YATZRAN>1</MPR-MEFITZ-BE-YATZRAN>
            <TAARICH-NECHONUT>20200531</TAARICH-NECHONUT>
            <TAARICH-HITZTARFUT-MUTZAR>20120801</TAARICH-HITZTARFUT-MUTZAR>
            <TAARICH-HITZTARFUT-RISHON>20010731</TAARICH-HITZTARFUT-RISHON>
            <SUG-KEREN-PENSIA xmlns:xsi="http://www.w3.org/2001/XMLSchema-instance" xsi:nil="true" />
            <PENSIA-VATIKA-O-HADASHA xmlns:xsi="http://www.w3.org/2001/XMLSchema-instance" xsi:nil="true" />
            <TAARICH-IDKUN-STATUS>20191111</TAARICH-IDKUN-STATUS>
            <STATUS-POLISA-O-CHESHBON>1</STATUS-POLISA-O-CHESHBON>
            <TAARICH-TCHILA-RISK-ZMANI xmlns:xsi="http://www.w3.org/2001/XMLSchema-instance" xsi:nil="true" />
            <TOM-TOKEF-RISK-ZMANI xmlns:xsi="http://www.w3.org/2001/XMLSchema-instance" xsi:nil="true" />
            <SUG-POLISA>1</SUG-POLISA>
            <SUG-TOCHNIT-O-CHESHBON>1</SUG-TOCHNIT-O-CHESHBON>
            <MADAD-BASIS xmlns:xsi="http://www.w3.org/2001/XMLSchema-instance" xsi:nil="true" />
            <AZMADA-LEALVAHA xmlns:xsi="http://www.w3.org/2001/XMLSchema-instance" xsi:nil="true" />
            <TAARICH-ACHRON-MOTAV-MUVET xmlns:xsi="http://www.w3.org/2001/XMLSchema-instance" xsi:nil="true" />
            <KOLEL-ZAKAUT-AGACH xmlns:xsi="http://www.w3.org/2001/XMLSchema-instance" xsi:nil="true" />
            <SHIOR-AGACH-MEUADOT xmlns:xsi="http://www.w3.org/2001/XMLSchema-instance" xsi:nil="true" />
            <AVTACHT-TESOA xmlns:xsi="http://www.w3.org/2001/XMLSchema-instance" xsi:nil="true" />
            <TAARICH-CIUM-AVTACHT-TESOA xmlns:xsi="http://www.w3.org/2001/XMLSchema-instance" xsi:nil="true" />
            <MISPAR-GIMLAOT xmlns:xsi="http://www.w3.org/2001/XMLSchema-instance" xsi:nil="true" />
            <TIKUN-190>2</TIKUN-190>
            <KAYAM-KISUY-HIZONI>2</KAYAM-KISUY-HIZONI>
            <KISUY-ISHY-KVOZATI xmlns:xsi="http://www.w3.org/2001/XMLSchema-instance" xsi:nil="true" />
            <KtovetLemishloach>
              <ERETZ xmlns:xsi="http://www.w3.org/2001/XMLSchema-instance" xsi:nil="true" />
              <SHEM-YISHUV>מודיעין עילית</SHEM-YISHUV>
              <SEMEL-YESHUV>3797</SEMEL-YESHUV>
              <SHEM-RECHOV>אור החיים</SHEM-RECHOV>
              <MISPAR-BAIT>21</MISPAR-BAIT>
              <MISPAR-KNISA xmlns:xsi="http://www.w3.org/2001/XMLSchema-instance" xsi:nil="true" />
              <MISPAR-DIRA xmlns:xsi="http://www.w3.org/2001/XMLSchema-instance" xsi:nil="true" />
              <MIKUD>7181921</MIKUD>
              <TA-DOAR xmlns:xsi="http://www.w3.org/2001/XMLSchema-instance" xsi:nil="true" />
            </KtovetLemishloach>
            <NetuneiAmitOmevutach>
              <KOD-ZIHUY-LAKOACH>1</KOD-ZIHUY-LAKOACH>
              <MISPAR-ZIHUY>058074600</MISPAR-ZIHUY>
            </NetuneiAmitOmevutach>
            <NetuneiSheerim>
              <Sheer>
                <SUG-ZIKA xmlns:xsi="http://www.w3.org/2001/XMLSchema-instance" xsi:nil="true" />
                <KOD-ZIHUI-SHEERIM xmlns:xsi="http://www.w3.org/2001/XMLSchema-instance" xsi:nil="true" />
                <MISPAR-ZIHUY-SHEERIM xmlns:xsi="http://www.w3.org/2001/XMLSchema-instance" xsi:nil="true" />
                <SHEM-PRATI-SHEERIM xmlns:xsi="http://www.w3.org/2001/XMLSchema-instance" xsi:nil="true" />
                <SHEM-MISHPACHA-SHEERIM xmlns:xsi="http://www.w3.org/2001/XMLSchema-instance" xsi:nil="true" />
                <SHEM-MISHPAHA-KODEM xmlns:xsi="http://www.w3.org/2001/XMLSchema-instance" xsi:nil="true" />
                <TAARICH-LEIDA xmlns:xsi="http://www.w3.org/2001/XMLSchema-instance" xsi:nil="true" />
              </Sheer>
            </NetuneiSheerim>
            <MaslulBituach>
              <MASLUL-BITUACH-BAKEREN-PENSIA xmlns:xsi="http://www.w3.org/2001/XMLSchema-instance" xsi:nil="true" />
              <SHEM-MASLUL-HABITUAH xmlns:xsi="http://www.w3.org/2001/XMLSchema-instance" xsi:nil="true" />
            </MaslulBituach>
            <PerutShiabudIkul>
              <HUTAL-SHIABUD>2</HUTAL-SHIABUD>
              <HUTAL-IKUL>2</HUTAL-IKUL>
            </PerutShiabudIkul>
            <Halvaa>
              <YESH-HALVAA-BAMUTZAR>2</YESH-HALVAA-BAMUTZAR>
              <RAMAT-HALVAA>2</RAMAT-HALVAA>
              <MISDAR-SIDURI-SHEL-HAHALVAA xmlns:xsi="http://www.w3.org/2001/XMLSchema-instance" xsi:nil="true" />
              <SCHUM-HALVAA xmlns:xsi="http://www.w3.org/2001/XMLSchema-instance" xsi:nil="true" />
              <TAARICH-KABALAT-HALVAA xmlns:xsi="http://www.w3.org/2001/XMLSchema-instance" xsi:nil="true" />
              <TAARICH-SIYUM-HALVAA xmlns:xsi="http://www.w3.org/2001/XMLSchema-instance" xsi:nil="true" />
              <YITRAT-HALVAA xmlns:xsi="http://www.w3.org/2001/XMLSchema-instance" xsi:nil="true" />
              <TKUFAT-HALVAA xmlns:xsi="http://www.w3.org/2001/XMLSchema-instance" xsi:nil="true" />
              <RIBIT xmlns:xsi="http://www.w3.org/2001/XMLSchema-instance" xsi:nil="true" />
              <SUG-RIBIT xmlns:xsi="http://www.w3.org/2001/XMLSchema-instance" xsi:nil="true" />
              <SUG-HATZNMADA xmlns:xsi="http://www.w3.org/2001/XMLSchema-instance" xsi:nil="true" />
              <TADIRUT-HECHZER-HALVAA xmlns:xsi="http://www.w3.org/2001/XMLSchema-instance" xsi:nil="true" />
              <SUG-HECHZER xmlns:xsi="http://www.w3.org/2001/XMLSchema-instance" xsi:nil="true" />
              <SCHUM-HECHZER-TKUFATI xmlns:xsi="http://www.w3.org/2001/XMLSchema-instance" xsi:nil="true" />
            </Halvaa>
            <PirteyTvia>
              <YESH-TVIA>2</YESH-TVIA>
              <MISPAR-TVIA-BE-YATZRAN xmlns:xsi="http://www.w3.org/2001/XMLSchema-instance" xsi:nil="true" />
              <MISPAR-KISUI-BE-YATZRAN xmlns:xsi="http://www.w3.org/2001/XMLSchema-instance" xsi:nil="true" />
              <SHEM-KISUI-BE-YATZRAN xmlns:xsi="http://www.w3.org/2001/XMLSchema-instance" xsi:nil="true" />
              <SUG-HATVIAA xmlns:xsi="http://www.w3.org/2001/XMLSchema-instance" xsi:nil="true" />
              <OFEN-TASHLUM xmlns:xsi="http://www.w3.org/2001/XMLSchema-instance" xsi:nil="true" />
              <KOD-STATUS-TVIAA xmlns:xsi="http://www.w3.org/2001/XMLSchema-instance" xsi:nil="true" />
              <TAARICH-STATUS-TVIA xmlns:xsi="http://www.w3.org/2001/XMLSchema-instance" xsi:nil="true" />
              <TAARICH-TECHILAT-TASHLUM xmlns:xsi="http://www.w3.org/2001/XMLSchema-instance" xsi:nil="true" />
              <ACHUZ-MEUSHAR-O-K-A-SHICHRUR xmlns:xsi="http://www.w3.org/2001/XMLSchema-instance" xsi:nil="true" />
              <SCHUM-TVIA-MEUSHAR xmlns:xsi="http://www.w3.org/2001/XMLSchema-instance" xsi:nil="true" />
              <ACHUZ-NECHUT xmlns:xsi="http://www.w3.org/2001/XMLSchema-instance" xsi:nil="true" />
            </PirteyTvia>
            <PerutMitryot>
              <KAYAM-KISUY-BITUCHI-COLECTIVI-LEAMITIM>2</KAYAM-KISUY-BITUCHI-COLECTIVI-LEAMITIM>
              <SHEM-MEVATACHAT xmlns:xsi="http://www.w3.org/2001/XMLSchema-instance" xsi:nil="true" />
              <TAARICH-TCHILAT-HABITUACH xmlns:xsi="http://www.w3.org/2001/XMLSchema-instance" xsi:nil="true" />
              <TAARICH-TOM-TKUFAT-HABITUAH xmlns:xsi="http://www.w3.org/2001/XMLSchema-instance" xsi:nil="true" />
              <KOD-SUG-MUTZAR-BITUACH xmlns:xsi="http://www.w3.org/2001/XMLSchema-instance" xsi:nil="true" />
              <SCHUM-BITUACH xmlns:xsi="http://www.w3.org/2001/XMLSchema-instance" xsi:nil="true" />
              <ALUT-KISUI xmlns:xsi="http://www.w3.org/2001/XMLSchema-instance" xsi:nil="true" />
              <MESHALEM-DMEI-HABITUAH xmlns:xsi="http://www.w3.org/2001/XMLSchema-instance" xsi:nil="true" />
              <TADIRUT-HATSHLUM xmlns:xsi="http://www.w3.org/2001/XMLSchema-instance" xsi:nil="true" />
              <HAIM-NECHTAM-TOFES-HITZTARFUT xmlns:xsi="http://www.w3.org/2001/XMLSchema-instance" xsi:nil="true" />
            </PerutMitryot>
            <YitraLefiGilPrisha>
              <GIL-PRISHA>0</GIL-PRISHA>
              <TOTAL-CHISACHON-MITZTABER-TZAFUY xmlns:xsi="http://www.w3.org/2001/XMLSchema-instance" xsi:nil="true" />
              <TZVIRAT-CHISACHON-CHAZUYA-LELO-PREMIYOT xmlns:xsi="http://www.w3.org/2001/XMLSchema-instance" xsi:nil="true" />
              <MEKADEM-MOVTACH-LEPRISHA xmlns:xsi="http://www.w3.org/2001/XMLSchema-instance" xsi:nil="true" />
              <MEKADEM-HAVTACHST-TOCHELET xmlns:xsi="http://www.w3.org/2001/XMLSchema-instance" xsi:nil="true" />
              <MEKADEM-HAVTACHST-TOCHELETPRISHA xmlns:xsi="http://www.w3.org/2001/XMLSchema-instance" xsi:nil="true" />
              <SHEM-MASLOL xmlns:xsi="http://www.w3.org/2001/XMLSchema-instance" xsi:nil="true" />
              <MEKADEM-HAVTACHAT-TSUA xmlns:xsi="http://www.w3.org/2001/XMLSchema-instance" xsi:nil="true" />
              <MEKADEM-HAVTACHAT-TSUATKUFA xmlns:xsi="http://www.w3.org/2001/XMLSchema-instance" xsi:nil="true" />
              <TKUFAT-HAGBALA-BESHANIM xmlns:xsi="http://www.w3.org/2001/XMLSchema-instance" xsi:nil="true" />
              <TOCHELET-MASHPIA-KITZBA xmlns:xsi="http://www.w3.org/2001/XMLSchema-instance" xsi:nil="true" />
              <TSUA-MASHPIA-KITZBA xmlns:xsi="http://www.w3.org/2001/XMLSchema-instance" xsi:nil="true" />
              <SHEUR-PNS-ZIKNA-TZFUYA xmlns:xsi="http://www.w3.org/2001/XMLSchema-instance" xsi:nil="true" />
              <Kupot>
                <Kupa>
                  <SUG-KUPA>2</SUG-KUPA>
                  <SCHUM-KITZVAT-ZIKNA xmlns:xsi="http://www.w3.org/2001/XMLSchema-instance" xsi:nil="true" />
                  <KITZVAT-HODSHIT-TZFUYA xmlns:xsi="http://www.w3.org/2001/XMLSchema-instance" xsi:nil="true" />
                  <ACHUZ-TSUA-BATACHAZIT xmlns:xsi="http://www.w3.org/2001/XMLSchema-instance" xsi:nil="true" />
                  <TOTAL-ITRA-TZFUYA-MECHUSHAV-LEHON-IM-PREMIOT xmlns:xsi="http://www.w3.org/2001/XMLSchema-instance" xsi:nil="true" />
                  <TZVIRAT-CHISACHON-TZFUYA-LEHON-LELO-PREMIYOT xmlns:xsi="http://www.w3.org/2001/XMLSchema-instance" xsi:nil="true" />
                  <TOTAL-SCHUM-MTZBR-TZAFUY-LEGIL-PRISHA-MECHUSHAV-LEKITZBA-IM-PREMIYOT xmlns:xsi="http://www.w3.org/2001/XMLSchema-instance" xsi:nil="true" />
                  <TOTAL-SCHUM-MITZVTABER-TZFUY-LEGIL-PRISHA-MECHUSHAV-HAMEYOAD-LEKITZBA-LELO-PREMIYOT xmlns:xsi="http://www.w3.org/2001/XMLSchema-instance" xsi:nil="true" />
                </Kupa>
              </Kupot>
            </YitraLefiGilPrisha>
            <Tsua>
              <SHEUR-TSUA-NETO>-1.36</SHEUR-TSUA-NETO>
              <SHEUR-TSUA-BRUTO-CHS-1 xmlns:xsi="http://www.w3.org/2001/XMLSchema-instance" xsi:nil="true" />
              <SHEUR-TSUA-MOVTACHAT-MEYOADOT xmlns:xsi="http://www.w3.org/2001/XMLSchema-instance" xsi:nil="true" />
              <REVACH-HEFSED-BENIKOI-HOZAHOT xmlns:xsi="http://www.w3.org/2001/XMLSchema-instance" xsi:nil="true" />
              <SIMAN-REVACH-HEFSED xmlns:xsi="http://www.w3.org/2001/XMLSchema-instance" xsi:nil="true" />
              <ACHUZ-TSUA-BRUTO-CHS-2 xmlns:xsi="http://www.w3.org/2001/XMLSchema-instance" xsi:nil="true" />
            </Tsua>
            <PirteiTaktziv>
              <PirteiOved>
                <SUG-TOCHNIT-O-CHESHBON>1</SUG-TOCHNIT-O-CHESHBON>
                <MPR-MAASIK-BE-YATZRAN>278656</MPR-MAASIK-BE-YATZRAN>
                <STATUS-MAASIK>1</STATUS-MAASIK>
                <SUG-BAAL-HAPOLISA-SHE-EINO-HAMEVUTACH xmlns:xsi="http://www.w3.org/2001/XMLSchema-instance" xsi:nil="true" />
                <MISPAR-BAAL-POLISA-SHEEINO-MEVUTAH xmlns:xsi="http://www.w3.org/2001/XMLSchema-instance" xsi:nil="true" />
                <SHEM-BAAL-POLISA-SHEEINO-MEVUTAH xmlns:xsi="http://www.w3.org/2001/XMLSchema-instance" xsi:nil="true" />
              </PirteiOved>
              <PirteiHaasaka>
                <KOD-CHISHUV-SACHAR-POLISA-O-HESHBON>5</KOD-CHISHUV-SACHAR-POLISA-O-HESHBON>
                <SACHAR-POLISA>0</SACHAR-POLISA>
                <KOD-OFEN-HATZMADA>1</KOD-OFEN-HATZMADA>
                <TAARICH-MASKORET xmlns:xsi="http://www.w3.org/2001/XMLSchema-instance" xsi:nil="true" />
                <ZAKAUT-LELO-TNAI>3</ZAKAUT-LELO-TNAI>
                <SEIF-14>1</SEIF-14>
                <TAARICH-TCHILAT-TASHLUM>19000101</TAARICH-TCHILAT-TASHLUM>
              </PirteiHaasaka>
              <PerutHafrashotLePolisa>
                <SUG-HAMAFKID>2</SUG-HAMAFKID>
                <SUG-HAFRASHA>2</SUG-HAFRASHA>
                <ACHUZ-HAFRASHA>0</ACHUZ-HAFRASHA>
                <SCHUM-HAFRASHA>0</SCHUM-HAFRASHA>
                <TAARICH-MADAD>20200622</TAARICH-MADAD>
              </PerutHafrashotLePolisa>
              <PerutMasluleiHashkaa>
                <KOD-SUG-MASLUL>1</KOD-SUG-MASLUL>
                <KOD-SUG-HAFRASHA>1</KOD-SUG-HAFRASHA>
                <ACHUZ-HAFKADA-LEHASHKAA>0</ACHUZ-HAFKADA-LEHASHKAA>
                <SCHUM-TZVIRA-BAMASLUL>31428.54</SCHUM-TZVIRA-BAMASLUL>
                <SHEM-MASLUL-HASHKAA>אקסלנס גמל אג"ח ללא מניות</SHEM-MASLUL-HASHKAA>
                <SHEUR-DMEI-NIHUL-HAFKADA>0</SHEUR-DMEI-NIHUL-HAFKADA>
                <SHEUR-DMEI-NIHUL-HISACHON>0.08</SHEUR-DMEI-NIHUL-HISACHON>
                <SHEUR-DMEI-NIHUL-HAFKADA-MIVNE xmlns:xsi="http://www.w3.org/2001/XMLSchema-instance" xsi:nil="true" />
                <SHEUR-DMEI-NIHUL-HISACHON-MIVNE xmlns:xsi="http://www.w3.org/2001/XMLSchema-instance" xsi:nil="true" />
                <DMEI-NIHUL-ACHERIM>0</DMEI-NIHUL-ACHERIM>
                <TSUA-NETO xmlns:xsi="http://www.w3.org/2001/XMLSchema-instance" xsi:nil="true" />
                <KOD-MASLUL-HASHKAA>513026484000000000001020000385</KOD-MASLUL-HASHKAA>
              </PerutMasluleiHashkaa>
              <NetuneiGvia>
                <SHEM-MESHALEM>רזאל - מערכות זמן אמת בעמ</SHEM-MESHALEM>
                <SUG-TEUDA-MESHALEM>1</SUG-TEUDA-MESHALEM>
                <MISPAR-ZIHUY-MESHALEM>511370660</MISPAR-ZIHUY-MESHALEM>
                <KOD-EMTZAEI-TASHLUM>1</KOD-EMTZAEI-TASHLUM>
                <TADIRUT-TASHLUM>4</TADIRUT-TASHLUM>
                <CHODESH-YECHUS>1</CHODESH-YECHUS>
                <YOM-GVIYA-BECHODESH>10</YOM-GVIYA-BECHODESH>
                <OFEN-HATZMADAT-GVIA>9</OFEN-HATZMADAT-GVIA>
                <ACHUZ-TAT-SHNATIYOT xmlns:xsi="http://www.w3.org/2001/XMLSchema-instance" xsi:nil="true" />
              </NetuneiGvia>
              <PirteiHafkadaAchrona />
              <PerutHafkadotMetchilatShana>
                <TAARICH-ERECH-HAFKADA>20200622</TAARICH-ERECH-HAFKADA>
                <KOD-SUG-HAFKADA>1</KOD-SUG-HAFKADA>
                <SUG-HAFRASHA>2</SUG-HAFRASHA>
                <SUG-MAFKID>2</SUG-MAFKID>
                <SCHUM-HAFKADA-SHESHULAM>0</SCHUM-HAFKADA-SHESHULAM>
                <SACHAR-BERAMAT-HAFKADA>0</SACHAR-BERAMAT-HAFKADA>
                <CHODESH-SACHAR xmlns:xsi="http://www.w3.org/2001/XMLSchema-instance" xsi:nil="true" />
                <ZMAN-PERAON>202006</ZMAN-PERAON>
              </PerutHafkadotMetchilatShana>
              <HafkadotShnatiyot>
                <TOTAL-HAFKADOT-OVED-TAGMULIM-SHANA-NOCHECHIT>0</TOTAL-HAFKADOT-OVED-TAGMULIM-SHANA-NOCHECHIT>
                <TOTAL-HAFKADOT-MAAVID-TAGMULIM-SHANA-NOCHECHIT>0</TOTAL-HAFKADOT-MAAVID-TAGMULIM-SHANA-NOCHECHIT>
                <TOTAL-HAFKADOT-PITZUIM-SHANA-NOCHECHIT>0</TOTAL-HAFKADOT-PITZUIM-SHANA-NOCHECHIT>
              </HafkadotShnatiyot>
              <ChovotPigurim>
                <ChovPigur>
                  <KAYAM-CHOV-O-PIGUR>2</KAYAM-CHOV-O-PIGUR>
                  <TAARICH-TECHILAT-PIGUR xmlns:xsi="http://www.w3.org/2001/XMLSchema-instance" xsi:nil="true" />
                  <TAARICH-TECHILAT-PIGUR-NOCHECHI xmlns:xsi="http://www.w3.org/2001/XMLSchema-instance" xsi:nil="true" />
                  <MISPAR-CHODSHEI-PIGUR xmlns:xsi="http://www.w3.org/2001/XMLSchema-instance" xsi:nil="true" />
                  <SUG-HOV xmlns:xsi="http://www.w3.org/2001/XMLSchema-instance" xsi:nil="true" />
                  <TOTAL-CHOVOT-O-PIGURIM xmlns:xsi="http://www.w3.org/2001/XMLSchema-instance" xsi:nil="true" />
                  <KSAFIM-LO-MESHUYACHIM-MAASIK xmlns:xsi="http://www.w3.org/2001/XMLSchema-instance" xsi:nil="true" />
                </ChovPigur>
              </ChovotPigurim>
              <PerutHotzaot>
                <HotzaotBafoalLehodeshDivoach>
                  <SHEUR-DMEI-NIHUL-HAFKADA>0</SHEUR-DMEI-NIHUL-HAFKADA>
                  <TOTAL-DMEI-NIHUL-HAFKADA>0</TOTAL-DMEI-NIHUL-HAFKADA>
                  <SHEUR-DMEI-NIHUL-TZVIRA>0.0747</SHEUR-DMEI-NIHUL-TZVIRA>
                  <TOTAL-DMEI-NIHUL-TZVIRA>23.49</TOTAL-DMEI-NIHUL-TZVIRA>
                  <SACH-DMEI-NIHUL-ACHERIM>0</SACH-DMEI-NIHUL-ACHERIM>
                  <HOTZOT-NIHUL-ASHKAOT xmlns:xsi="http://www.w3.org/2001/XMLSchema-instance" xsi:nil="true" />
                  <TOTAL-DMEI-NIHUL-POLISA-O-HESHBON>117.31</TOTAL-DMEI-NIHUL-POLISA-O-HESHBON>
                  <DEMI-AAVARAT-MASLOL xmlns:xsi="http://www.w3.org/2001/XMLSchema-instance" xsi:nil="true" />
                  <DMEI-NIUL-MENAEL-TIKIM xmlns:xsi="http://www.w3.org/2001/XMLSchema-instance" xsi:nil="true" />
                  <OFEN-GEVIAT-DMEI-BITUACH xmlns:xsi="http://www.w3.org/2001/XMLSchema-instance" xsi:nil="true" />
                  <SACH-DMEI-BITUAH-SHENIGBOO>0</SACH-DMEI-BITUAH-SHENIGBOO>
                </HotzaotBafoalLehodeshDivoach>
                <MivneDmeiNihul>
                  <PerutMivneDmeiNihul>
                    <GOVA-DMEI-NIHUL-NIKBA-AL-PI-HOTZAOT-BAPOAL>2</GOVA-DMEI-NIHUL-NIKBA-AL-PI-HOTZAOT-BAPOAL>
                    <SUG-HOTZAA>1</SUG-HOTZAA>
                    <KOD-MASLUL-DMEI-NIHUL xmlns:xsi="http://www.w3.org/2001/XMLSchema-instance" xsi:nil="true" />
                    <MEAFYENEI-MASLUL-DMEI-NIHUL>0</MEAFYENEI-MASLUL-DMEI-NIHUL>
                    <SHEUR-DMEI-NIHUL>0.9</SHEUR-DMEI-NIHUL>
                    <TAARICH-IDKUN-SHEUR-DNHL>20190401</TAARICH-IDKUN-SHEUR-DNHL>
                    <DMEI-NIHUL-ACHIDIM>0</DMEI-NIHUL-ACHIDIM>
                    <KOD-MASLUL-HASHKAA-BAAL-DMEI-NIHUL-YECHUDIIM xmlns:xsi="http://www.w3.org/2001/XMLSchema-instance" xsi:nil="true" />
                    <OFEN-HAFRASHA>0</OFEN-HAFRASHA>
                    <SCHUM-MAX-DNHL-HAFKADA>0</SCHUM-MAX-DNHL-HAFKADA>
                    <SACH-DMEI-NIHUL-MASLUL xmlns:xsi="http://www.w3.org/2001/XMLSchema-instance" xsi:nil="true" />
                    <DMEI-NIHUL-ACHERIM xmlns:xsi="http://www.w3.org/2001/XMLSchema-instance" xsi:nil="true" />
                    <KENAS-MESHICHAT-KESAFIM xmlns:xsi="http://www.w3.org/2001/XMLSchema-instance" xsi:nil="true" />
                    <KAYEMET-HATAVA>1</KAYEMET-HATAVA>
                    <SUG-HATAVA>2</SUG-HATAVA>
                    <ACHOZ-HATAVA>0.9</ACHOZ-HATAVA>
                    <TAARICH-SIUM-HATAVA>20240331</TAARICH-SIUM-HATAVA>
                  </PerutMivneDmeiNihul>
                </MivneDmeiNihul>
              </PerutHotzaot>
              <PerutYitrotLesofShanaKodemet>
                <YITRAT-SOF-SHANA>31862.05</YITRAT-SOF-SHANA>
                <ERECH-PIDYON-SOF-SHANA xmlns:xsi="http://www.w3.org/2001/XMLSchema-instance" xsi:nil="true" />
                <ERECH-MESOLAK-SOF-SHANA xmlns:xsi="http://www.w3.org/2001/XMLSchema-instance" xsi:nil="true" />
                <YISKON-YITRAT-KESAFIM xmlns:xsi="http://www.w3.org/2001/XMLSchema-instance" xsi:nil="true" />
              </PerutYitrotLesofShanaKodemet>
              <BlockItrot>
                <Yitrot>
                  <TAARICH-ERECH-TZVIROT>20200531</TAARICH-ERECH-TZVIROT>
                  <PerutYitrot>
                    <KOD-SUG-ITRA>1</KOD-SUG-ITRA>
                    <KOD-SUG-HAFRASHA>1</KOD-SUG-HAFRASHA>
                    <TOTAL-CHISACHON-MTZBR>31428.54</TOTAL-CHISACHON-MTZBR>
                    <TOTAL-ERKEI-PIDION>31428.54</TOTAL-ERKEI-PIDION>
                  </PerutYitrot>
                  <PerutYitraLeTkufa>
                    <KOD-TECHULAT-SHICHVA>9</KOD-TECHULAT-SHICHVA>
                    <REKIV-ITRA-LETKUFA>1</REKIV-ITRA-LETKUFA>
                    <SUG-ITRA-LETKUFA>1</SUG-ITRA-LETKUFA>
                    <SACH-ITRA-LESHICHVA-BESHACH>31428.54</SACH-ITRA-LESHICHVA-BESHACH>
                  </PerutYitraLeTkufa>
                  <NesilutTag>
                    <MOED-NEZILUT-TAGMULIM>20231018</MOED-NEZILUT-TAGMULIM>
                    <YITRAT-KASPEY-TAGMULIM>31428.54</YITRAT-KASPEY-TAGMULIM>
                  </NesilutTag>
                  <YitrotShonot>
                    <TZVIRAT-PITZUIM-PTURIM-MAAVIDIM-KODMIM xmlns:xsi="http://www.w3.org/2001/XMLSchema-instance" xsi:nil="true" />
                    <ERECH-PIDION-PITZUIM-LEKITZBA-MAAVIDIM-KODMIM xmlns:xsi="http://www.w3.org/2001/XMLSchema-instance" xsi:nil="true" />
                    <TZVIRAT-PITZUIM-MAAVIDIM-KODMIM-BERETZEF-KITZBA xmlns:xsi="http://www.w3.org/2001/XMLSchema-instance" xsi:nil="true" />
                    <TZVIRAT-PITZUIM-MAAVIDIM-KODMIM-BERETZEF-ZECHUYOT xmlns:xsi="http://www.w3.org/2001/XMLSchema-instance" xsi:nil="true" />
                    <TZVIRAT-PITZUIM-31-12-1999-LEKITZBA xmlns:xsi="http://www.w3.org/2001/XMLSchema-instance" xsi:nil="true" />
                    <ERECH-PIDION-PITZUIM-MAASIK-NOCHECHI>31428.54</ERECH-PIDION-PITZUIM-MAASIK-NOCHECHI>
                    <ERECH-PIDION-MARKIV-PITZUIM-LEMAS-NOCHECHI>31428.54</ERECH-PIDION-MARKIV-PITZUIM-LEMAS-NOCHECHI>
                    <ERECH-PIDION-PITZUIM-MAAVIDIM-KODMIM-RETZEF-ZEHUYUT xmlns:xsi="http://www.w3.org/2001/XMLSchema-instance" xsi:nil="true" />
                    <ERECH-PIDION-PITZUIM-LEHON-MAAVIDIM-KODMIM xmlns:xsi="http://www.w3.org/2001/XMLSchema-instance" xsi:nil="true" />
                    <KAYAM-RETZEF-PITZUIM-KITZBA>2</KAYAM-RETZEF-PITZUIM-KITZBA>
                    <KAYAM-RETZEF-ZECHUYOT-PITZUIM>2</KAYAM-RETZEF-ZECHUYOT-PITZUIM>
                  </YitrotShonot>
                </Yitrot>
              </BlockItrot>
            </PirteiTaktziv>
            <PerutMeyupeKoach>
              <KAYAM-MEYUPE-KOACH>1</KAYAM-MEYUPE-KOACH>
              <SUG-ZIHUY>1</SUG-ZIHUY>
              <MISPAR-ZIHUY>1</MISPAR-ZIHUY>
              <TAARICH-MINUY-SOCHEN>20140106</TAARICH-MINUY-SOCHEN>
              <SHEM-MEYUPE-KOACH>סיימון מבטח</SHEM-MEYUPE-KOACH>
            </PerutMeyupeKoach>
            <Kisuim>
              <ZihuiKisui>
                <MISPAR-KISUI-BE-YATZRAN>513026484000000000001020000385</MISPAR-KISUI-BE-YATZRAN>
                <SHEM-KISUI-YATZRAN>אקסלנס גמל אג"ח ללא מניות</SHEM-KISUI-YATZRAN>
                <SUG-KISUI-ETZEL-YATZRAN xmlns:xsi="http://www.w3.org/2001/XMLSchema-instance" xsi:nil="true" />
                <MISPAR-POLISA-O-HESHBON-NEGDI xmlns:xsi="http://www.w3.org/2001/XMLSchema-instance" xsi:nil="true" />
                <PirteiMevutach>
                  <SUG-TEUDA>1</SUG-TEUDA>
                  <MISPAR-ZIHUY-LAKOACH>058074600</MISPAR-ZIHUY-LAKOACH>
                </PirteiMevutach>
                <PirteiTosafot>
                  <TOSEFET-TAARIF>2</TOSEFET-TAARIF>
                  <KOD-SUG-TOSEFET xmlns:xsi="http://www.w3.org/2001/XMLSchema-instance" xsi:nil="true" />
                  <SHEUR-TOSEFET xmlns:xsi="http://www.w3.org/2001/XMLSchema-instance" xsi:nil="true" />
                  <PROMIL-TOSEFET xmlns:xsi="http://www.w3.org/2001/XMLSchema-instance" xsi:nil="true" />
                  <TAARICH-TOM-TOSEFET xmlns:xsi="http://www.w3.org/2001/XMLSchema-instance" xsi:nil="true" />
                </PirteiTosafot>
                <Mutav>
                  <SUG-ZIHUY-MUTAV>7</SUG-ZIHUY-MUTAV>
                  <KOD-ZIHUY-MUTAV xmlns:xsi="http://www.w3.org/2001/XMLSchema-instance" xsi:nil="true" />
                  <MISPAR-ZIHUY-MUTAV xmlns:xsi="http://www.w3.org/2001/XMLSchema-instance" xsi:nil="true" />
                  <SHEM-PRATI-MUTAV xmlns:xsi="http://www.w3.org/2001/XMLSchema-instance" xsi:nil="true" />
                  <SHEM-MISHPACHA-MUTAV xmlns:xsi="http://www.w3.org/2001/XMLSchema-instance" xsi:nil="true" />
                  <SUG-ZIKA xmlns:xsi="http://www.w3.org/2001/XMLSchema-instance" xsi:nil="true" />
                  <ACHUZ-MUTAV xmlns:xsi="http://www.w3.org/2001/XMLSchema-instance" xsi:nil="true" />
                  <HAGDARAT-MUTAV xmlns:xsi="http://www.w3.org/2001/XMLSchema-instance" xsi:nil="true" />
                  <MAHUT-MUTAV xmlns:xsi="http://www.w3.org/2001/XMLSchema-instance" xsi:nil="true" />
                </Mutav>
                <KisuiBKerenPensia>
                  <ALUT-KISUI-NECHUT xmlns:xsi="http://www.w3.org/2001/XMLSchema-instance" xsi:nil="true" />
                  <ALUT-KISUI-PNS-SHRM-NECHE xmlns:xsi="http://www.w3.org/2001/XMLSchema-instance" xsi:nil="true" />
                  <SHEUR-KISUY-NECHUT xmlns:xsi="http://www.w3.org/2001/XMLSchema-instance" xsi:nil="true" />
                  <SACHAR-KOVEA-LE-NECHUT-VE-SHEERIM xmlns:xsi="http://www.w3.org/2001/XMLSchema-instance" xsi:nil="true" />
                  <TAARICH-MASKORET-NECHUT-VE-SHEERIM xmlns:xsi="http://www.w3.org/2001/XMLSchema-instance" xsi:nil="true" />
                  <SUG-VITOR-SHAERIM xmlns:xsi="http://www.w3.org/2001/XMLSchema-instance" xsi:nil="true" />
                  <SACH-PENSIAT-NECHUT xmlns:xsi="http://www.w3.org/2001/XMLSchema-instance" xsi:nil="true" />
                  <NECHUT-MITPATAHAT xmlns:xsi="http://www.w3.org/2001/XMLSchema-instance" xsi:nil="true" />
                  <VITUR-KISUY-BITUCHI xmlns:xsi="http://www.w3.org/2001/XMLSchema-instance" xsi:nil="true" />
                  <ALUT-KISUY-SHEERIM xmlns:xsi="http://www.w3.org/2001/XMLSchema-instance" xsi:nil="true" />
                  <SHIUR-KISUY-YATOM xmlns:xsi="http://www.w3.org/2001/XMLSchema-instance" xsi:nil="true" />
                  <KITZBAT-SHEERIM-LEALMAN-O-ALMANA xmlns:xsi="http://www.w3.org/2001/XMLSchema-instance" xsi:nil="true" />
                  <KITZBAT-SHEERIM-LEYATOM xmlns:xsi="http://www.w3.org/2001/XMLSchema-instance" xsi:nil="true" />
                  <KITZBAT-SHEERIM-LEHORE-NITMACH xmlns:xsi="http://www.w3.org/2001/XMLSchema-instance" xsi:nil="true" />
                  <TAARICH-VITOR-SHEERIM xmlns:xsi="http://www.w3.org/2001/XMLSchema-instance" xsi:nil="true" />
                  <TAARICH-CIUM-VITOR-SEERIM xmlns:xsi="http://www.w3.org/2001/XMLSchema-instance" xsi:nil="true" />
                  <SHIUR-KISUY-ALMAN-O-ALMANA xmlns:xsi="http://www.w3.org/2001/XMLSchema-instance" xsi:nil="true" />
                  <SHIUR-KISUY-HORE-NITMACH xmlns:xsi="http://www.w3.org/2001/XMLSchema-instance" xsi:nil="true" />
                  <GIL-PRISHA-LEPENSIYAT-ZIKNA xmlns:xsi="http://www.w3.org/2001/XMLSchema-instance" xsi:nil="true" />
                  <SACH-PENSIYAT-ALMAN-O-ALMANA xmlns:xsi="http://www.w3.org/2001/XMLSchema-instance" xsi:nil="true" />
                  <MISPAR-HODSHEI-HAVERUT-BEKEREN-HAPENSIYA xmlns:xsi="http://www.w3.org/2001/XMLSchema-instance" xsi:nil="true" />
                  <MISPAR-HODSHEI-HAVERUT-MITZ-BEKEREN-HAPENSIYA xmlns:xsi="http://www.w3.org/2001/XMLSchema-instance" xsi:nil="true" />
                  <MENAT-PENSIA-TZVURA xmlns:xsi="http://www.w3.org/2001/XMLSchema-instance" xsi:nil="true" />
                  <AHUZ-PENSIYA-TZVURA xmlns:xsi="http://www.w3.org/2001/XMLSchema-instance" xsi:nil="true" />
                  <TAARICH-TCHILAT-HAVERUT xmlns:xsi="http://www.w3.org/2001/XMLSchema-instance" xsi:nil="true" />
                  <TAARICH-ERECH-LANENTUNIM xmlns:xsi="http://www.w3.org/2001/XMLSchema-instance" xsi:nil="true" />
                  <HATAVA-BITUCHIT xmlns:xsi="http://www.w3.org/2001/XMLSchema-instance" xsi:nil="true" />
                </KisuiBKerenPensia>
                <Miktsoa-Isuk-Tachviv>
                  <TACHVIVIM-O-ISUKIM xmlns:xsi="http://www.w3.org/2001/XMLSchema-instance" xsi:nil="true" />
                  <KOD-MIKTZOA xmlns:xsi="http://www.w3.org/2001/XMLSchema-instance" xsi:nil="true" />
                  <TCHUM-ISUK-CHADASH xmlns:xsi="http://www.w3.org/2001/XMLSchema-instance" xsi:nil="true" />
                </Miktsoa-Isuk-Tachviv>
              </ZihuiKisui>
            </Kisuim>
          </HeshbonOPolisa>
        </HeshbonotOPolisot>
      </Mutzar>
    </Mutzarim>
  </YeshutYatzran>
  <ReshumatSgira>
    <KAMUT-YATZRANIM>000000001</KAMUT-YATZRANIM>
    <KAMUT-METAFELIM>000000001</KAMUT-METAFELIM>
    <KAMUT-MUTZARIM>000000001</KAMUT-MUTZARIM>
    <KAMUT-YESHUYOT-MAASIK>000000001</KAMUT-YESHUYOT-MAASIK>
    <KAMUT-YESHUYOT-MEFITZ>000000001</KAMUT-YESHUYOT-MEFITZ>
    <MISPAR-YESHUYUT-LAKOACH-BAKOVETZ>000000001</MISPAR-YESHUYUT-LAKOACH-BAKOVETZ>
    <KAMUT-POLISOT>000000001</KAMUT-POLISOT>
  </ReshumatSgira>
</Mimshak>