<Mimshak>
  <KoteretKovetz>
    <SUG-MIMSHAK>1</SUG-MIMSHAK>
    <MISPAR-GIRSAT-XML>007</MISPAR-GIRSAT-XML>
    <TAARICH-BITZUA>20200622210527</TAARICH-BITZUA>
    <KOD-SVIVAT-AVODA>2</KOD-SVIVAT-AVODA>
    <KIVUN-MIMSHAK-XML>4</KIVUN-MIMSHAK-XML>
    <KOD-SHOLEACH>570014928</KOD-SHOLEACH>
    <SHEM-SHOLEACH>קופת תגמולים של עובדי תע"א</SHEM-SHOLEACH>
    <KOD-MEZAHE-METAFEL xmlns:xsi="http://www.w3.org/2001/XMLSchema-instance" xsi:nil="true" />
    <SHEM-METAFEL xmlns:xsi="http://www.w3.org/2001/XMLSchema-instance" xsi:nil="true" />
    <MEZAHE-HAAVARA>004000570014928CONSLTKGM007202006222105270015.DAT</MEZAHE-HAAVARA>
    <MISPAR-HAKOVETZ>20200622210527570014928</MISPAR-HAKOVETZ>
  </KoteretKovetz>
  <YeshutYatzran>
    <KOD-MEZAHE-YATZRAN>570014928</KOD-MEZAHE-YATZRAN>
    <SHEM-YATZRAN>קופת תגמולים של עובדי תע"א</SHEM-YATZRAN>
    <MEZAHE-LAKOACH-MISLAKA xmlns:xsi="http://www.w3.org/2001/XMLSchema-instance" xsi:nil="true" />
    <IshKesherYeshutYatzran>
      <SHEM-PRATI>דוד קייזרמן</SHEM-PRATI>
      <SHEM-MISHPACHA>דוד קייזרמן</SHEM-MISHPACHA>
      <ERETZ xmlns:xsi="http://www.w3.org/2001/XMLSchema-instance" xsi:nil="true" />
      <SHEM-YISHUV>נתב"ג לוד</SHEM-YISHUV>
      <SEMEL-YESHUV xmlns:xsi="http://www.w3.org/2001/XMLSchema-instance" xsi:nil="true" />
      <SHEM-RECHOV>מחלקה</SHEM-RECHOV>
      <MISPAR-BAIT>9985</MISPAR-BAIT>
      <MISPAR-KNISA xmlns:xsi="http://www.w3.org/2001/XMLSchema-instance" xsi:nil="true" />
      <MISPAR-DIRA xmlns:xsi="http://www.w3.org/2001/XMLSchema-instance" xsi:nil="true" />
      <MIKUD>70100</MIKUD>
      <TA-DOAR xmlns:xsi="http://www.w3.org/2001/XMLSchema-instance" xsi:nil="true" />
      <MISPAR-TELEPHONE-KAVI>03-9721259</MISPAR-TELEPHONE-KAVI>
      <MISPAR-SHLUCHA xmlns:xsi="http://www.w3.org/2001/XMLSchema-instance" xsi:nil="true" />
      <MISPAR-CELLULARI xmlns:xsi="http://www.w3.org/2001/XMLSchema-instance" xsi:nil="true" />
      <MISPAR-FAX>03-9721805</MISPAR-FAX>
      <E-MAIL>hyechiel@iai.co.il</E-MAIL>
      <HEAROT xmlns:xsi="http://www.w3.org/2001/XMLSchema-instance" xsi:nil="true" />
    </IshKesherYeshutYatzran>
    <YeshutMetafel>
      <KOD-MEZAHE-METAFEL>570014928</KOD-MEZAHE-METAFEL>
      <SHEM-METAFEL>קופת תגמולים של עובדי תע"א</SHEM-METAFEL>
      <IshKesherYeshutMetafel>
        <SHEM-PRATI>דוד קייזרמן</SHEM-PRATI>
        <SHEM-MISHPACHA>דוד קייזרמן</SHEM-MISHPACHA>
        <ERETZ xmlns:xsi="http://www.w3.org/2001/XMLSchema-instance" xsi:nil="true" />
        <SHEM-YISHUV>נתב"ג לוד</SHEM-YISHUV>
        <SEMEL-YESHUV xmlns:xsi="http://www.w3.org/2001/XMLSchema-instance" xsi:nil="true" />
        <SHEM-RECHOV>מחלקה</SHEM-RECHOV>
        <MISPAR-BAIT>9985</MISPAR-BAIT>
        <MISPAR-KNISA xmlns:xsi="http://www.w3.org/2001/XMLSchema-instance" xsi:nil="true" />
        <MISPAR-DIRA xmlns:xsi="http://www.w3.org/2001/XMLSchema-instance" xsi:nil="true" />
        <MIKUD>70100</MIKUD>
        <TA-DOAR xmlns:xsi="http://www.w3.org/2001/XMLSchema-instance" xsi:nil="true" />
        <MISPAR-TELEPHONE-KAVI>03-9721259</MISPAR-TELEPHONE-KAVI>
        <MISPAR-SHLUCHA xmlns:xsi="http://www.w3.org/2001/XMLSchema-instance" xsi:nil="true" />
        <MISPAR-CELLULARI xmlns:xsi="http://www.w3.org/2001/XMLSchema-instance" xsi:nil="true" />
        <MISPAR-FAX>03-9721805</MISPAR-FAX>
        <E-MAIL>hyechiel@iai.co.il</E-MAIL>
        <HEAROT xmlns:xsi="http://www.w3.org/2001/XMLSchema-instance" xsi:nil="true" />
      </IshKesherYeshutMetafel>
    </YeshutMetafel>
    <Mutzarim>
      <Mutzar>
        <NetuneiMutzar>
          <KOD-MEZAHE-YATZRAN>570014928</KOD-MEZAHE-YATZRAN>
          <KOD-MEZAHE-METAFEL>570014928</KOD-MEZAHE-METAFEL>
          <SUG-MUTZAR>3</SUG-MUTZAR>
          <SHEM-KOVETZ-MEKORI xmlns:xsi="http://www.w3.org/2001/XMLSchema-instance" xsi:nil="true" />
          <MISPAR-SHURA-MEKORI xmlns:xsi="http://www.w3.org/2001/XMLSchema-instance" xsi:nil="true" />
          <RESERVA-MISLAKA xmlns:xsi="http://www.w3.org/2001/XMLSchema-instance" xsi:nil="true" />
          <MISPAR-MISLAKA>12652F2A-8951-4457-A522-B6410E87FA0D</MISPAR-MISLAKA>
          <STATUS-RESHOMA>1</STATUS-RESHOMA>
          <MISPAR-SHORA>1</MISPAR-SHORA>
          <TOTAL-ZEHUT-PER-MONTH xmlns:xsi="http://www.w3.org/2001/XMLSchema-instance" xsi:nil="true" />
          <TOTAL-MUTZARIM-PER-MONTH xmlns:xsi="http://www.w3.org/2001/XMLSchema-instance" xsi:nil="true" />
          <YeshutMaasik>
            <MPR-MAASIK-BE-YATZRAN>58074600</MPR-MAASIK-BE-YATZRAN>
            <SUG-MEZAHE-MAASIK>3</SUG-MEZAHE-MAASIK>
            <MISPAR-MEZAHE-MAASIK>58074600</MISPAR-MEZAHE-MAASIK>
            <MISPAR-TIK-NIKUIIM xmlns:xsi="http://www.w3.org/2001/XMLSchema-instance" xsi:nil="true" />
            <SHEM-MAASIK>נאמן רפי</SHEM-MAASIK>
            <ERETZ xmlns:xsi="http://www.w3.org/2001/XMLSchema-instance" xsi:nil="true" />
            <SHEM-YISHUV>חולון</SHEM-YISHUV>
            <SEMEL-YESHUV xmlns:xsi="http://www.w3.org/2001/XMLSchema-instance" xsi:nil="true" />
            <SHEM-RECHOV>שנקר</SHEM-RECHOV>
            <MISPAR-BAIT>5</MISPAR-BAIT>
            <MISPAR-KNISA xmlns:xsi="http://www.w3.org/2001/XMLSchema-instance" xsi:nil="true" />
            <MISPAR-DIRA xmlns:xsi="http://www.w3.org/2001/XMLSchema-instance" xsi:nil="true" />
            <MIKUD>5827017</MIKUD>
            <TA-DOAR xmlns:xsi="http://www.w3.org/2001/XMLSchema-instance" xsi:nil="true" />
            <MISPAR-TELEPHONE-KAVI>08-9740440</MISPAR-TELEPHONE-KAVI>
            <MISPAR-SHLUCHA xmlns:xsi="http://www.w3.org/2001/XMLSchema-instance" xsi:nil="true" />
            <MISPAR-CELLULARI>054-2311819</MISPAR-CELLULARI>
            <MISPAR-FAX xmlns:xsi="http://www.w3.org/2001/XMLSchema-instance" xsi:nil="true" />
            <E-MAIL xmlns:xsi="http://www.w3.org/2001/XMLSchema-instance" xsi:nil="true" />
            <HEAROT xmlns:xsi="http://www.w3.org/2001/XMLSchema-instance" xsi:nil="true" />
            <IshKesherYeshutMaasik>
              <SHEM-PRATI xmlns:xsi="http://www.w3.org/2001/XMLSchema-instance" xsi:nil="true" />
              <SHEM-MISHPACHA xmlns:xsi="http://www.w3.org/2001/XMLSchema-instance" xsi:nil="true" />
              <MISPAR-TELEPHONE-KAVI xmlns:xsi="http://www.w3.org/2001/XMLSchema-instance" xsi:nil="true" />
              <MISPAR-CELLULARI xmlns:xsi="http://www.w3.org/2001/XMLSchema-instance" xsi:nil="true" />
              <MISPAR-FAX xmlns:xsi="http://www.w3.org/2001/XMLSchema-instance" xsi:nil="true" />
              <E-MAIL xmlns:xsi="http://www.w3.org/2001/XMLSchema-instance" xsi:nil="true" />
              <HEAROT xmlns:xsi="http://www.w3.org/2001/XMLSchema-instance" xsi:nil="true" />
            </IshKesherYeshutMaasik>
          </YeshutMaasik>
          <YeshutLakoach>
            <SUG-MEZAHE-LAKOACH>1</SUG-MEZAHE-LAKOACH>
            <MISPAR-ZIHUY-LAKOACH>0000000058074600</MISPAR-ZIHUY-LAKOACH>
            <SHEM-PRATI>רפי</SHEM-PRATI>
            <SHEM-MISHPACHA-KODEM xmlns:xsi="http://www.w3.org/2001/XMLSchema-instance" xsi:nil="true" />
            <SHEM-MISHPACHA>נאמן</SHEM-MISHPACHA>
            <MIN>1</MIN>
            <TAARICH-LEYDA>19631018</TAARICH-LEYDA>
            <PTIRA>2</PTIRA>
            <TAARICH-PTIRA xmlns:xsi="http://www.w3.org/2001/XMLSchema-instance" xsi:nil="true" />
            <MATZAV-MISHPACHTI>2</MATZAV-MISHPACHTI>
            <ERETZ>ישראל</ERETZ>
            <SHEM-YISHUV>חולון</SHEM-YISHUV>
            <SEMEL-YESHUV xmlns:xsi="http://www.w3.org/2001/XMLSchema-instance" xsi:nil="true" />
            <SHEM-RECHOV>שנקר</SHEM-RECHOV>
            <MISPAR-BAIT>5</MISPAR-BAIT>
            <MISPAR-KNISA xmlns:xsi="http://www.w3.org/2001/XMLSchema-instance" xsi:nil="true" />
            <MISPAR-DIRA xmlns:xsi="http://www.w3.org/2001/XMLSchema-instance" xsi:nil="true" />
            <MIKUD>5827017</MIKUD>
            <TA-DOAR xmlns:xsi="http://www.w3.org/2001/XMLSchema-instance" xsi:nil="true" />
            <MISPAR-TELEPHONE-KAVI>08-9740440</MISPAR-TELEPHONE-KAVI>
            <MISPAR-SHLUCHA xmlns:xsi="http://www.w3.org/2001/XMLSchema-instance" xsi:nil="true" />
            <MISPAR-CELLULARI>054-2311819</MISPAR-CELLULARI>
            <MISPAR-FAX xmlns:xsi="http://www.w3.org/2001/XMLSchema-instance" xsi:nil="true" />
            <E-MAIL xmlns:xsi="http://www.w3.org/2001/XMLSchema-instance" xsi:nil="true" />
            <HEAROT xmlns:xsi="http://www.w3.org/2001/XMLSchema-instance" xsi:nil="true" />
            <MISPAR-YELADIM xmlns:xsi="http://www.w3.org/2001/XMLSchema-instance" xsi:nil="true" />
          </YeshutLakoach>
        </NetuneiMutzar>
        <HeshbonotOPolisot>
          <HeshbonOPolisa>
            <ASMACHTA-MEKORIT>239854</ASMACHTA-MEKORIT>
            <MISPAR-POLISA-O-HESHBON>239854</MISPAR-POLISA-O-HESHBON>
            <SHEM-TOCHNIT>חסכון</SHEM-TOCHNIT>
            <KIDOD-ACHID>570014928000000000003760000000</KIDOD-ACHID>
            <MPR-MEFITZ-BE-YATZRAN>100</MPR-MEFITZ-BE-YATZRAN>
            <TAARICH-NECHONUT>20200531</TAARICH-NECHONUT>
            <TAARICH-HITZTARFUT-MUTZAR>20170716</TAARICH-HITZTARFUT-MUTZAR>
            <TAARICH-HITZTARFUT-RISHON>20170716</TAARICH-HITZTARFUT-RISHON>
            <SUG-KEREN-PENSIA xmlns:xsi="http://www.w3.org/2001/XMLSchema-instance" xsi:nil="true" />
            <PENSIA-VATIKA-O-HADASHA xmlns:xsi="http://www.w3.org/2001/XMLSchema-instance" xsi:nil="true" />
            <TAARICH-IDKUN-STATUS>20180415</TAARICH-IDKUN-STATUS>
            <STATUS-POLISA-O-CHESHBON>2</STATUS-POLISA-O-CHESHBON>
            <TAARICH-TCHILA-RISK-ZMANI xmlns:xsi="http://www.w3.org/2001/XMLSchema-instance" xsi:nil="true" />
            <TOM-TOKEF-RISK-ZMANI xmlns:xsi="http://www.w3.org/2001/XMLSchema-instance" xsi:nil="true" />
            <SUG-POLISA xmlns:xsi="http://www.w3.org/2001/XMLSchema-instance" xsi:nil="true" />
            <SUG-TOCHNIT-O-CHESHBON>2</SUG-TOCHNIT-O-CHESHBON>
            <MADAD-BASIS xmlns:xsi="http://www.w3.org/2001/XMLSchema-instance" xsi:nil="true" />
            <AZMADA-LEALVAHA xmlns:xsi="http://www.w3.org/2001/XMLSchema-instance" xsi:nil="true" />
            <TAARICH-ACHRON-MOTAV-MUVET xmlns:xsi="http://www.w3.org/2001/XMLSchema-instance" xsi:nil="true" />
            <KOLEL-ZAKAUT-AGACH>2</KOLEL-ZAKAUT-AGACH>
            <SHIOR-AGACH-MEUADOT xmlns:xsi="http://www.w3.org/2001/XMLSchema-instance" xsi:nil="true" />
            <AVTACHT-TESOA xmlns:xsi="http://www.w3.org/2001/XMLSchema-instance" xsi:nil="true" />
            <TAARICH-CIUM-AVTACHT-TESOA xmlns:xsi="http://www.w3.org/2001/XMLSchema-instance" xsi:nil="true" />
            <MISPAR-GIMLAOT xmlns:xsi="http://www.w3.org/2001/XMLSchema-instance" xsi:nil="true" />
            <TIKUN-190>2</TIKUN-190>
            <KAYAM-KISUY-HIZONI>2</KAYAM-KISUY-HIZONI>
            <KISUY-ISHY-KVOZATI xmlns:xsi="http://www.w3.org/2001/XMLSchema-instance" xsi:nil="true" />
            <KtovetLemishloach>
              <ERETZ xmlns:xsi="http://www.w3.org/2001/XMLSchema-instance" xsi:nil="true" />
              <SHEM-YISHUV>חולון</SHEM-YISHUV>
              <SEMEL-YESHUV xmlns:xsi="http://www.w3.org/2001/XMLSchema-instance" xsi:nil="true" />
              <SHEM-RECHOV>שנקר</SHEM-RECHOV>
              <MISPAR-BAIT>5</MISPAR-BAIT>
              <MISPAR-KNISA xmlns:xsi="http://www.w3.org/2001/XMLSchema-instance" xsi:nil="true" />
              <MISPAR-DIRA xmlns:xsi="http://www.w3.org/2001/XMLSchema-instance" xsi:nil="true" />
              <MIKUD>5827017</MIKUD>
              <TA-DOAR xmlns:xsi="http://www.w3.org/2001/XMLSchema-instance" xsi:nil="true" />
            </KtovetLemishloach>
            <NetuneiAmitOmevutach>
              <KOD-ZIHUY-LAKOACH>1</KOD-ZIHUY-LAKOACH>
              <MISPAR-ZIHUY>0000000058074600</MISPAR-ZIHUY>
            </NetuneiAmitOmevutach>
            <NetuneiSheerim>
              <Sheer>
                <SUG-ZIKA xmlns:xsi="http://www.w3.org/2001/XMLSchema-instance" xsi:nil="true" />
                <KOD-ZIHUI-SHEERIM xmlns:xsi="http://www.w3.org/2001/XMLSchema-instance" xsi:nil="true" />
                <MISPAR-ZIHUY-SHEERIM xmlns:xsi="http://www.w3.org/2001/XMLSchema-instance" xsi:nil="true" />
                <SHEM-PRATI-SHEERIM xmlns:xsi="http://www.w3.org/2001/XMLSchema-instance" xsi:nil="true" />
                <SHEM-MISHPACHA-SHEERIM xmlns:xsi="http://www.w3.org/2001/XMLSchema-instance" xsi:nil="true" />
                <SHEM-MISHPAHA-KODEM xmlns:xsi="http://www.w3.org/2001/XMLSchema-instance" xsi:nil="true" />
                <TAARICH-LEIDA xmlns:xsi="http://www.w3.org/2001/XMLSchema-instance" xsi:nil="true" />
              </Sheer>
            </NetuneiSheerim>
            <MaslulBituach>
              <MASLUL-BITUACH-BAKEREN-PENSIA xmlns:xsi="http://www.w3.org/2001/XMLSchema-instance" xsi:nil="true" />
              <SHEM-MASLUL-HABITUAH xmlns:xsi="http://www.w3.org/2001/XMLSchema-instance" xsi:nil="true" />
            </MaslulBituach>
            <PerutShiabudIkul>
              <HUTAL-SHIABUD>3</HUTAL-SHIABUD>
              <HUTAL-IKUL>3</HUTAL-IKUL>
            </PerutShiabudIkul>
            <Halvaa>
              <YESH-HALVAA-BAMUTZAR>2</YESH-HALVAA-BAMUTZAR>
              <RAMAT-HALVAA xmlns:xsi="http://www.w3.org/2001/XMLSchema-instance" xsi:nil="true" />
              <MISDAR-SIDURI-SHEL-HAHALVAA xmlns:xsi="http://www.w3.org/2001/XMLSchema-instance" xsi:nil="true" />
              <SCHUM-HALVAA xmlns:xsi="http://www.w3.org/2001/XMLSchema-instance" xsi:nil="true" />
              <TAARICH-KABALAT-HALVAA xmlns:xsi="http://www.w3.org/2001/XMLSchema-instance" xsi:nil="true" />
              <TAARICH-SIYUM-HALVAA xmlns:xsi="http://www.w3.org/2001/XMLSchema-instance" xsi:nil="true" />
              <YITRAT-HALVAA xmlns:xsi="http://www.w3.org/2001/XMLSchema-instance" xsi:nil="true" />
              <TKUFAT-HALVAA xmlns:xsi="http://www.w3.org/2001/XMLSchema-instance" xsi:nil="true" />
              <RIBIT xmlns:xsi="http://www.w3.org/2001/XMLSchema-instance" xsi:nil="true" />
              <SUG-RIBIT xmlns:xsi="http://www.w3.org/2001/XMLSchema-instance" xsi:nil="true" />
              <SUG-HATZNMADA xmlns:xsi="http://www.w3.org/2001/XMLSchema-instance" xsi:nil="true" />
              <TADIRUT-HECHZER-HALVAA xmlns:xsi="http://www.w3.org/2001/XMLSchema-instance" xsi:nil="true" />
              <SUG-HECHZER xmlns:xsi="http://www.w3.org/2001/XMLSchema-instance" xsi:nil="true" />
              <SCHUM-HECHZER-TKUFATI xmlns:xsi="http://www.w3.org/2001/XMLSchema-instance" xsi:nil="true" />
            </Halvaa>
            <PirteyTvia>
              <YESH-TVIA>2</YESH-TVIA>
              <MISPAR-TVIA-BE-YATZRAN xmlns:xsi="http://www.w3.org/2001/XMLSchema-instance" xsi:nil="true" />
              <MISPAR-KISUI-BE-YATZRAN xmlns:xsi="http://www.w3.org/2001/XMLSchema-instance" xsi:nil="true" />
              <SHEM-KISUI-BE-YATZRAN xmlns:xsi="http://www.w3.org/2001/XMLSchema-instance" xsi:nil="true" />
              <SUG-HATVIAA xmlns:xsi="http://www.w3.org/2001/XMLSchema-instance" xsi:nil="true" />
              <OFEN-TASHLUM xmlns:xsi="http://www.w3.org/2001/XMLSchema-instance" xsi:nil="true" />
              <KOD-STATUS-TVIAA xmlns:xsi="http://www.w3.org/2001/XMLSchema-instance" xsi:nil="true" />
              <TAARICH-STATUS-TVIA xmlns:xsi="http://www.w3.org/2001/XMLSchema-instance" xsi:nil="true" />
              <TAARICH-TECHILAT-TASHLUM xmlns:xsi="http://www.w3.org/2001/XMLSchema-instance" xsi:nil="true" />
              <ACHUZ-MEUSHAR-O-K-A-SHICHRUR xmlns:xsi="http://www.w3.org/2001/XMLSchema-instance" xsi:nil="true" />
              <SCHUM-TVIA-MEUSHAR xmlns:xsi="http://www.w3.org/2001/XMLSchema-instance" xsi:nil="true" />
              <ACHUZ-NECHUT xmlns:xsi="http://www.w3.org/2001/XMLSchema-instance" xsi:nil="true" />
            </PirteyTvia>
            <PerutMitryot>
              <KAYAM-KISUY-BITUCHI-COLECTIVI-LEAMITIM>2</KAYAM-KISUY-BITUCHI-COLECTIVI-LEAMITIM>
              <SHEM-MEVATACHAT xmlns:xsi="http://www.w3.org/2001/XMLSchema-instance" xsi:nil="true" />
              <TAARICH-TCHILAT-HABITUACH xmlns:xsi="http://www.w3.org/2001/XMLSchema-instance" xsi:nil="true" />
              <TAARICH-TOM-TKUFAT-HABITUAH xmlns:xsi="http://www.w3.org/2001/XMLSchema-instance" xsi:nil="true" />
              <KOD-SUG-MUTZAR-BITUACH xmlns:xsi="http://www.w3.org/2001/XMLSchema-instance" xsi:nil="true" />
              <SCHUM-BITUACH xmlns:xsi="http://www.w3.org/2001/XMLSchema-instance" xsi:nil="true" />
              <ALUT-KISUI xmlns:xsi="http://www.w3.org/2001/XMLSchema-instance" xsi:nil="true" />
              <MESHALEM-DMEI-HABITUAH xmlns:xsi="http://www.w3.org/2001/XMLSchema-instance" xsi:nil="true" />
              <TADIRUT-HATSHLUM xmlns:xsi="http://www.w3.org/2001/XMLSchema-instance" xsi:nil="true" />
              <HAIM-NECHTAM-TOFES-HITZTARFUT xmlns:xsi="http://www.w3.org/2001/XMLSchema-instance" xsi:nil="true" />
            </PerutMitryot>
            <YitraLefiGilPrisha>
              <GIL-PRISHA>67.00</GIL-PRISHA>
              <TOTAL-CHISACHON-MITZTABER-TZAFUY>0.00</TOTAL-CHISACHON-MITZTABER-TZAFUY>
              <TZVIRAT-CHISACHON-CHAZUYA-LELO-PREMIYOT>0.00</TZVIRAT-CHISACHON-CHAZUYA-LELO-PREMIYOT>
              <MEKADEM-MOVTACH-LEPRISHA xmlns:xsi="http://www.w3.org/2001/XMLSchema-instance" xsi:nil="true" />
              <MEKADEM-HAVTACHST-TOCHELET xmlns:xsi="http://www.w3.org/2001/XMLSchema-instance" xsi:nil="true" />
              <MEKADEM-HAVTACHST-TOCHELETPRISHA xmlns:xsi="http://www.w3.org/2001/XMLSchema-instance" xsi:nil="true" />
              <SHEM-MASLOL xmlns:xsi="http://www.w3.org/2001/XMLSchema-instance" xsi:nil="true" />
              <MEKADEM-HAVTACHAT-TSUA xmlns:xsi="http://www.w3.org/2001/XMLSchema-instance" xsi:nil="true" />
              <MEKADEM-HAVTACHAT-TSUATKUFA xmlns:xsi="http://www.w3.org/2001/XMLSchema-instance" xsi:nil="true" />
              <TKUFAT-HAGBALA-BESHANIM xmlns:xsi="http://www.w3.org/2001/XMLSchema-instance" xsi:nil="true" />
              <TOCHELET-MASHPIA-KITZBA xmlns:xsi="http://www.w3.org/2001/XMLSchema-instance" xsi:nil="true" />
              <TSUA-MASHPIA-KITZBA xmlns:xsi="http://www.w3.org/2001/XMLSchema-instance" xsi:nil="true" />
              <SHEUR-PNS-ZIKNA-TZFUYA xmlns:xsi="http://www.w3.org/2001/XMLSchema-instance" xsi:nil="true" />
              <Kupot>
                <Kupa>
                  <SUG-KUPA>2</SUG-KUPA>
                  <SCHUM-KITZVAT-ZIKNA xmlns:xsi="http://www.w3.org/2001/XMLSchema-instance" xsi:nil="true" />
                  <KITZVAT-HODSHIT-TZFUYA xmlns:xsi="http://www.w3.org/2001/XMLSchema-instance" xsi:nil="true" />
                  <ACHUZ-TSUA-BATACHAZIT xmlns:xsi="http://www.w3.org/2001/XMLSchema-instance" xsi:nil="true" />
                  <TOTAL-ITRA-TZFUYA-MECHUSHAV-LEHON-IM-PREMIOT>0.00</TOTAL-ITRA-TZFUYA-MECHUSHAV-LEHON-IM-PREMIOT>
                  <TZVIRAT-CHISACHON-TZFUYA-LEHON-LELO-PREMIYOT>0.00</TZVIRAT-CHISACHON-TZFUYA-LEHON-LELO-PREMIYOT>
                  <TOTAL-SCHUM-MTZBR-TZAFUY-LEGIL-PRISHA-MECHUSHAV-LEKITZBA-IM-PREMIYOT>0.00</TOTAL-SCHUM-MTZBR-TZAFUY-LEGIL-PRISHA-MECHUSHAV-LEKITZBA-IM-PREMIYOT>
                  <TOTAL-SCHUM-MITZVTABER-TZFUY-LEGIL-PRISHA-MECHUSHAV-HAMEYOAD-LEKITZBA-LELO-PREMIYOT>0.00</TOTAL-SCHUM-MITZVTABER-TZFUY-LEGIL-PRISHA-MECHUSHAV-HAMEYOAD-LEKITZBA-LELO-PREMIYOT>
                </Kupa>
              </Kupot>
            </YitraLefiGilPrisha>
            <Tsua>
              <SHEUR-TSUA-NETO>0.97</SHEUR-TSUA-NETO>
              <SHEUR-TSUA-BRUTO-CHS-1 xmlns:xsi="http://www.w3.org/2001/XMLSchema-instance" xsi:nil="true" />
              <SHEUR-TSUA-MOVTACHAT-MEYOADOT xmlns:xsi="http://www.w3.org/2001/XMLSchema-instance" xsi:nil="true" />
              <REVACH-HEFSED-BENIKOI-HOZAHOT>128.78</REVACH-HEFSED-BENIKOI-HOZAHOT>
              <SIMAN-REVACH-HEFSED>2</SIMAN-REVACH-HEFSED>
              <ACHUZ-TSUA-BRUTO-CHS-2 xmlns:xsi="http://www.w3.org/2001/XMLSchema-instance" xsi:nil="true" />
            </Tsua>
            <PirteiTaktziv>
              <PirteiOved>
                <SUG-TOCHNIT-O-CHESHBON>2</SUG-TOCHNIT-O-CHESHBON>
                <MPR-MAASIK-BE-YATZRAN>58074600</MPR-MAASIK-BE-YATZRAN>
                <STATUS-MAASIK xmlns:xsi="http://www.w3.org/2001/XMLSchema-instance" xsi:nil="true" />
                <SUG-BAAL-HAPOLISA-SHE-EINO-HAMEVUTACH xmlns:xsi="http://www.w3.org/2001/XMLSchema-instance" xsi:nil="true" />
                <MISPAR-BAAL-POLISA-SHEEINO-MEVUTAH xmlns:xsi="http://www.w3.org/2001/XMLSchema-instance" xsi:nil="true" />
                <SHEM-BAAL-POLISA-SHEEINO-MEVUTAH xmlns:xsi="http://www.w3.org/2001/XMLSchema-instance" xsi:nil="true" />
              </PirteiOved>
              <PirteiHaasaka>
                <KOD-CHISHUV-SACHAR-POLISA-O-HESHBON>4</KOD-CHISHUV-SACHAR-POLISA-O-HESHBON>
                <SACHAR-POLISA>0.00</SACHAR-POLISA>
                <KOD-OFEN-HATZMADA>1</KOD-OFEN-HATZMADA>
                <TAARICH-MASKORET>20170719</TAARICH-MASKORET>
                <ZAKAUT-LELO-TNAI>3</ZAKAUT-LELO-TNAI>
                <SEIF-14>2</SEIF-14>
                <TAARICH-TCHILAT-TASHLUM>20170713</TAARICH-TCHILAT-TASHLUM>
              </PirteiHaasaka>
              <PerutHafrashotLePolisa>
                <SUG-HAMAFKID>1</SUG-HAMAFKID>
                <SUG-HAFRASHA>2</SUG-HAFRASHA>
                <ACHUZ-HAFRASHA>100.00</ACHUZ-HAFRASHA>
                <SCHUM-HAFRASHA xmlns:xsi="http://www.w3.org/2001/XMLSchema-instance" xsi:nil="true" />
                <TAARICH-MADAD>20200531</TAARICH-MADAD>
              </PerutHafrashotLePolisa>
              <PerutMasluleiHashkaa>
                <KOD-SUG-MASLUL>2</KOD-SUG-MASLUL>
                <KOD-SUG-HAFRASHA>2</KOD-SUG-HAFRASHA>
                <ACHUZ-HAFKADA-LEHASHKAA>100.00</ACHUZ-HAFKADA-LEHASHKAA>
                <SCHUM-TZVIRA-BAMASLUL>2955.63</SCHUM-TZVIRA-BAMASLUL>
                <SHEM-MASLUL-HASHKAA>מסלול 50 עד 60</SHEM-MASLUL-HASHKAA>
                <SHEUR-DMEI-NIHUL-HAFKADA>0.00</SHEUR-DMEI-NIHUL-HAFKADA>
                <SHEUR-DMEI-NIHUL-HISACHON>0.03</SHEUR-DMEI-NIHUL-HISACHON>
                <SHEUR-DMEI-NIHUL-HAFKADA-MIVNE xmlns:xsi="http://www.w3.org/2001/XMLSchema-instance" xsi:nil="true" />
                <SHEUR-DMEI-NIHUL-HISACHON-MIVNE xmlns:xsi="http://www.w3.org/2001/XMLSchema-instance" xsi:nil="true" />
                <DMEI-NIHUL-ACHERIM>0</DMEI-NIHUL-ACHERIM>
                <TSUA-NETO>-4.18</TSUA-NETO>
                <KOD-MASLUL-HASHKAA>570014928000000000003760009892</KOD-MASLUL-HASHKAA>
              </PerutMasluleiHashkaa>
              <NetuneiGvia>
                <SHEM-MESHALEM>רפי נאמן</SHEM-MESHALEM>
                <SUG-TEUDA-MESHALEM>1</SUG-TEUDA-MESHALEM>
                <MISPAR-ZIHUY-MESHALEM>58074600</MISPAR-ZIHUY-MESHALEM>
                <KOD-EMTZAEI-TASHLUM>5</KOD-EMTZAEI-TASHLUM>
                <TADIRUT-TASHLUM>5</TADIRUT-TASHLUM>
                <CHODESH-YECHUS>1</CHODESH-YECHUS>
                <YOM-GVIYA-BECHODESH>1</YOM-GVIYA-BECHODESH>
                <OFEN-HATZMADAT-GVIA>6</OFEN-HATZMADAT-GVIA>
                <ACHUZ-TAT-SHNATIYOT xmlns:xsi="http://www.w3.org/2001/XMLSchema-instance" xsi:nil="true" />
              </NetuneiGvia>
              <HafkadotShnatiyot>
                <TOTAL-HAFKADOT-OVED-TAGMULIM-SHANA-NOCHECHIT xmlns:xsi="http://www.w3.org/2001/XMLSchema-instance" xsi:nil="true" />
                <TOTAL-HAFKADOT-MAAVID-TAGMULIM-SHANA-NOCHECHIT xmlns:xsi="http://www.w3.org/2001/XMLSchema-instance" xsi:nil="true" />
                <TOTAL-HAFKADOT-PITZUIM-SHANA-NOCHECHIT xmlns:xsi="http://www.w3.org/2001/XMLSchema-instance" xsi:nil="true" />
              </HafkadotShnatiyot>
              <MeshichaNiud>
                <KOD-SUG-PEULA xmlns:xsi="http://www.w3.org/2001/XMLSchema-instance" xsi:nil="true" />
                <RACHIV-NIMSHACH-NUYAD xmlns:xsi="http://www.w3.org/2001/XMLSchema-instance" xsi:nil="true" />
                <SCHOOM-MESHICHA-NIUD xmlns:xsi="http://www.w3.org/2001/XMLSchema-instance" xsi:nil="true" />
                <TAARICH-BIZOA xmlns:xsi="http://www.w3.org/2001/XMLSchema-instance" xsi:nil="true" />
                <TAARICH-ERECH xmlns:xsi="http://www.w3.org/2001/XMLSchema-instance" xsi:nil="true" />
                <KNAS-MESHICHA-NIUD xmlns:xsi="http://www.w3.org/2001/XMLSchema-instance" xsi:nil="true" />
              </MeshichaNiud>
              <ChovotPigurim>
                <ChovPigur>
                  <KAYAM-CHOV-O-PIGUR>2</KAYAM-CHOV-O-PIGUR>
                  <TAARICH-TECHILAT-PIGUR xmlns:xsi="http://www.w3.org/2001/XMLSchema-instance" xsi:nil="true" />
                  <TAARICH-TECHILAT-PIGUR-NOCHECHI xmlns:xsi="http://www.w3.org/2001/XMLSchema-instance" xsi:nil="true" />
                  <MISPAR-CHODSHEI-PIGUR xmlns:xsi="http://www.w3.org/2001/XMLSchema-instance" xsi:nil="true" />
                  <SUG-HOV xmlns:xsi="http://www.w3.org/2001/XMLSchema-instance" xsi:nil="true" />
                  <TOTAL-CHOVOT-O-PIGURIM xmlns:xsi="http://www.w3.org/2001/XMLSchema-instance" xsi:nil="true" />
                  <KSAFIM-LO-MESHUYACHIM-MAASIK xmlns:xsi="http://www.w3.org/2001/XMLSchema-instance" xsi:nil="true" />
                </ChovPigur>
              </ChovotPigurim>
              <PerutHotzaot>
                <HotzaotBafoalLehodeshDivoach>
                  <SHEUR-DMEI-NIHUL-HAFKADA>0.00</SHEUR-DMEI-NIHUL-HAFKADA>
                  <TOTAL-DMEI-NIHUL-HAFKADA>0.00</TOTAL-DMEI-NIHUL-HAFKADA>
                  <SHEUR-DMEI-NIHUL-TZVIRA>0.0320</SHEUR-DMEI-NIHUL-TZVIRA>
                  <TOTAL-DMEI-NIHUL-TZVIRA>0.95</TOTAL-DMEI-NIHUL-TZVIRA>
                  <SACH-DMEI-NIHUL-ACHERIM>0.00</SACH-DMEI-NIHUL-ACHERIM>
                  <HOTZOT-NIHUL-ASHKAOT>0.00</HOTZOT-NIHUL-ASHKAOT>
                  <TOTAL-DMEI-NIHUL-POLISA-O-HESHBON>0.95</TOTAL-DMEI-NIHUL-POLISA-O-HESHBON>
                  <DEMI-AAVARAT-MASLOL xmlns:xsi="http://www.w3.org/2001/XMLSchema-instance" xsi:nil="true" />
                  <DMEI-NIUL-MENAEL-TIKIM xmlns:xsi="http://www.w3.org/2001/XMLSchema-instance" xsi:nil="true" />
                  <OFEN-GEVIAT-DMEI-BITUACH xmlns:xsi="http://www.w3.org/2001/XMLSchema-instance" xsi:nil="true" />
                  <SACH-DMEI-BITUAH-SHENIGBOO>0.00</SACH-DMEI-BITUAH-SHENIGBOO>
                </HotzaotBafoalLehodeshDivoach>
                <MivneDmeiNihul>
                  <PerutMivneDmeiNihul>
                    <GOVA-DMEI-NIHUL-NIKBA-AL-PI-HOTZAOT-BAPOAL>1</GOVA-DMEI-NIHUL-NIKBA-AL-PI-HOTZAOT-BAPOAL>
                    <SUG-HOTZAA>1</SUG-HOTZAA>
                    <KOD-MASLUL-DMEI-NIHUL xmlns:xsi="http://www.w3.org/2001/XMLSchema-instance" xsi:nil="true" />
                    <MEAFYENEI-MASLUL-DMEI-NIHUL xmlns:xsi="http://www.w3.org/2001/XMLSchema-instance" xsi:nil="true" />
                    <SHEUR-DMEI-NIHUL>0.0308</SHEUR-DMEI-NIHUL>
                    <TAARICH-IDKUN-SHEUR-DNHL>20200501</TAARICH-IDKUN-SHEUR-DNHL>
                    <DMEI-NIHUL-ACHIDIM>1</DMEI-NIHUL-ACHIDIM>
                    <KOD-MASLUL-HASHKAA-BAAL-DMEI-NIHUL-YECHUDIIM xmlns:xsi="http://www.w3.org/2001/XMLSchema-instance" xsi:nil="true" />
                    <OFEN-HAFRASHA>0</OFEN-HAFRASHA>
                    <SCHUM-MAX-DNHL-HAFKADA xmlns:xsi="http://www.w3.org/2001/XMLSchema-instance" xsi:nil="true" />
                    <SACH-DMEI-NIHUL-MASLUL xmlns:xsi="http://www.w3.org/2001/XMLSchema-instance" xsi:nil="true" />
                    <DMEI-NIHUL-ACHERIM xmlns:xsi="http://www.w3.org/2001/XMLSchema-instance" xsi:nil="true" />
                    <KENAS-MESHICHAT-KESAFIM xmlns:xsi="http://www.w3.org/2001/XMLSchema-instance" xsi:nil="true" />
                    <KAYEMET-HATAVA>2</KAYEMET-HATAVA>
                    <SUG-HATAVA xmlns:xsi="http://www.w3.org/2001/XMLSchema-instance" xsi:nil="true" />
                    <ACHOZ-HATAVA xmlns:xsi="http://www.w3.org/2001/XMLSchema-instance" xsi:nil="true" />
                    <TAARICH-SIUM-HATAVA xmlns:xsi="http://www.w3.org/2001/XMLSchema-instance" xsi:nil="true" />
                  </PerutMivneDmeiNihul>
                </MivneDmeiNihul>
              </PerutHotzaot>
              <PerutYitrotLesofShanaKodemet>
                <YITRAT-SOF-SHANA>3084.41</YITRAT-SOF-SHANA>
                <ERECH-PIDYON-SOF-SHANA xmlns:xsi="http://www.w3.org/2001/XMLSchema-instance" xsi:nil="true" />
                <ERECH-MESOLAK-SOF-SHANA xmlns:xsi="http://www.w3.org/2001/XMLSchema-instance" xsi:nil="true" />
                <YISKON-YITRAT-KESAFIM xmlns:xsi="http://www.w3.org/2001/XMLSchema-instance" xsi:nil="true" />
              </PerutYitrotLesofShanaKodemet>
              <BlockItrot>
                <Yitrot>
                  <TAARICH-ERECH-TZVIROT>20200531</TAARICH-ERECH-TZVIROT>
                  <PerutYitrot>
                    <KOD-SUG-ITRA>3</KOD-SUG-ITRA>
                    <KOD-SUG-HAFRASHA>2</KOD-SUG-HAFRASHA>
                    <TOTAL-CHISACHON-MTZBR>2955.63</TOTAL-CHISACHON-MTZBR>
                    <TOTAL-ERKEI-PIDION>2955.63</TOTAL-ERKEI-PIDION>
                  </PerutYitrot>
                  <PerutYitraLeTkufa>
                    <KOD-TECHULAT-SHICHVA>7</KOD-TECHULAT-SHICHVA>
                    <REKIV-ITRA-LETKUFA>2</REKIV-ITRA-LETKUFA>
                    <SUG-ITRA-LETKUFA>3</SUG-ITRA-LETKUFA>
                    <SACH-ITRA-LESHICHVA-BESHACH>2955.63</SACH-ITRA-LESHICHVA-BESHACH>
                  </PerutYitraLeTkufa>
                  <NesilutTag>
                    <MOED-NEZILUT-TAGMULIM>20231018</MOED-NEZILUT-TAGMULIM>
                    <YITRAT-KASPEY-TAGMULIM>0.00</YITRAT-KASPEY-TAGMULIM>
                  </NesilutTag>
                  <YitrotShonot>
                    <TZVIRAT-PITZUIM-PTURIM-MAAVIDIM-KODMIM xmlns:xsi="http://www.w3.org/2001/XMLSchema-instance" xsi:nil="true" />
                    <ERECH-PIDION-PITZUIM-LEKITZBA-MAAVIDIM-KODMIM xmlns:xsi="http://www.w3.org/2001/XMLSchema-instance" xsi:nil="true" />
                    <TZVIRAT-PITZUIM-MAAVIDIM-KODMIM-BERETZEF-KITZBA xmlns:xsi="http://www.w3.org/2001/XMLSchema-instance" xsi:nil="true" />
                    <TZVIRAT-PITZUIM-MAAVIDIM-KODMIM-BERETZEF-ZECHUYOT>0.00</TZVIRAT-PITZUIM-MAAVIDIM-KODMIM-BERETZEF-ZECHUYOT>
                    <TZVIRAT-PITZUIM-31-12-1999-LEKITZBA>0.00</TZVIRAT-PITZUIM-31-12-1999-LEKITZBA>
                    <ERECH-PIDION-PITZUIM-MAASIK-NOCHECHI>0.00</ERECH-PIDION-PITZUIM-MAASIK-NOCHECHI>
                    <ERECH-PIDION-MARKIV-PITZUIM-LEMAS-NOCHECHI>0.00</ERECH-PIDION-MARKIV-PITZUIM-LEMAS-NOCHECHI>
                    <ERECH-PIDION-PITZUIM-MAAVIDIM-KODMIM-RETZEF-ZEHUYUT>0.00</ERECH-PIDION-PITZUIM-MAAVIDIM-KODMIM-RETZEF-ZEHUYUT>
                    <ERECH-PIDION-PITZUIM-LEHON-MAAVIDIM-KODMIM xmlns:xsi="http://www.w3.org/2001/XMLSchema-instance" xsi:nil="true" />
                    <KAYAM-RETZEF-PITZUIM-KITZBA>3</KAYAM-RETZEF-PITZUIM-KITZBA>
                    <KAYAM-RETZEF-ZECHUYOT-PITZUIM>3</KAYAM-RETZEF-ZECHUYOT-PITZUIM>
                  </YitrotShonot>
                </Yitrot>
              </BlockItrot>
            </PirteiTaktziv>
            <PerutMeyupeKoach>
              <KAYAM-MEYUPE-KOACH>2</KAYAM-MEYUPE-KOACH>
              <SUG-ZIHUY xmlns:xsi="http://www.w3.org/2001/XMLSchema-instance" xsi:nil="true" />
              <MISPAR-ZIHUY xmlns:xsi="http://www.w3.org/2001/XMLSchema-instance" xsi:nil="true" />
              <TAARICH-MINUY-SOCHEN xmlns:xsi="http://www.w3.org/2001/XMLSchema-instance" xsi:nil="true" />
              <SHEM-MEYUPE-KOACH xmlns:xsi="http://www.w3.org/2001/XMLSchema-instance" xsi:nil="true" />
            </PerutMeyupeKoach>
            <Kisuim>
              <ZihuiKisui>
                <MISPAR-KISUI-BE-YATZRAN>570014928000000000003760000000</MISPAR-KISUI-BE-YATZRAN>
                <SHEM-KISUI-YATZRAN>חסכון</SHEM-KISUI-YATZRAN>
                <SUG-KISUI-ETZEL-YATZRAN xmlns:xsi="http://www.w3.org/2001/XMLSchema-instance" xsi:nil="true" />
                <MISPAR-POLISA-O-HESHBON-NEGDI xmlns:xsi="http://www.w3.org/2001/XMLSchema-instance" xsi:nil="true" />
                <PirteiMevutach>
                  <SUG-TEUDA>1</SUG-TEUDA>
                  <MISPAR-ZIHUY-LAKOACH>58074600</MISPAR-ZIHUY-LAKOACH>
                </PirteiMevutach>
                <SchumeiBituahYesodi>
                  <KOD-MUTZAR-LEFI-KIDUD-ACHID-LAYESODI xmlns:xsi="http://www.w3.org/2001/XMLSchema-instance" xsi:nil="true" />
                  <SUG-HATZMADA-SCHUM-BITUAH xmlns:xsi="http://www.w3.org/2001/XMLSchema-instance" xsi:nil="true" />
                  <SUG-HATZMADA-DMEI-BITUAH xmlns:xsi="http://www.w3.org/2001/XMLSchema-instance" xsi:nil="true" />
                  <SUG-MASLUL-LEBITUAH xmlns:xsi="http://www.w3.org/2001/XMLSchema-instance" xsi:nil="true" />
                  <IND-SCHUM-BITUAH-KOLEL-CHISACHON xmlns:xsi="http://www.w3.org/2001/XMLSchema-instance" xsi:nil="true" />
                  <SCHUM-BITUACH-LEMASLUL xmlns:xsi="http://www.w3.org/2001/XMLSchema-instance" xsi:nil="true" />
                  <MISPAR-MASKOROT xmlns:xsi="http://www.w3.org/2001/XMLSchema-instance" xsi:nil="true" />
                  <ACHUZ-HAKTZAA-LE-CHISACHON xmlns:xsi="http://www.w3.org/2001/XMLSchema-instance" xsi:nil="true" />
                  <TIKRAT-GAG-HATAM-LEMIKRE-MAVET xmlns:xsi="http://www.w3.org/2001/XMLSchema-instance" xsi:nil="true" />
                  <TIKRAT-GAG-HATAM-LE-O-K-A xmlns:xsi="http://www.w3.org/2001/XMLSchema-instance" xsi:nil="true" />
                  <SCHUM-BITUAH-LEMAVET xmlns:xsi="http://www.w3.org/2001/XMLSchema-instance" xsi:nil="true" />
                </SchumeiBituahYesodi>
                <PirteiTosafot>
                  <TOSEFET-TAARIF>2</TOSEFET-TAARIF>
                  <KOD-SUG-TOSEFET xmlns:xsi="http://www.w3.org/2001/XMLSchema-instance" xsi:nil="true" />
                  <SHEUR-TOSEFET xmlns:xsi="http://www.w3.org/2001/XMLSchema-instance" xsi:nil="true" />
                  <PROMIL-TOSEFET xmlns:xsi="http://www.w3.org/2001/XMLSchema-instance" xsi:nil="true" />
                  <TAARICH-TOM-TOSEFET xmlns:xsi="http://www.w3.org/2001/XMLSchema-instance" xsi:nil="true" />
                </PirteiTosafot>
                <Mutav>
                  <SUG-ZIHUY-MUTAV>7</SUG-ZIHUY-MUTAV>
                  <KOD-ZIHUY-MUTAV xmlns:xsi="http://www.w3.org/2001/XMLSchema-instance" xsi:nil="true" />
                  <MISPAR-ZIHUY-MUTAV xmlns:xsi="http://www.w3.org/2001/XMLSchema-instance" xsi:nil="true" />
                  <SHEM-PRATI-MUTAV xmlns:xsi="http://www.w3.org/2001/XMLSchema-instance" xsi:nil="true" />
                  <SHEM-MISHPACHA-MUTAV xmlns:xsi="http://www.w3.org/2001/XMLSchema-instance" xsi:nil="true" />
                  <SUG-ZIKA xmlns:xsi="http://www.w3.org/2001/XMLSchema-instance" xsi:nil="true" />
                  <ACHUZ-MUTAV xmlns:xsi="http://www.w3.org/2001/XMLSchema-instance" xsi:nil="true" />
                  <HAGDARAT-MUTAV xmlns:xsi="http://www.w3.org/2001/XMLSchema-instance" xsi:nil="true" />
                  <MAHUT-MUTAV xmlns:xsi="http://www.w3.org/2001/XMLSchema-instance" xsi:nil="true" />
                </Mutav>
                <KisuiBKerenPensia>
                  <ALUT-KISUI-NECHUT xmlns:xsi="http://www.w3.org/2001/XMLSchema-instance" xsi:nil="true" />
                  <ALUT-KISUI-PNS-SHRM-NECHE xmlns:xsi="http://www.w3.org/2001/XMLSchema-instance" xsi:nil="true" />
                  <SHEUR-KISUY-NECHUT xmlns:xsi="http://www.w3.org/2001/XMLSchema-instance" xsi:nil="true" />
                  <SACHAR-KOVEA-LE-NECHUT-VE-SHEERIM xmlns:xsi="http://www.w3.org/2001/XMLSchema-instance" xsi:nil="true" />
                  <TAARICH-MASKORET-NECHUT-VE-SHEERIM xmlns:xsi="http://www.w3.org/2001/XMLSchema-instance" xsi:nil="true" />
                  <SUG-VITOR-SHAERIM xmlns:xsi="http://www.w3.org/2001/XMLSchema-instance" xsi:nil="true" />
                  <SACH-PENSIAT-NECHUT xmlns:xsi="http://www.w3.org/2001/XMLSchema-instance" xsi:nil="true" />
                  <NECHUT-MITPATAHAT xmlns:xsi="http://www.w3.org/2001/XMLSchema-instance" xsi:nil="true" />
                  <VITUR-KISUY-BITUCHI xmlns:xsi="http://www.w3.org/2001/XMLSchema-instance" xsi:nil="true" />
                  <ALUT-KISUY-SHEERIM xmlns:xsi="http://www.w3.org/2001/XMLSchema-instance" xsi:nil="true" />
                  <SHIUR-KISUY-YATOM xmlns:xsi="http://www.w3.org/2001/XMLSchema-instance" xsi:nil="true" />
                  <KITZBAT-SHEERIM-LEALMAN-O-ALMANA xmlns:xsi="http://www.w3.org/2001/XMLSchema-instance" xsi:nil="true" />
                  <KITZBAT-SHEERIM-LEYATOM xmlns:xsi="http://www.w3.org/2001/XMLSchema-instance" xsi:nil="true" />
                  <KITZBAT-SHEERIM-LEHORE-NITMACH xmlns:xsi="http://www.w3.org/2001/XMLSchema-instance" xsi:nil="true" />
                  <TAARICH-VITOR-SHEERIM xmlns:xsi="http://www.w3.org/2001/XMLSchema-instance" xsi:nil="true" />
                  <TAARICH-CIUM-VITOR-SEERIM xmlns:xsi="http://www.w3.org/2001/XMLSchema-instance" xsi:nil="true" />
                  <SHIUR-KISUY-ALMAN-O-ALMANA xmlns:xsi="http://www.w3.org/2001/XMLSchema-instance" xsi:nil="true" />
                  <SHIUR-KISUY-HORE-NITMACH xmlns:xsi="http://www.w3.org/2001/XMLSchema-instance" xsi:nil="true" />
                  <GIL-PRISHA-LEPENSIYAT-ZIKNA xmlns:xsi="http://www.w3.org/2001/XMLSchema-instance" xsi:nil="true" />
                  <SACH-PENSIYAT-ALMAN-O-ALMANA xmlns:xsi="http://www.w3.org/2001/XMLSchema-instance" xsi:nil="true" />
                  <MISPAR-HODSHEI-HAVERUT-BEKEREN-HAPENSIYA xmlns:xsi="http://www.w3.org/2001/XMLSchema-instance" xsi:nil="true" />
                  <MISPAR-HODSHEI-HAVERUT-MITZ-BEKEREN-HAPENSIYA xmlns:xsi="http://www.w3.org/2001/XMLSchema-instance" xsi:nil="true" />
                  <MENAT-PENSIA-TZVURA xmlns:xsi="http://www.w3.org/2001/XMLSchema-instance" xsi:nil="true" />
                  <AHUZ-PENSIYA-TZVURA xmlns:xsi="http://www.w3.org/2001/XMLSchema-instance" xsi:nil="true" />
                  <TAARICH-TCHILAT-HAVERUT xmlns:xsi="http://www.w3.org/2001/XMLSchema-instance" xsi:nil="true" />
                  <TAARICH-ERECH-LANENTUNIM xmlns:xsi="http://www.w3.org/2001/XMLSchema-instance" xsi:nil="true" />
                  <HATAVA-BITUCHIT xmlns:xsi="http://www.w3.org/2001/XMLSchema-instance" xsi:nil="true" />
                </KisuiBKerenPensia>
                <Miktsoa-Isuk-Tachviv>
                  <TACHVIVIM-O-ISUKIM xmlns:xsi="http://www.w3.org/2001/XMLSchema-instance" xsi:nil="true" />
                  <KOD-MIKTZOA xmlns:xsi="http://www.w3.org/2001/XMLSchema-instance" xsi:nil="true" />
                  <TCHUM-ISUK-CHADASH xmlns:xsi="http://www.w3.org/2001/XMLSchema-instance" xsi:nil="true" />
                </Miktsoa-Isuk-Tachviv>
              </ZihuiKisui>
            </Kisuim>
          </HeshbonOPolisa>
        </HeshbonotOPolisot>
      </Mutzar>
    </Mutzarim>
  </YeshutYatzran>
  <ReshumatSgira>
    <KAMUT-YATZRANIM>000000001</KAMUT-YATZRANIM>
    <KAMUT-METAFELIM>000000001</KAMUT-METAFELIM>
    <KAMUT-MUTZARIM>000000001</KAMUT-MUTZARIM>
    <KAMUT-YESHUYOT-MAASIK>000000001</KAMUT-YESHUYOT-MAASIK>
    <KAMUT-YESHUYOT-MEFITZ>000000001</KAMUT-YESHUYOT-MEFITZ>
    <MISPAR-YESHUYUT-LAKOACH-BAKOVETZ>000000001</MISPAR-YESHUYUT-LAKOACH-BAKOVETZ>
    <KAMUT-POLISOT>000000001</KAMUT-POLISOT>
  </ReshumatSgira>
</Mimshak>