<Mimshak>
  <KoteretKovetz>
    <SUG-MIMSHAK>2</SUG-MIMSHAK>
    <MISPAR-GIRSAT-XML>007</MISPAR-GIRSAT-XML>
    <TAARICH-BITZUA>20200622142920</TAARICH-BITZUA>
    <KOD-SVIVAT-AVODA>2</KOD-SVIVAT-AVODA>
    <KIVUN-MIMSHAK-XML>4</KIVUN-MIMSHAK-XML>
    <KOD-SHOLEACH>512244146</KOD-SHOLEACH>
    <SHEM-SHOLEACH>כלל פנסיה וגמל בע"מ</SHEM-SHOLEACH>
    <KOD-MEZAHE-METAFEL>511481996</KOD-MEZAHE-METAFEL>
    <SHEM-METAFEL>לאומי שירותי שוק ההון בע"מ</SHEM-METAFEL>
    <MEZAHE-HAAVARA>004000512244146CONSLTKGM007202006221449144007.DAT</MEZAHE-HAAVARA>
    <MISPAR-HAKOVETZ>20200622144914512244146</MISPAR-HAKOVETZ>
  </KoteretKovetz>
  <YeshutYatzran>
    <KOD-MEZAHE-YATZRAN>512244146</KOD-MEZAHE-YATZRAN>
    <SHEM-YATZRAN>כלל פנסיה וגמל בע"מ</SHEM-YATZRAN>
    <MEZAHE-LAKOACH-MISLAKA xmlns:p2="http://www.w3.org/2001/XMLSchema-instance" p2:nil="true" />
    <IshKesherYeshutYatzran>
      <SHEM-PRATI>יובל</SHEM-PRATI>
      <SHEM-MISHPACHA>שטיינמנץ וולטר</SHEM-MISHPACHA>
      <ERETZ>ישראל</ERETZ>
      <SHEM-YISHUV>תל אביב-יפו</SHEM-YISHUV>
      <SEMEL-YESHUV>5000</SEMEL-YESHUV>
      <SHEM-RECHOV>ראול ולנברג</SHEM-RECHOV>
      <MISPAR-BAIT>36</MISPAR-BAIT>
      <MISPAR-KNISA xmlns:p3="http://www.w3.org/2001/XMLSchema-instance" p3:nil="true" />
      <MISPAR-DIRA>0</MISPAR-DIRA>
      <MIKUD>6721409</MIKUD>
      <TA-DOAR>0</TA-DOAR>
      <MISPAR-TELEPHONE-KAVI>077-6384331</MISPAR-TELEPHONE-KAVI>
      <MISPAR-SHLUCHA xmlns:p3="http://www.w3.org/2001/XMLSchema-instance" p3:nil="true" />
      <MISPAR-CELLULARI xmlns:p3="http://www.w3.org/2001/XMLSchema-instance" p3:nil="true" />
      <MISPAR-FAX xmlns:p3="http://www.w3.org/2001/XMLSchema-instance" p3:nil="true" />
      <E-MAIL>yuvals@clal-ins.co.il</E-MAIL>
      <HEAROT xmlns:p3="http://www.w3.org/2001/XMLSchema-instance" p3:nil="true" />
    </IshKesherYeshutYatzran>
    <YeshutMetafel>
      <KOD-MEZAHE-METAFEL>511481996</KOD-MEZAHE-METAFEL>
      <SHEM-METAFEL>לאומי שירותי שוק ההון בע"מ</SHEM-METAFEL>
      <IshKesherYeshutMetafel>
        <SHEM-PRATI>לאומי</SHEM-PRATI>
        <SHEM-MISHPACHA>שרותי שוק ההון בע"מ</SHEM-MISHPACHA>
        <ERETZ>ישראל</ERETZ>
        <SHEM-YISHUV>בני ברק</SHEM-YISHUV>
        <SEMEL-YESHUV>5000</SEMEL-YESHUV>
        <SHEM-RECHOV>ששת הימים</SHEM-RECHOV>
        <MISPAR-BAIT>30</MISPAR-BAIT>
        <MISPAR-KNISA xmlns:p3="http://www.w3.org/2001/XMLSchema-instance" p3:nil="true" />
        <MISPAR-DIRA xmlns:p3="http://www.w3.org/2001/XMLSchema-instance" p3:nil="true" />
        <MIKUD>6721409</MIKUD>
        <TA-DOAR xmlns:p3="http://www.w3.org/2001/XMLSchema-instance" p3:nil="true" />
        <MISPAR-TELEPHONE-KAVI>03-7640666</MISPAR-TELEPHONE-KAVI>
        <MISPAR-SHLUCHA xmlns:p3="http://www.w3.org/2001/XMLSchema-instance" p3:nil="true" />
        <MISPAR-CELLULARI xmlns:p3="http://www.w3.org/2001/XMLSchema-instance" p3:nil="true" />
        <MISPAR-FAX xmlns:p3="http://www.w3.org/2001/XMLSchema-instance" p3:nil="true" />
        <E-MAIL xmlns:p3="http://www.w3.org/2001/XMLSchema-instance" p3:nil="true" />
        <HEAROT xmlns:p3="http://www.w3.org/2001/XMLSchema-instance" p3:nil="true" />
      </IshKesherYeshutMetafel>
    </YeshutMetafel>
    <Mutzarim>
      <Mutzar>
        <YeshutNimaansofi>
          <KOD-NIMAAN xmlns:p3="http://www.w3.org/2001/XMLSchema-instance" p3:nil="true" />
          <SUG-MEZAHE-NIMAAN xmlns:p3="http://www.w3.org/2001/XMLSchema-instance" p3:nil="true" />
          <MISPAR-ZIHUI-NIMAAN xmlns:p3="http://www.w3.org/2001/XMLSchema-instance" p3:nil="true" />
          <MISPAR-ZIHUI-ETZEL-YATZRAN-NIMAAN xmlns:p3="http://www.w3.org/2001/XMLSchema-instance" p3:nil="true" />
        </YeshutNimaansofi>
        <NetuneiMutzar>
          <KOD-MEZAHE-YATZRAN>512244146</KOD-MEZAHE-YATZRAN>
          <KOD-MEZAHE-METAFEL>511481996</KOD-MEZAHE-METAFEL>
          <SUG-MUTZAR>3</SUG-MUTZAR>
          <SHEM-KOVETZ-MEKORI xmlns:p3="http://www.w3.org/2001/XMLSchema-instance" p3:nil="true" />
          <MISPAR-SHURA-MEKORI xmlns:p3="http://www.w3.org/2001/XMLSchema-instance" p3:nil="true" />
          <RESERVA-MISLAKA xmlns:p3="http://www.w3.org/2001/XMLSchema-instance" p3:nil="true" />
          <MISPAR-MISLAKA>12652F2A-8951-4457-A522-B6410E87FA0D</MISPAR-MISLAKA>
          <STATUS-RESHOMA>1</STATUS-RESHOMA>
          <MISPAR-SHORA>1</MISPAR-SHORA>
          <TOTAL-ZEHUT-PER-MONTH xmlns:p3="http://www.w3.org/2001/XMLSchema-instance" p3:nil="true" />
          <TOTAL-MUTZARIM-PER-MONTH xmlns:p3="http://www.w3.org/2001/XMLSchema-instance" p3:nil="true" />
          <YeshutMaasik>
            <MPR-MAASIK-BE-YATZRAN>58074600</MPR-MAASIK-BE-YATZRAN>
            <SUG-MEZAHE-MAASIK>3</SUG-MEZAHE-MAASIK>
            <MISPAR-MEZAHE-MAASIK>58074600</MISPAR-MEZAHE-MAASIK>
            <MISPAR-TIK-NIKUIIM xmlns:p4="http://www.w3.org/2001/XMLSchema-instance" p4:nil="true" />
            <SHEM-MAASIK>נאמן רפאל</SHEM-MAASIK>
            <ERETZ>ישראל</ERETZ>
            <SHEM-YISHUV xmlns:p4="http://www.w3.org/2001/XMLSchema-instance" p4:nil="true" />
            <SEMEL-YESHUV xmlns:p4="http://www.w3.org/2001/XMLSchema-instance" p4:nil="true" />
            <SHEM-RECHOV xmlns:p4="http://www.w3.org/2001/XMLSchema-instance" p4:nil="true" />
            <MISPAR-BAIT xmlns:p4="http://www.w3.org/2001/XMLSchema-instance" p4:nil="true" />
            <MISPAR-KNISA xmlns:p4="http://www.w3.org/2001/XMLSchema-instance" p4:nil="true" />
            <MISPAR-DIRA xmlns:p4="http://www.w3.org/2001/XMLSchema-instance" p4:nil="true" />
            <MIKUD>2012500</MIKUD>
            <TA-DOAR xmlns:p4="http://www.w3.org/2001/XMLSchema-instance" p4:nil="true" />
            <MISPAR-TELEPHONE-KAVI xmlns:p4="http://www.w3.org/2001/XMLSchema-instance" p4:nil="true" />
            <MISPAR-SHLUCHA xmlns:p4="http://www.w3.org/2001/XMLSchema-instance" p4:nil="true" />
            <MISPAR-CELLULARI xmlns:p4="http://www.w3.org/2001/XMLSchema-instance" p4:nil="true" />
            <MISPAR-FAX xmlns:p4="http://www.w3.org/2001/XMLSchema-instance" p4:nil="true" />
            <E-MAIL xmlns:p4="http://www.w3.org/2001/XMLSchema-instance" p4:nil="true" />
            <HEAROT xmlns:p4="http://www.w3.org/2001/XMLSchema-instance" p4:nil="true" />
          </YeshutMaasik>
          <YeshutLakoach>
            <SUG-MEZAHE-LAKOACH>1</SUG-MEZAHE-LAKOACH>
            <MISPAR-ZIHUY-LAKOACH>058074600</MISPAR-ZIHUY-LAKOACH>
            <SHEM-PRATI>רפאל</SHEM-PRATI>
            <SHEM-MISHPACHA-KODEM xmlns:p4="http://www.w3.org/2001/XMLSchema-instance" p4:nil="true" />
            <SHEM-MISHPACHA>נאמן</SHEM-MISHPACHA>
            <MIN>1</MIN>
            <TAARICH-LEYDA>19631018</TAARICH-LEYDA>
            <PTIRA>2</PTIRA>
            <TAARICH-PTIRA xmlns:p4="http://www.w3.org/2001/XMLSchema-instance" p4:nil="true" />
            <MATZAV-MISHPACHTI>5</MATZAV-MISHPACHTI>
            <ERETZ>ISRAEL</ERETZ>
            <SHEM-YISHUV>מודיעין עילית</SHEM-YISHUV>
            <SEMEL-YESHUV>0</SEMEL-YESHUV>
            <SHEM-RECHOV>אור החיים</SHEM-RECHOV>
            <MISPAR-BAIT>21</MISPAR-BAIT>
            <MISPAR-KNISA xmlns:p4="http://www.w3.org/2001/XMLSchema-instance" p4:nil="true" />
            <MISPAR-DIRA>0</MISPAR-DIRA>
            <MIKUD>7181921</MIKUD>
            <TA-DOAR>0</TA-DOAR>
            <MISPAR-TELEPHONE-KAVI>054-2311819</MISPAR-TELEPHONE-KAVI>
            <MISPAR-SHLUCHA xmlns:p4="http://www.w3.org/2001/XMLSchema-instance" p4:nil="true" />
            <MISPAR-CELLULARI>054-2311819</MISPAR-CELLULARI>
            <MISPAR-FAX xmlns:p4="http://www.w3.org/2001/XMLSchema-instance" p4:nil="true" />
            <E-MAIL>rafi.neeman@gmail.com</E-MAIL>
            <HEAROT xmlns:p4="http://www.w3.org/2001/XMLSchema-instance" p4:nil="true" />
            <MISPAR-YELADIM>0</MISPAR-YELADIM>
          </YeshutLakoach>
        </NetuneiMutzar>
        <HeshbonotOPolisot>
          <HeshbonOPolisa>
            <ASMACHTA-MEKORIT xmlns:p4="http://www.w3.org/2001/XMLSchema-instance" p4:nil="true" />
            <MISPAR-POLISA-O-HESHBON>7902500</MISPAR-POLISA-O-HESHBON>
            <SHEM-TOCHNIT>כלל תמר</SHEM-TOCHNIT>
            <KIDOD-ACHID>512244146000000000002530000000</KIDOD-ACHID>
            <MPR-MEFITZ-BE-YATZRAN>0</MPR-MEFITZ-BE-YATZRAN>
            <TAARICH-NECHONUT>20200531</TAARICH-NECHONUT>
            <TAARICH-HITZTARFUT-MUTZAR>19981018</TAARICH-HITZTARFUT-MUTZAR>
            <TAARICH-HITZTARFUT-RISHON>19981018</TAARICH-HITZTARFUT-RISHON>
            <SUG-KEREN-PENSIA xmlns:p4="http://www.w3.org/2001/XMLSchema-instance" p4:nil="true" />
            <PENSIA-VATIKA-O-HADASHA xmlns:p4="http://www.w3.org/2001/XMLSchema-instance" p4:nil="true" />
            <TAARICH-IDKUN-STATUS>20191201</TAARICH-IDKUN-STATUS>
            <STATUS-POLISA-O-CHESHBON>2</STATUS-POLISA-O-CHESHBON>
            <TAARICH-TCHILA-RISK-ZMANI xmlns:p4="http://www.w3.org/2001/XMLSchema-instance" p4:nil="true" />
            <TOM-TOKEF-RISK-ZMANI xmlns:p4="http://www.w3.org/2001/XMLSchema-instance" p4:nil="true" />
            <SUG-POLISA xmlns:p4="http://www.w3.org/2001/XMLSchema-instance" p4:nil="true" />
            <SUG-TOCHNIT-O-CHESHBON>2</SUG-TOCHNIT-O-CHESHBON>
            <MADAD-BASIS xmlns:p4="http://www.w3.org/2001/XMLSchema-instance" p4:nil="true" />
            <AZMADA-LEALVAHA xmlns:p4="http://www.w3.org/2001/XMLSchema-instance" p4:nil="true" />
            <TAARICH-ACHRON-MOTAV-MUVET xmlns:p4="http://www.w3.org/2001/XMLSchema-instance" p4:nil="true" />
            <KOLEL-ZAKAUT-AGACH xmlns:p4="http://www.w3.org/2001/XMLSchema-instance" p4:nil="true" />
            <SHIOR-AGACH-MEUADOT xmlns:p4="http://www.w3.org/2001/XMLSchema-instance" p4:nil="true" />
            <AVTACHT-TESOA xmlns:p4="http://www.w3.org/2001/XMLSchema-instance" p4:nil="true" />
            <TAARICH-CIUM-AVTACHT-TESOA xmlns:p4="http://www.w3.org/2001/XMLSchema-instance" p4:nil="true" />
            <MISPAR-GIMLAOT xmlns:p4="http://www.w3.org/2001/XMLSchema-instance" p4:nil="true" />
            <TIKUN-190>2</TIKUN-190>
            <KAYAM-KISUY-HIZONI>2</KAYAM-KISUY-HIZONI>
            <KISUY-ISHY-KVOZATI xmlns:p4="http://www.w3.org/2001/XMLSchema-instance" p4:nil="true" />
            <KtovetLemishloach>
              <ERETZ>ISRAEL</ERETZ>
              <SHEM-YISHUV>מודיעין עילית</SHEM-YISHUV>
              <SEMEL-YESHUV>0</SEMEL-YESHUV>
              <SHEM-RECHOV>אור החיים</SHEM-RECHOV>
              <MISPAR-BAIT>21</MISPAR-BAIT>
              <MISPAR-KNISA>0</MISPAR-KNISA>
              <MISPAR-DIRA xmlns:p5="http://www.w3.org/2001/XMLSchema-instance" p5:nil="true" />
              <MIKUD>7181921</MIKUD>
              <TA-DOAR xmlns:p5="http://www.w3.org/2001/XMLSchema-instance" p5:nil="true" />
            </KtovetLemishloach>
            <NetuneiAmitOmevutach>
              <KOD-ZIHUY-LAKOACH>1</KOD-ZIHUY-LAKOACH>
              <MISPAR-ZIHUY>058074600</MISPAR-ZIHUY>
            </NetuneiAmitOmevutach>
            <NetuneiSheerim>
              <Sheer>
                <SUG-ZIKA xmlns:p6="http://www.w3.org/2001/XMLSchema-instance" p6:nil="true" />
                <KOD-ZIHUI-SHEERIM xmlns:p6="http://www.w3.org/2001/XMLSchema-instance" p6:nil="true" />
                <MISPAR-ZIHUY-SHEERIM xmlns:p6="http://www.w3.org/2001/XMLSchema-instance" p6:nil="true" />
                <SHEM-PRATI-SHEERIM xmlns:p6="http://www.w3.org/2001/XMLSchema-instance" p6:nil="true" />
                <SHEM-MISHPACHA-SHEERIM xmlns:p6="http://www.w3.org/2001/XMLSchema-instance" p6:nil="true" />
                <SHEM-MISHPAHA-KODEM xmlns:p6="http://www.w3.org/2001/XMLSchema-instance" p6:nil="true" />
                <TAARICH-LEIDA xmlns:p6="http://www.w3.org/2001/XMLSchema-instance" p6:nil="true" />
              </Sheer>
            </NetuneiSheerim>
            <MaslulBituach>
              <MASLUL-BITUACH-BAKEREN-PENSIA xmlns:p5="http://www.w3.org/2001/XMLSchema-instance" p5:nil="true" />
              <SHEM-MASLUL-HABITUAH xmlns:p5="http://www.w3.org/2001/XMLSchema-instance" p5:nil="true" />
            </MaslulBituach>
            <PerutShiabudIkul>
              <HUTAL-SHIABUD>2</HUTAL-SHIABUD>
              <HUTAL-IKUL>2</HUTAL-IKUL>
            </PerutShiabudIkul>
            <Halvaa>
              <YESH-HALVAA-BAMUTZAR>2</YESH-HALVAA-BAMUTZAR>
              <RAMAT-HALVAA xmlns:p5="http://www.w3.org/2001/XMLSchema-instance" p5:nil="true" />
              <MISDAR-SIDURI-SHEL-HAHALVAA xmlns:p5="http://www.w3.org/2001/XMLSchema-instance" p5:nil="true" />
              <SCHUM-HALVAA xmlns:p5="http://www.w3.org/2001/XMLSchema-instance" p5:nil="true" />
              <TAARICH-KABALAT-HALVAA xmlns:p5="http://www.w3.org/2001/XMLSchema-instance" p5:nil="true" />
              <TAARICH-SIYUM-HALVAA xmlns:p5="http://www.w3.org/2001/XMLSchema-instance" p5:nil="true" />
              <YITRAT-HALVAA xmlns:p5="http://www.w3.org/2001/XMLSchema-instance" p5:nil="true" />
              <TKUFAT-HALVAA xmlns:p5="http://www.w3.org/2001/XMLSchema-instance" p5:nil="true" />
              <RIBIT xmlns:p5="http://www.w3.org/2001/XMLSchema-instance" p5:nil="true" />
              <SUG-RIBIT xmlns:p5="http://www.w3.org/2001/XMLSchema-instance" p5:nil="true" />
              <SUG-HATZNMADA xmlns:p5="http://www.w3.org/2001/XMLSchema-instance" p5:nil="true" />
              <TADIRUT-HECHZER-HALVAA xmlns:p5="http://www.w3.org/2001/XMLSchema-instance" p5:nil="true" />
              <SUG-HECHZER xmlns:p5="http://www.w3.org/2001/XMLSchema-instance" p5:nil="true" />
              <SCHUM-HECHZER-TKUFATI xmlns:p5="http://www.w3.org/2001/XMLSchema-instance" p5:nil="true" />
            </Halvaa>
            <PirteyTvia>
              <YESH-TVIA>2</YESH-TVIA>
              <MISPAR-TVIA-BE-YATZRAN xmlns:p5="http://www.w3.org/2001/XMLSchema-instance" p5:nil="true" />
              <MISPAR-KISUI-BE-YATZRAN xmlns:p5="http://www.w3.org/2001/XMLSchema-instance" p5:nil="true" />
              <SHEM-KISUI-BE-YATZRAN xmlns:p5="http://www.w3.org/2001/XMLSchema-instance" p5:nil="true" />
              <SUG-HATVIAA xmlns:p5="http://www.w3.org/2001/XMLSchema-instance" p5:nil="true" />
              <OFEN-TASHLUM xmlns:p5="http://www.w3.org/2001/XMLSchema-instance" p5:nil="true" />
              <KOD-STATUS-TVIAA xmlns:p5="http://www.w3.org/2001/XMLSchema-instance" p5:nil="true" />
              <TAARICH-STATUS-TVIA xmlns:p5="http://www.w3.org/2001/XMLSchema-instance" p5:nil="true" />
              <TAARICH-TECHILAT-TASHLUM xmlns:p5="http://www.w3.org/2001/XMLSchema-instance" p5:nil="true" />
              <ACHUZ-MEUSHAR-O-K-A-SHICHRUR xmlns:p5="http://www.w3.org/2001/XMLSchema-instance" p5:nil="true" />
              <SCHUM-TVIA-MEUSHAR>0</SCHUM-TVIA-MEUSHAR>
              <ACHUZ-NECHUT>0</ACHUZ-NECHUT>
            </PirteyTvia>
            <PerutMitryot>
              <KAYAM-KISUY-BITUCHI-COLECTIVI-LEAMITIM>2</KAYAM-KISUY-BITUCHI-COLECTIVI-LEAMITIM>
              <SHEM-MEVATACHAT xmlns:p5="http://www.w3.org/2001/XMLSchema-instance" p5:nil="true" />
              <TAARICH-TCHILAT-HABITUACH xmlns:p5="http://www.w3.org/2001/XMLSchema-instance" p5:nil="true" />
              <TAARICH-TOM-TKUFAT-HABITUAH xmlns:p5="http://www.w3.org/2001/XMLSchema-instance" p5:nil="true" />
              <KOD-SUG-MUTZAR-BITUACH xmlns:p5="http://www.w3.org/2001/XMLSchema-instance" p5:nil="true" />
              <SCHUM-BITUACH xmlns:p5="http://www.w3.org/2001/XMLSchema-instance" p5:nil="true" />
              <ALUT-KISUI xmlns:p5="http://www.w3.org/2001/XMLSchema-instance" p5:nil="true" />
              <MESHALEM-DMEI-HABITUAH xmlns:p5="http://www.w3.org/2001/XMLSchema-instance" p5:nil="true" />
              <TADIRUT-HATSHLUM xmlns:p5="http://www.w3.org/2001/XMLSchema-instance" p5:nil="true" />
              <HAIM-NECHTAM-TOFES-HITZTARFUT xmlns:p5="http://www.w3.org/2001/XMLSchema-instance" p5:nil="true" />
            </PerutMitryot>
            <YitraLefiGilPrisha>
              <GIL-PRISHA>67.00</GIL-PRISHA>
              <TOTAL-CHISACHON-MITZTABER-TZAFUY>0.00</TOTAL-CHISACHON-MITZTABER-TZAFUY>
              <TZVIRAT-CHISACHON-CHAZUYA-LELO-PREMIYOT>0.00</TZVIRAT-CHISACHON-CHAZUYA-LELO-PREMIYOT>
              <MEKADEM-MOVTACH-LEPRISHA xmlns:p5="http://www.w3.org/2001/XMLSchema-instance" p5:nil="true" />
              <MEKADEM-HAVTACHST-TOCHELET xmlns:p5="http://www.w3.org/2001/XMLSchema-instance" p5:nil="true" />
              <MEKADEM-HAVTACHST-TOCHELETPRISHA xmlns:p5="http://www.w3.org/2001/XMLSchema-instance" p5:nil="true" />
              <SHEM-MASLOL xmlns:p5="http://www.w3.org/2001/XMLSchema-instance" p5:nil="true" />
              <MEKADEM-HAVTACHAT-TSUA xmlns:p5="http://www.w3.org/2001/XMLSchema-instance" p5:nil="true" />
              <MEKADEM-HAVTACHAT-TSUATKUFA xmlns:p5="http://www.w3.org/2001/XMLSchema-instance" p5:nil="true" />
              <TKUFAT-HAGBALA-BESHANIM xmlns:p5="http://www.w3.org/2001/XMLSchema-instance" p5:nil="true" />
              <TOCHELET-MASHPIA-KITZBA xmlns:p5="http://www.w3.org/2001/XMLSchema-instance" p5:nil="true" />
              <TSUA-MASHPIA-KITZBA xmlns:p5="http://www.w3.org/2001/XMLSchema-instance" p5:nil="true" />
              <SHEUR-PNS-ZIKNA-TZFUYA xmlns:p5="http://www.w3.org/2001/XMLSchema-instance" p5:nil="true" />
              <Kupot>
                <Kupa>
                  <SUG-KUPA>2</SUG-KUPA>
                  <SCHUM-KITZVAT-ZIKNA xmlns:p7="http://www.w3.org/2001/XMLSchema-instance" p7:nil="true" />
                  <KITZVAT-HODSHIT-TZFUYA xmlns:p7="http://www.w3.org/2001/XMLSchema-instance" p7:nil="true" />
                  <ACHUZ-TSUA-BATACHAZIT>0.00</ACHUZ-TSUA-BATACHAZIT>
                  <TOTAL-ITRA-TZFUYA-MECHUSHAV-LEHON-IM-PREMIOT>0.00</TOTAL-ITRA-TZFUYA-MECHUSHAV-LEHON-IM-PREMIOT>
                  <TZVIRAT-CHISACHON-TZFUYA-LEHON-LELO-PREMIYOT xmlns:p7="http://www.w3.org/2001/XMLSchema-instance" p7:nil="true" />
                  <TOTAL-SCHUM-MTZBR-TZAFUY-LEGIL-PRISHA-MECHUSHAV-LEKITZBA-IM-PREMIYOT xmlns:p7="http://www.w3.org/2001/XMLSchema-instance" p7:nil="true" />
                  <TOTAL-SCHUM-MITZVTABER-TZFUY-LEGIL-PRISHA-MECHUSHAV-HAMEYOAD-LEKITZBA-LELO-PREMIYOT xmlns:p7="http://www.w3.org/2001/XMLSchema-instance" p7:nil="true" />
                </Kupa>
              </Kupot>
            </YitraLefiGilPrisha>
            <Tsua>
              <SHEUR-TSUA-NETO>-4.19</SHEUR-TSUA-NETO>
              <SHEUR-TSUA-BRUTO-CHS-1 xmlns:p5="http://www.w3.org/2001/XMLSchema-instance" p5:nil="true" />
              <SHEUR-TSUA-MOVTACHAT-MEYOADOT xmlns:p5="http://www.w3.org/2001/XMLSchema-instance" p5:nil="true" />
              <REVACH-HEFSED-BENIKOI-HOZAHOT xmlns:p5="http://www.w3.org/2001/XMLSchema-instance" p5:nil="true" />
              <SIMAN-REVACH-HEFSED xmlns:p5="http://www.w3.org/2001/XMLSchema-instance" p5:nil="true" />
              <ACHUZ-TSUA-BRUTO-CHS-2 xmlns:p5="http://www.w3.org/2001/XMLSchema-instance" p5:nil="true" />
            </Tsua>
            <PirteiTaktziv>
              <PirteiOved>
                <SUG-TOCHNIT-O-CHESHBON>2</SUG-TOCHNIT-O-CHESHBON>
                <MPR-MAASIK-BE-YATZRAN>58074600</MPR-MAASIK-BE-YATZRAN>
                <STATUS-MAASIK>1</STATUS-MAASIK>
                <SUG-BAAL-HAPOLISA-SHE-EINO-HAMEVUTACH xmlns:p6="http://www.w3.org/2001/XMLSchema-instance" p6:nil="true" />
                <MISPAR-BAAL-POLISA-SHEEINO-MEVUTAH xmlns:p6="http://www.w3.org/2001/XMLSchema-instance" p6:nil="true" />
                <SHEM-BAAL-POLISA-SHEEINO-MEVUTAH xmlns:p6="http://www.w3.org/2001/XMLSchema-instance" p6:nil="true" />
              </PirteiOved>
              <PirteiHaasaka>
                <KOD-CHISHUV-SACHAR-POLISA-O-HESHBON>4</KOD-CHISHUV-SACHAR-POLISA-O-HESHBON>
                <SACHAR-POLISA>0.00</SACHAR-POLISA>
                <KOD-OFEN-HATZMADA>1</KOD-OFEN-HATZMADA>
                <TAARICH-MASKORET xmlns:p6="http://www.w3.org/2001/XMLSchema-instance" p6:nil="true" />
                <ZAKAUT-LELO-TNAI>3</ZAKAUT-LELO-TNAI>
                <SEIF-14>3</SEIF-14>
                <TAARICH-TCHILAT-TASHLUM>19981018</TAARICH-TCHILAT-TASHLUM>
              </PirteiHaasaka>
              <PerutHafrashotLePolisa>
                <SUG-HAMAFKID>1</SUG-HAMAFKID>
                <SUG-HAFRASHA>2</SUG-HAFRASHA>
                <ACHUZ-HAFRASHA>0.00</ACHUZ-HAFRASHA>
                <SCHUM-HAFRASHA xmlns:p6="http://www.w3.org/2001/XMLSchema-instance" p6:nil="true" />
                <TAARICH-MADAD>19981018</TAARICH-MADAD>
              </PerutHafrashotLePolisa>
              <PerutMasluleiHashkaa>
                <KOD-SUG-MASLUL>1</KOD-SUG-MASLUL>
                <KOD-SUG-HAFRASHA>2</KOD-SUG-HAFRASHA>
                <ACHUZ-HAFKADA-LEHASHKAA>0.00</ACHUZ-HAFKADA-LEHASHKAA>
                <SCHUM-TZVIRA-BAMASLUL>320.39</SCHUM-TZVIRA-BAMASLUL>
                <SHEM-MASLUL-HASHKAA>974 כלל תמר אג"ח עד 25%  מניות</SHEM-MASLUL-HASHKAA>
                <SHEUR-DMEI-NIHUL-HAFKADA>0.00</SHEUR-DMEI-NIHUL-HAFKADA>
                <SHEUR-DMEI-NIHUL-HISACHON>0.60</SHEUR-DMEI-NIHUL-HISACHON>
                <SHEUR-DMEI-NIHUL-HAFKADA-MIVNE>0.00</SHEUR-DMEI-NIHUL-HAFKADA-MIVNE>
                <SHEUR-DMEI-NIHUL-HISACHON-MIVNE>0.60</SHEUR-DMEI-NIHUL-HISACHON-MIVNE>
                <DMEI-NIHUL-ACHERIM>0.00</DMEI-NIHUL-ACHERIM>
                <TSUA-NETO>-0.04</TSUA-NETO>
                <KOD-MASLUL-HASHKAA>512244146000000000002530000253</KOD-MASLUL-HASHKAA>
              </PerutMasluleiHashkaa>
              <NetuneiGvia>
                <SHEM-MESHALEM>נאמן רפאל</SHEM-MESHALEM>
                <SUG-TEUDA-MESHALEM>2</SUG-TEUDA-MESHALEM>
                <MISPAR-ZIHUY-MESHALEM>0</MISPAR-ZIHUY-MESHALEM>
                <KOD-EMTZAEI-TASHLUM>6</KOD-EMTZAEI-TASHLUM>
                <TADIRUT-TASHLUM>4</TADIRUT-TASHLUM>
                <CHODESH-YECHUS>4</CHODESH-YECHUS>
                <YOM-GVIYA-BECHODESH>10</YOM-GVIYA-BECHODESH>
                <OFEN-HATZMADAT-GVIA>1</OFEN-HATZMADAT-GVIA>
                <ACHUZ-TAT-SHNATIYOT xmlns:p6="http://www.w3.org/2001/XMLSchema-instance" p6:nil="true" />
              </NetuneiGvia>
              <HafkadotShnatiyot>
                <TOTAL-HAFKADOT-OVED-TAGMULIM-SHANA-NOCHECHIT xmlns:p6="http://www.w3.org/2001/XMLSchema-instance" p6:nil="true" />
                <TOTAL-HAFKADOT-MAAVID-TAGMULIM-SHANA-NOCHECHIT xmlns:p6="http://www.w3.org/2001/XMLSchema-instance" p6:nil="true" />
                <TOTAL-HAFKADOT-PITZUIM-SHANA-NOCHECHIT xmlns:p6="http://www.w3.org/2001/XMLSchema-instance" p6:nil="true" />
              </HafkadotShnatiyot>
              <ChovotPigurim>
                <ChovPigur>
                  <KAYAM-CHOV-O-PIGUR>2</KAYAM-CHOV-O-PIGUR>
                  <TAARICH-TECHILAT-PIGUR xmlns:p7="http://www.w3.org/2001/XMLSchema-instance" p7:nil="true" />
                  <TAARICH-TECHILAT-PIGUR-NOCHECHI xmlns:p7="http://www.w3.org/2001/XMLSchema-instance" p7:nil="true" />
                  <MISPAR-CHODSHEI-PIGUR xmlns:p7="http://www.w3.org/2001/XMLSchema-instance" p7:nil="true" />
                  <SUG-HOV xmlns:p7="http://www.w3.org/2001/XMLSchema-instance" p7:nil="true" />
                  <TOTAL-CHOVOT-O-PIGURIM xmlns:p7="http://www.w3.org/2001/XMLSchema-instance" p7:nil="true" />
                  <KSAFIM-LO-MESHUYACHIM-MAASIK xmlns:p7="http://www.w3.org/2001/XMLSchema-instance" p7:nil="true" />
                </ChovPigur>
              </ChovotPigurim>
              <PerutHotzaot>
                <HotzaotBafoalLehodeshDivoach>
                  <SHEUR-DMEI-NIHUL-HAFKADA>0.00</SHEUR-DMEI-NIHUL-HAFKADA>
                  <TOTAL-DMEI-NIHUL-HAFKADA>0.00</TOTAL-DMEI-NIHUL-HAFKADA>
                  <SHEUR-DMEI-NIHUL-TZVIRA>0.0500</SHEUR-DMEI-NIHUL-TZVIRA>
                  <TOTAL-DMEI-NIHUL-TZVIRA>0.16</TOTAL-DMEI-NIHUL-TZVIRA>
                  <SACH-DMEI-NIHUL-ACHERIM>0.00</SACH-DMEI-NIHUL-ACHERIM>
                  <HOTZOT-NIHUL-ASHKAOT xmlns:p7="http://www.w3.org/2001/XMLSchema-instance" p7:nil="true" />
                  <TOTAL-DMEI-NIHUL-POLISA-O-HESHBON>0.80</TOTAL-DMEI-NIHUL-POLISA-O-HESHBON>
                  <DEMI-AAVARAT-MASLOL xmlns:p7="http://www.w3.org/2001/XMLSchema-instance" p7:nil="true" />
                  <DMEI-NIUL-MENAEL-TIKIM xmlns:p7="http://www.w3.org/2001/XMLSchema-instance" p7:nil="true" />
                  <OFEN-GEVIAT-DMEI-BITUACH xmlns:p7="http://www.w3.org/2001/XMLSchema-instance" p7:nil="true" />
                  <SACH-DMEI-BITUAH-SHENIGBOO xmlns:p7="http://www.w3.org/2001/XMLSchema-instance" p7:nil="true" />
                </HotzaotBafoalLehodeshDivoach>
                <MivneDmeiNihul>
                  <PerutMivneDmeiNihul>
                    <GOVA-DMEI-NIHUL-NIKBA-AL-PI-HOTZAOT-BAPOAL>2</GOVA-DMEI-NIHUL-NIKBA-AL-PI-HOTZAOT-BAPOAL>
                    <SUG-HOTZAA>1</SUG-HOTZAA>
                    <KOD-MASLUL-DMEI-NIHUL xmlns:p8="http://www.w3.org/2001/XMLSchema-instance" p8:nil="true" />
                    <MEAFYENEI-MASLUL-DMEI-NIHUL xmlns:p8="http://www.w3.org/2001/XMLSchema-instance" p8:nil="true" />
                    <SHEUR-DMEI-NIHUL>0.60</SHEUR-DMEI-NIHUL>
                    <TAARICH-IDKUN-SHEUR-DNHL>20191202</TAARICH-IDKUN-SHEUR-DNHL>
                    <DMEI-NIHUL-ACHIDIM>1</DMEI-NIHUL-ACHIDIM>
                    <KOD-MASLUL-HASHKAA-BAAL-DMEI-NIHUL-YECHUDIIM>512244146000000000002530000253</KOD-MASLUL-HASHKAA-BAAL-DMEI-NIHUL-YECHUDIIM>
                    <OFEN-HAFRASHA>2</OFEN-HAFRASHA>
                    <SCHUM-MAX-DNHL-HAFKADA>0.00</SCHUM-MAX-DNHL-HAFKADA>
                    <SACH-DMEI-NIHUL-MASLUL xmlns:p8="http://www.w3.org/2001/XMLSchema-instance" p8:nil="true" />
                    <DMEI-NIHUL-ACHERIM>0.00</DMEI-NIHUL-ACHERIM>
                    <KENAS-MESHICHAT-KESAFIM xmlns:p8="http://www.w3.org/2001/XMLSchema-instance" p8:nil="true" />
                    <KAYEMET-HATAVA>1</KAYEMET-HATAVA>
                    <SUG-HATAVA>2</SUG-HATAVA>
                    <ACHOZ-HATAVA>42.86</ACHOZ-HATAVA>
                    <TAARICH-SIUM-HATAVA>20241130</TAARICH-SIUM-HATAVA>
                  </PerutMivneDmeiNihul>
                  <PerutMivneDmeiNihul>
                    <GOVA-DMEI-NIHUL-NIKBA-AL-PI-HOTZAOT-BAPOAL>2</GOVA-DMEI-NIHUL-NIKBA-AL-PI-HOTZAOT-BAPOAL>
                    <SUG-HOTZAA>2</SUG-HOTZAA>
                    <KOD-MASLUL-DMEI-NIHUL xmlns:p8="http://www.w3.org/2001/XMLSchema-instance" p8:nil="true" />
                    <MEAFYENEI-MASLUL-DMEI-NIHUL xmlns:p8="http://www.w3.org/2001/XMLSchema-instance" p8:nil="true" />
                    <SHEUR-DMEI-NIHUL>0.00</SHEUR-DMEI-NIHUL>
                    <TAARICH-IDKUN-SHEUR-DNHL>20170109</TAARICH-IDKUN-SHEUR-DNHL>
                    <DMEI-NIHUL-ACHIDIM>1</DMEI-NIHUL-ACHIDIM>
                    <KOD-MASLUL-HASHKAA-BAAL-DMEI-NIHUL-YECHUDIIM>512244146000000000002530000253</KOD-MASLUL-HASHKAA-BAAL-DMEI-NIHUL-YECHUDIIM>
                    <OFEN-HAFRASHA>2</OFEN-HAFRASHA>
                    <SCHUM-MAX-DNHL-HAFKADA>0.00</SCHUM-MAX-DNHL-HAFKADA>
                    <SACH-DMEI-NIHUL-MASLUL xmlns:p8="http://www.w3.org/2001/XMLSchema-instance" p8:nil="true" />
                    <DMEI-NIHUL-ACHERIM>0.00</DMEI-NIHUL-ACHERIM>
                    <KENAS-MESHICHAT-KESAFIM xmlns:p8="http://www.w3.org/2001/XMLSchema-instance" p8:nil="true" />
                    <KAYEMET-HATAVA>1</KAYEMET-HATAVA>
                    <SUG-HATAVA>1</SUG-HATAVA>
                    <ACHOZ-HATAVA>100.00</ACHOZ-HATAVA>
                    <TAARICH-SIUM-HATAVA xmlns:p8="http://www.w3.org/2001/XMLSchema-instance" p8:nil="true" />
                  </PerutMivneDmeiNihul>
                </MivneDmeiNihul>
              </PerutHotzaot>
              <PerutYitrotLesofShanaKodemet>
                <YITRAT-SOF-SHANA>334.40</YITRAT-SOF-SHANA>
                <ERECH-PIDYON-SOF-SHANA xmlns:p6="http://www.w3.org/2001/XMLSchema-instance" p6:nil="true" />
                <ERECH-MESOLAK-SOF-SHANA xmlns:p6="http://www.w3.org/2001/XMLSchema-instance" p6:nil="true" />
                <YISKON-YITRAT-KESAFIM xmlns:p6="http://www.w3.org/2001/XMLSchema-instance" p6:nil="true" />
              </PerutYitrotLesofShanaKodemet>
              <BlockItrot>
                <Yitrot>
                  <TAARICH-ERECH-TZVIROT>20200531</TAARICH-ERECH-TZVIROT>
                  <PerutYitrot>
                    <KOD-SUG-ITRA>1</KOD-SUG-ITRA>
                    <KOD-SUG-HAFRASHA>2</KOD-SUG-HAFRASHA>
                    <TOTAL-CHISACHON-MTZBR>320.39</TOTAL-CHISACHON-MTZBR>
                    <TOTAL-ERKEI-PIDION>320.39</TOTAL-ERKEI-PIDION>
                  </PerutYitrot>
                  <PerutYitraLeTkufa>
                    <KOD-TECHULAT-SHICHVA>4</KOD-TECHULAT-SHICHVA>
                    <REKIV-ITRA-LETKUFA>2</REKIV-ITRA-LETKUFA>
                    <SUG-ITRA-LETKUFA>1</SUG-ITRA-LETKUFA>
                    <SACH-ITRA-LESHICHVA-BESHACH>320.39</SACH-ITRA-LESHICHVA-BESHACH>
                  </PerutYitraLeTkufa>
                  <NesilutTag>
                    <MOED-NEZILUT-TAGMULIM>20131018</MOED-NEZILUT-TAGMULIM>
                    <YITRAT-KASPEY-TAGMULIM>320.39</YITRAT-KASPEY-TAGMULIM>
                  </NesilutTag>
                  <YitrotShonot>
                    <TZVIRAT-PITZUIM-PTURIM-MAAVIDIM-KODMIM xmlns:p8="http://www.w3.org/2001/XMLSchema-instance" p8:nil="true" />
                    <ERECH-PIDION-PITZUIM-LEKITZBA-MAAVIDIM-KODMIM xmlns:p8="http://www.w3.org/2001/XMLSchema-instance" p8:nil="true" />
                    <TZVIRAT-PITZUIM-MAAVIDIM-KODMIM-BERETZEF-KITZBA xmlns:p8="http://www.w3.org/2001/XMLSchema-instance" p8:nil="true" />
                    <TZVIRAT-PITZUIM-MAAVIDIM-KODMIM-BERETZEF-ZECHUYOT xmlns:p8="http://www.w3.org/2001/XMLSchema-instance" p8:nil="true" />
                    <TZVIRAT-PITZUIM-31-12-1999-LEKITZBA xmlns:p8="http://www.w3.org/2001/XMLSchema-instance" p8:nil="true" />
                    <ERECH-PIDION-PITZUIM-MAASIK-NOCHECHI>0</ERECH-PIDION-PITZUIM-MAASIK-NOCHECHI>
                    <ERECH-PIDION-MARKIV-PITZUIM-LEMAS-NOCHECHI>0</ERECH-PIDION-MARKIV-PITZUIM-LEMAS-NOCHECHI>
                    <ERECH-PIDION-PITZUIM-MAAVIDIM-KODMIM-RETZEF-ZEHUYUT xmlns:p8="http://www.w3.org/2001/XMLSchema-instance" p8:nil="true" />
                    <ERECH-PIDION-PITZUIM-LEHON-MAAVIDIM-KODMIM xmlns:p8="http://www.w3.org/2001/XMLSchema-instance" p8:nil="true" />
                    <KAYAM-RETZEF-PITZUIM-KITZBA>2</KAYAM-RETZEF-PITZUIM-KITZBA>
                    <KAYAM-RETZEF-ZECHUYOT-PITZUIM>2</KAYAM-RETZEF-ZECHUYOT-PITZUIM>
                  </YitrotShonot>
                </Yitrot>
              </BlockItrot>
            </PirteiTaktziv>
            <PerutMeyupeKoach>
              <KAYAM-MEYUPE-KOACH>1</KAYAM-MEYUPE-KOACH>
              <SUG-ZIHUY>1</SUG-ZIHUY>
              <MISPAR-ZIHUY>54099759</MISPAR-ZIHUY>
              <TAARICH-MINUY-SOCHEN>20160725</TAARICH-MINUY-SOCHEN>
              <SHEM-MEYUPE-KOACH>נוי זאב</SHEM-MEYUPE-KOACH>
            </PerutMeyupeKoach>
            <Kisuim>
              <ZihuiKisui>
                <MISPAR-KISUI-BE-YATZRAN>512244146000000000002530000000</MISPAR-KISUI-BE-YATZRAN>
                <SHEM-KISUI-YATZRAN>כלל תמר</SHEM-KISUI-YATZRAN>
                <SUG-KISUI-ETZEL-YATZRAN xmlns:p6="http://www.w3.org/2001/XMLSchema-instance" p6:nil="true" />
                <MISPAR-POLISA-O-HESHBON-NEGDI>7902500</MISPAR-POLISA-O-HESHBON-NEGDI>
                <PirteiMevutach>
                  <SUG-TEUDA>1</SUG-TEUDA>
                  <MISPAR-ZIHUY-LAKOACH>058074600</MISPAR-ZIHUY-LAKOACH>
                </PirteiMevutach>
                <SchumeiBituahYesodi>
                  <KOD-MUTZAR-LEFI-KIDUD-ACHID-LAYESODI xmlns:p7="http://www.w3.org/2001/XMLSchema-instance" p7:nil="true" />
                  <SUG-HATZMADA-SCHUM-BITUAH xmlns:p7="http://www.w3.org/2001/XMLSchema-instance" p7:nil="true" />
                  <SUG-HATZMADA-DMEI-BITUAH xmlns:p7="http://www.w3.org/2001/XMLSchema-instance" p7:nil="true" />
                  <SUG-MASLUL-LEBITUAH xmlns:p7="http://www.w3.org/2001/XMLSchema-instance" p7:nil="true" />
                  <IND-SCHUM-BITUAH-KOLEL-CHISACHON xmlns:p7="http://www.w3.org/2001/XMLSchema-instance" p7:nil="true" />
                  <SCHUM-BITUACH-LEMASLUL xmlns:p7="http://www.w3.org/2001/XMLSchema-instance" p7:nil="true" />
                  <MISPAR-MASKOROT xmlns:p7="http://www.w3.org/2001/XMLSchema-instance" p7:nil="true" />
                  <ACHUZ-HAKTZAA-LE-CHISACHON xmlns:p7="http://www.w3.org/2001/XMLSchema-instance" p7:nil="true" />
                  <TIKRAT-GAG-HATAM-LEMIKRE-MAVET xmlns:p7="http://www.w3.org/2001/XMLSchema-instance" p7:nil="true" />
                  <TIKRAT-GAG-HATAM-LE-O-K-A xmlns:p7="http://www.w3.org/2001/XMLSchema-instance" p7:nil="true" />
                  <SCHUM-BITUAH-LEMAVET xmlns:p7="http://www.w3.org/2001/XMLSchema-instance" p7:nil="true" />
                </SchumeiBituahYesodi>
                <PirteiKisuiBeMutzar>
                  <KOD-MIUTZAR-LAKISUY>512244146000000000002530000253</KOD-MIUTZAR-LAKISUY>
                  <SUG-MEVUTACH>5</SUG-MEVUTACH>
                  <SUG-KISUY-BITOCHI>1</SUG-KISUY-BITOCHI>
                  <TAARICH-TCHILAT-KISUY>19000101</TAARICH-TCHILAT-KISUY>
                  <TAARICH-TOM-KISUY>19000101</TAARICH-TOM-KISUY>
                  <KOD-NISPACH-KISUY />
                  <SUG-ISUK>1</SUG-ISUK>
                  <KOLEL-PRENZISA>1</KOLEL-PRENZISA>
                  <TAARICH-HAFSAKAT-TASHLUM>19000101</TAARICH-HAFSAKAT-TASHLUM>
                  <ACHUZ-ME-SCM-BTH-YESODI xmlns:p7="http://www.w3.org/2001/XMLSchema-instance" p7:nil="true" />
                  <ACHUZ-MESACHAR xmlns:p7="http://www.w3.org/2001/XMLSchema-instance" p7:nil="true" />
                  <OFEN-TASHLUM-SCHUM-BITUACH>4</OFEN-TASHLUM-SCHUM-BITUACH>
                  <SCHUM-BITUACH>0.00</SCHUM-BITUACH>
                  <MESHALEM-HAKISUY>6</MESHALEM-HAKISUY>
                  <KOD-ISHUN>3</KOD-ISHUN>
                  <IND-CHITUM>1</IND-CHITUM>
                  <TAARICH-CHITUM xmlns:p7="http://www.w3.org/2001/XMLSchema-instance" p7:nil="true" />
                  <HACHRAGA>3</HACHRAGA>
                  <SUG-HACHRAGA>3</SUG-HACHRAGA>
                  <TKUFAT-ACHSHARA>1</TKUFAT-ACHSHARA>
                  <TKUFAT-HAMTANA-CHODASHIM>1</TKUFAT-HAMTANA-CHODASHIM>
                  <HANACHA>3</HANACHA>
                  <HATNAYA-LAHANACHA-DMEI-BITUAH>3</HATNAYA-LAHANACHA-DMEI-BITUAH>
                  <DMEI-BITUAH-LETASHLUM-BAPOAL>0.00</DMEI-BITUAH-LETASHLUM-BAPOAL>
                  <SUG-HANACHA-KISUY>5</SUG-HANACHA-KISUY>
                  <SHIUR-HANACHA-BEKISUI xmlns:p7="http://www.w3.org/2001/XMLSchema-instance" p7:nil="true" />
                  <ERECH-HANACHA-BEKISUI xmlns:p7="http://www.w3.org/2001/XMLSchema-instance" p7:nil="true" />
                  <TADIRUT-SHINUY-DMEI-HABITUAH-BESHANIM xmlns:p7="http://www.w3.org/2001/XMLSchema-instance" p7:nil="true" />
                  <TAARICH-IDKUN-HABA-SHEL-DMEI-HABITUAH xmlns:p7="http://www.w3.org/2001/XMLSchema-instance" p7:nil="true" />
                </PirteiKisuiBeMutzar>
                <PirteiTosafot>
                  <TOSEFET-TAARIF>2</TOSEFET-TAARIF>
                  <KOD-SUG-TOSEFET xmlns:p7="http://www.w3.org/2001/XMLSchema-instance" p7:nil="true" />
                  <SHEUR-TOSEFET xmlns:p7="http://www.w3.org/2001/XMLSchema-instance" p7:nil="true" />
                  <PROMIL-TOSEFET xmlns:p7="http://www.w3.org/2001/XMLSchema-instance" p7:nil="true" />
                  <TAARICH-TOM-TOSEFET xmlns:p7="http://www.w3.org/2001/XMLSchema-instance" p7:nil="true" />
                </PirteiTosafot>
                <Mutav>
                  <SUG-ZIHUY-MUTAV>7</SUG-ZIHUY-MUTAV>
                  <KOD-ZIHUY-MUTAV xmlns:p7="http://www.w3.org/2001/XMLSchema-instance" p7:nil="true" />
                  <MISPAR-ZIHUY-MUTAV xmlns:p7="http://www.w3.org/2001/XMLSchema-instance" p7:nil="true" />
                  <SHEM-PRATI-MUTAV xmlns:p7="http://www.w3.org/2001/XMLSchema-instance" p7:nil="true" />
                  <SHEM-MISHPACHA-MUTAV xmlns:p7="http://www.w3.org/2001/XMLSchema-instance" p7:nil="true" />
                  <SUG-ZIKA xmlns:p7="http://www.w3.org/2001/XMLSchema-instance" p7:nil="true" />
                  <ACHUZ-MUTAV xmlns:p7="http://www.w3.org/2001/XMLSchema-instance" p7:nil="true" />
                  <HAGDARAT-MUTAV xmlns:p7="http://www.w3.org/2001/XMLSchema-instance" p7:nil="true" />
                  <MAHUT-MUTAV xmlns:p7="http://www.w3.org/2001/XMLSchema-instance" p7:nil="true" />
                </Mutav>
                <KisuiBKerenPensia>
                  <ALUT-KISUI-NECHUT xmlns:p7="http://www.w3.org/2001/XMLSchema-instance" p7:nil="true" />
                  <ALUT-KISUI-PNS-SHRM-NECHE xmlns:p7="http://www.w3.org/2001/XMLSchema-instance" p7:nil="true" />
                  <SHEUR-KISUY-NECHUT xmlns:p7="http://www.w3.org/2001/XMLSchema-instance" p7:nil="true" />
                  <SACHAR-KOVEA-LE-NECHUT-VE-SHEERIM xmlns:p7="http://www.w3.org/2001/XMLSchema-instance" p7:nil="true" />
                  <TAARICH-MASKORET-NECHUT-VE-SHEERIM xmlns:p7="http://www.w3.org/2001/XMLSchema-instance" p7:nil="true" />
                  <SUG-VITOR-SHAERIM xmlns:p7="http://www.w3.org/2001/XMLSchema-instance" p7:nil="true" />
                  <SACH-PENSIAT-NECHUT xmlns:p7="http://www.w3.org/2001/XMLSchema-instance" p7:nil="true" />
                  <NECHUT-MITPATAHAT xmlns:p7="http://www.w3.org/2001/XMLSchema-instance" p7:nil="true" />
                  <VITUR-KISUY-BITUCHI xmlns:p7="http://www.w3.org/2001/XMLSchema-instance" p7:nil="true" />
                  <ALUT-KISUY-SHEERIM xmlns:p7="http://www.w3.org/2001/XMLSchema-instance" p7:nil="true" />
                  <SHIUR-KISUY-YATOM xmlns:p7="http://www.w3.org/2001/XMLSchema-instance" p7:nil="true" />
                  <KITZBAT-SHEERIM-LEALMAN-O-ALMANA xmlns:p7="http://www.w3.org/2001/XMLSchema-instance" p7:nil="true" />
                  <KITZBAT-SHEERIM-LEYATOM xmlns:p7="http://www.w3.org/2001/XMLSchema-instance" p7:nil="true" />
                  <KITZBAT-SHEERIM-LEHORE-NITMACH xmlns:p7="http://www.w3.org/2001/XMLSchema-instance" p7:nil="true" />
                  <TAARICH-VITOR-SHEERIM xmlns:p7="http://www.w3.org/2001/XMLSchema-instance" p7:nil="true" />
                  <TAARICH-CIUM-VITOR-SEERIM xmlns:p7="http://www.w3.org/2001/XMLSchema-instance" p7:nil="true" />
                  <SHIUR-KISUY-ALMAN-O-ALMANA xmlns:p7="http://www.w3.org/2001/XMLSchema-instance" p7:nil="true" />
                  <SHIUR-KISUY-HORE-NITMACH xmlns:p7="http://www.w3.org/2001/XMLSchema-instance" p7:nil="true" />
                  <GIL-PRISHA-LEPENSIYAT-ZIKNA xmlns:p7="http://www.w3.org/2001/XMLSchema-instance" p7:nil="true" />
                  <SACH-PENSIYAT-ALMAN-O-ALMANA xmlns:p7="http://www.w3.org/2001/XMLSchema-instance" p7:nil="true" />
                  <MISPAR-HODSHEI-HAVERUT-BEKEREN-HAPENSIYA xmlns:p7="http://www.w3.org/2001/XMLSchema-instance" p7:nil="true" />
                  <MISPAR-HODSHEI-HAVERUT-MITZ-BEKEREN-HAPENSIYA xmlns:p7="http://www.w3.org/2001/XMLSchema-instance" p7:nil="true" />
                  <MENAT-PENSIA-TZVURA xmlns:p7="http://www.w3.org/2001/XMLSchema-instance" p7:nil="true" />
                  <AHUZ-PENSIYA-TZVURA xmlns:p7="http://www.w3.org/2001/XMLSchema-instance" p7:nil="true" />
                  <TAARICH-TCHILAT-HAVERUT xmlns:p7="http://www.w3.org/2001/XMLSchema-instance" p7:nil="true" />
                  <TAARICH-ERECH-LANENTUNIM xmlns:p7="http://www.w3.org/2001/XMLSchema-instance" p7:nil="true" />
                  <HATAVA-BITUCHIT xmlns:p7="http://www.w3.org/2001/XMLSchema-instance" p7:nil="true" />
                </KisuiBKerenPensia>
                <Miktsoa-Isuk-Tachviv>
                  <TACHVIVIM-O-ISUKIM xmlns:p7="http://www.w3.org/2001/XMLSchema-instance" p7:nil="true" />
                  <KOD-MIKTZOA xmlns:p7="http://www.w3.org/2001/XMLSchema-instance" p7:nil="true" />
                  <TCHUM-ISUK-CHADASH xmlns:p7="http://www.w3.org/2001/XMLSchema-instance" p7:nil="true" />
                </Miktsoa-Isuk-Tachviv>
              </ZihuiKisui>
            </Kisuim>
          </HeshbonOPolisa>
          <HeshbonOPolisa>
            <ASMACHTA-MEKORIT xmlns:p4="http://www.w3.org/2001/XMLSchema-instance" p4:nil="true" />
            <MISPAR-POLISA-O-HESHBON>8028027</MISPAR-POLISA-O-HESHBON>
            <SHEM-TOCHNIT>כלל תמר</SHEM-TOCHNIT>
            <KIDOD-ACHID>512244146000000000002530000000</KIDOD-ACHID>
            <MPR-MEFITZ-BE-YATZRAN>0</MPR-MEFITZ-BE-YATZRAN>
            <TAARICH-NECHONUT>20200531</TAARICH-NECHONUT>
            <TAARICH-HITZTARFUT-MUTZAR>19981018</TAARICH-HITZTARFUT-MUTZAR>
            <TAARICH-HITZTARFUT-RISHON>19981018</TAARICH-HITZTARFUT-RISHON>
            <SUG-KEREN-PENSIA xmlns:p4="http://www.w3.org/2001/XMLSchema-instance" p4:nil="true" />
            <PENSIA-VATIKA-O-HADASHA xmlns:p4="http://www.w3.org/2001/XMLSchema-instance" p4:nil="true" />
            <TAARICH-IDKUN-STATUS>20191201</TAARICH-IDKUN-STATUS>
            <STATUS-POLISA-O-CHESHBON>2</STATUS-POLISA-O-CHESHBON>
            <TAARICH-TCHILA-RISK-ZMANI xmlns:p4="http://www.w3.org/2001/XMLSchema-instance" p4:nil="true" />
            <TOM-TOKEF-RISK-ZMANI xmlns:p4="http://www.w3.org/2001/XMLSchema-instance" p4:nil="true" />
            <SUG-POLISA xmlns:p4="http://www.w3.org/2001/XMLSchema-instance" p4:nil="true" />
            <SUG-TOCHNIT-O-CHESHBON>2</SUG-TOCHNIT-O-CHESHBON>
            <MADAD-BASIS xmlns:p4="http://www.w3.org/2001/XMLSchema-instance" p4:nil="true" />
            <AZMADA-LEALVAHA xmlns:p4="http://www.w3.org/2001/XMLSchema-instance" p4:nil="true" />
            <TAARICH-ACHRON-MOTAV-MUVET xmlns:p4="http://www.w3.org/2001/XMLSchema-instance" p4:nil="true" />
            <KOLEL-ZAKAUT-AGACH xmlns:p4="http://www.w3.org/2001/XMLSchema-instance" p4:nil="true" />
            <SHIOR-AGACH-MEUADOT xmlns:p4="http://www.w3.org/2001/XMLSchema-instance" p4:nil="true" />
            <AVTACHT-TESOA xmlns:p4="http://www.w3.org/2001/XMLSchema-instance" p4:nil="true" />
            <TAARICH-CIUM-AVTACHT-TESOA xmlns:p4="http://www.w3.org/2001/XMLSchema-instance" p4:nil="true" />
            <MISPAR-GIMLAOT xmlns:p4="http://www.w3.org/2001/XMLSchema-instance" p4:nil="true" />
            <TIKUN-190>2</TIKUN-190>
            <KAYAM-KISUY-HIZONI>2</KAYAM-KISUY-HIZONI>
            <KISUY-ISHY-KVOZATI xmlns:p4="http://www.w3.org/2001/XMLSchema-instance" p4:nil="true" />
            <KtovetLemishloach>
              <ERETZ>ISRAEL</ERETZ>
              <SHEM-YISHUV>מודיעין עילית</SHEM-YISHUV>
              <SEMEL-YESHUV>0</SEMEL-YESHUV>
              <SHEM-RECHOV>אור החיים</SHEM-RECHOV>
              <MISPAR-BAIT>21</MISPAR-BAIT>
              <MISPAR-KNISA>0</MISPAR-KNISA>
              <MISPAR-DIRA xmlns:p5="http://www.w3.org/2001/XMLSchema-instance" p5:nil="true" />
              <MIKUD>7181921</MIKUD>
              <TA-DOAR xmlns:p5="http://www.w3.org/2001/XMLSchema-instance" p5:nil="true" />
            </KtovetLemishloach>
            <NetuneiAmitOmevutach>
              <KOD-ZIHUY-LAKOACH>1</KOD-ZIHUY-LAKOACH>
              <MISPAR-ZIHUY>058074600</MISPAR-ZIHUY>
            </NetuneiAmitOmevutach>
            <NetuneiSheerim>
              <Sheer>
                <SUG-ZIKA xmlns:p6="http://www.w3.org/2001/XMLSchema-instance" p6:nil="true" />
                <KOD-ZIHUI-SHEERIM xmlns:p6="http://www.w3.org/2001/XMLSchema-instance" p6:nil="true" />
                <MISPAR-ZIHUY-SHEERIM xmlns:p6="http://www.w3.org/2001/XMLSchema-instance" p6:nil="true" />
                <SHEM-PRATI-SHEERIM xmlns:p6="http://www.w3.org/2001/XMLSchema-instance" p6:nil="true" />
                <SHEM-MISHPACHA-SHEERIM xmlns:p6="http://www.w3.org/2001/XMLSchema-instance" p6:nil="true" />
                <SHEM-MISHPAHA-KODEM xmlns:p6="http://www.w3.org/2001/XMLSchema-instance" p6:nil="true" />
                <TAARICH-LEIDA xmlns:p6="http://www.w3.org/2001/XMLSchema-instance" p6:nil="true" />
              </Sheer>
            </NetuneiSheerim>
            <MaslulBituach>
              <MASLUL-BITUACH-BAKEREN-PENSIA xmlns:p5="http://www.w3.org/2001/XMLSchema-instance" p5:nil="true" />
              <SHEM-MASLUL-HABITUAH xmlns:p5="http://www.w3.org/2001/XMLSchema-instance" p5:nil="true" />
            </MaslulBituach>
            <PerutShiabudIkul>
              <HUTAL-SHIABUD>2</HUTAL-SHIABUD>
              <HUTAL-IKUL>2</HUTAL-IKUL>
            </PerutShiabudIkul>
            <Halvaa>
              <YESH-HALVAA-BAMUTZAR>2</YESH-HALVAA-BAMUTZAR>
              <RAMAT-HALVAA xmlns:p5="http://www.w3.org/2001/XMLSchema-instance" p5:nil="true" />
              <MISDAR-SIDURI-SHEL-HAHALVAA xmlns:p5="http://www.w3.org/2001/XMLSchema-instance" p5:nil="true" />
              <SCHUM-HALVAA xmlns:p5="http://www.w3.org/2001/XMLSchema-instance" p5:nil="true" />
              <TAARICH-KABALAT-HALVAA xmlns:p5="http://www.w3.org/2001/XMLSchema-instance" p5:nil="true" />
              <TAARICH-SIYUM-HALVAA xmlns:p5="http://www.w3.org/2001/XMLSchema-instance" p5:nil="true" />
              <YITRAT-HALVAA xmlns:p5="http://www.w3.org/2001/XMLSchema-instance" p5:nil="true" />
              <TKUFAT-HALVAA xmlns:p5="http://www.w3.org/2001/XMLSchema-instance" p5:nil="true" />
              <RIBIT xmlns:p5="http://www.w3.org/2001/XMLSchema-instance" p5:nil="true" />
              <SUG-RIBIT xmlns:p5="http://www.w3.org/2001/XMLSchema-instance" p5:nil="true" />
              <SUG-HATZNMADA xmlns:p5="http://www.w3.org/2001/XMLSchema-instance" p5:nil="true" />
              <TADIRUT-HECHZER-HALVAA xmlns:p5="http://www.w3.org/2001/XMLSchema-instance" p5:nil="true" />
              <SUG-HECHZER xmlns:p5="http://www.w3.org/2001/XMLSchema-instance" p5:nil="true" />
              <SCHUM-HECHZER-TKUFATI xmlns:p5="http://www.w3.org/2001/XMLSchema-instance" p5:nil="true" />
            </Halvaa>
            <PirteyTvia>
              <YESH-TVIA>2</YESH-TVIA>
              <MISPAR-TVIA-BE-YATZRAN xmlns:p5="http://www.w3.org/2001/XMLSchema-instance" p5:nil="true" />
              <MISPAR-KISUI-BE-YATZRAN xmlns:p5="http://www.w3.org/2001/XMLSchema-instance" p5:nil="true" />
              <SHEM-KISUI-BE-YATZRAN xmlns:p5="http://www.w3.org/2001/XMLSchema-instance" p5:nil="true" />
              <SUG-HATVIAA xmlns:p5="http://www.w3.org/2001/XMLSchema-instance" p5:nil="true" />
              <OFEN-TASHLUM xmlns:p5="http://www.w3.org/2001/XMLSchema-instance" p5:nil="true" />
              <KOD-STATUS-TVIAA xmlns:p5="http://www.w3.org/2001/XMLSchema-instance" p5:nil="true" />
              <TAARICH-STATUS-TVIA xmlns:p5="http://www.w3.org/2001/XMLSchema-instance" p5:nil="true" />
              <TAARICH-TECHILAT-TASHLUM xmlns:p5="http://www.w3.org/2001/XMLSchema-instance" p5:nil="true" />
              <ACHUZ-MEUSHAR-O-K-A-SHICHRUR xmlns:p5="http://www.w3.org/2001/XMLSchema-instance" p5:nil="true" />
              <SCHUM-TVIA-MEUSHAR>0</SCHUM-TVIA-MEUSHAR>
              <ACHUZ-NECHUT>0</ACHUZ-NECHUT>
            </PirteyTvia>
            <PerutMitryot>
              <KAYAM-KISUY-BITUCHI-COLECTIVI-LEAMITIM>2</KAYAM-KISUY-BITUCHI-COLECTIVI-LEAMITIM>
              <SHEM-MEVATACHAT xmlns:p5="http://www.w3.org/2001/XMLSchema-instance" p5:nil="true" />
              <TAARICH-TCHILAT-HABITUACH xmlns:p5="http://www.w3.org/2001/XMLSchema-instance" p5:nil="true" />
              <TAARICH-TOM-TKUFAT-HABITUAH xmlns:p5="http://www.w3.org/2001/XMLSchema-instance" p5:nil="true" />
              <KOD-SUG-MUTZAR-BITUACH xmlns:p5="http://www.w3.org/2001/XMLSchema-instance" p5:nil="true" />
              <SCHUM-BITUACH xmlns:p5="http://www.w3.org/2001/XMLSchema-instance" p5:nil="true" />
              <ALUT-KISUI xmlns:p5="http://www.w3.org/2001/XMLSchema-instance" p5:nil="true" />
              <MESHALEM-DMEI-HABITUAH xmlns:p5="http://www.w3.org/2001/XMLSchema-instance" p5:nil="true" />
              <TADIRUT-HATSHLUM xmlns:p5="http://www.w3.org/2001/XMLSchema-instance" p5:nil="true" />
              <HAIM-NECHTAM-TOFES-HITZTARFUT xmlns:p5="http://www.w3.org/2001/XMLSchema-instance" p5:nil="true" />
            </PerutMitryot>
            <YitraLefiGilPrisha>
              <GIL-PRISHA>67.00</GIL-PRISHA>
              <TOTAL-CHISACHON-MITZTABER-TZAFUY>0.00</TOTAL-CHISACHON-MITZTABER-TZAFUY>
              <TZVIRAT-CHISACHON-CHAZUYA-LELO-PREMIYOT>0.00</TZVIRAT-CHISACHON-CHAZUYA-LELO-PREMIYOT>
              <MEKADEM-MOVTACH-LEPRISHA xmlns:p5="http://www.w3.org/2001/XMLSchema-instance" p5:nil="true" />
              <MEKADEM-HAVTACHST-TOCHELET xmlns:p5="http://www.w3.org/2001/XMLSchema-instance" p5:nil="true" />
              <MEKADEM-HAVTACHST-TOCHELETPRISHA xmlns:p5="http://www.w3.org/2001/XMLSchema-instance" p5:nil="true" />
              <SHEM-MASLOL xmlns:p5="http://www.w3.org/2001/XMLSchema-instance" p5:nil="true" />
              <MEKADEM-HAVTACHAT-TSUA xmlns:p5="http://www.w3.org/2001/XMLSchema-instance" p5:nil="true" />
              <MEKADEM-HAVTACHAT-TSUATKUFA xmlns:p5="http://www.w3.org/2001/XMLSchema-instance" p5:nil="true" />
              <TKUFAT-HAGBALA-BESHANIM xmlns:p5="http://www.w3.org/2001/XMLSchema-instance" p5:nil="true" />
              <TOCHELET-MASHPIA-KITZBA xmlns:p5="http://www.w3.org/2001/XMLSchema-instance" p5:nil="true" />
              <TSUA-MASHPIA-KITZBA xmlns:p5="http://www.w3.org/2001/XMLSchema-instance" p5:nil="true" />
              <SHEUR-PNS-ZIKNA-TZFUYA xmlns:p5="http://www.w3.org/2001/XMLSchema-instance" p5:nil="true" />
              <Kupot>
                <Kupa>
                  <SUG-KUPA>2</SUG-KUPA>
                  <SCHUM-KITZVAT-ZIKNA xmlns:p7="http://www.w3.org/2001/XMLSchema-instance" p7:nil="true" />
                  <KITZVAT-HODSHIT-TZFUYA xmlns:p7="http://www.w3.org/2001/XMLSchema-instance" p7:nil="true" />
                  <ACHUZ-TSUA-BATACHAZIT>0.00</ACHUZ-TSUA-BATACHAZIT>
                  <TOTAL-ITRA-TZFUYA-MECHUSHAV-LEHON-IM-PREMIOT>0.00</TOTAL-ITRA-TZFUYA-MECHUSHAV-LEHON-IM-PREMIOT>
                  <TZVIRAT-CHISACHON-TZFUYA-LEHON-LELO-PREMIYOT xmlns:p7="http://www.w3.org/2001/XMLSchema-instance" p7:nil="true" />
                  <TOTAL-SCHUM-MTZBR-TZAFUY-LEGIL-PRISHA-MECHUSHAV-LEKITZBA-IM-PREMIYOT xmlns:p7="http://www.w3.org/2001/XMLSchema-instance" p7:nil="true" />
                  <TOTAL-SCHUM-MITZVTABER-TZFUY-LEGIL-PRISHA-MECHUSHAV-HAMEYOAD-LEKITZBA-LELO-PREMIYOT xmlns:p7="http://www.w3.org/2001/XMLSchema-instance" p7:nil="true" />
                </Kupa>
              </Kupot>
            </YitraLefiGilPrisha>
            <Tsua>
              <SHEUR-TSUA-NETO>-5.35</SHEUR-TSUA-NETO>
              <SHEUR-TSUA-BRUTO-CHS-1 xmlns:p5="http://www.w3.org/2001/XMLSchema-instance" p5:nil="true" />
              <SHEUR-TSUA-MOVTACHAT-MEYOADOT xmlns:p5="http://www.w3.org/2001/XMLSchema-instance" p5:nil="true" />
              <REVACH-HEFSED-BENIKOI-HOZAHOT xmlns:p5="http://www.w3.org/2001/XMLSchema-instance" p5:nil="true" />
              <SIMAN-REVACH-HEFSED xmlns:p5="http://www.w3.org/2001/XMLSchema-instance" p5:nil="true" />
              <ACHUZ-TSUA-BRUTO-CHS-2 xmlns:p5="http://www.w3.org/2001/XMLSchema-instance" p5:nil="true" />
            </Tsua>
            <PirteiTaktziv>
              <PirteiOved>
                <SUG-TOCHNIT-O-CHESHBON>2</SUG-TOCHNIT-O-CHESHBON>
                <MPR-MAASIK-BE-YATZRAN>58074600</MPR-MAASIK-BE-YATZRAN>
                <STATUS-MAASIK>1</STATUS-MAASIK>
                <SUG-BAAL-HAPOLISA-SHE-EINO-HAMEVUTACH xmlns:p6="http://www.w3.org/2001/XMLSchema-instance" p6:nil="true" />
                <MISPAR-BAAL-POLISA-SHEEINO-MEVUTAH xmlns:p6="http://www.w3.org/2001/XMLSchema-instance" p6:nil="true" />
                <SHEM-BAAL-POLISA-SHEEINO-MEVUTAH xmlns:p6="http://www.w3.org/2001/XMLSchema-instance" p6:nil="true" />
              </PirteiOved>
              <PirteiHaasaka>
                <KOD-CHISHUV-SACHAR-POLISA-O-HESHBON>4</KOD-CHISHUV-SACHAR-POLISA-O-HESHBON>
                <SACHAR-POLISA>0.00</SACHAR-POLISA>
                <KOD-OFEN-HATZMADA>1</KOD-OFEN-HATZMADA>
                <TAARICH-MASKORET xmlns:p6="http://www.w3.org/2001/XMLSchema-instance" p6:nil="true" />
                <ZAKAUT-LELO-TNAI>3</ZAKAUT-LELO-TNAI>
                <SEIF-14>3</SEIF-14>
                <TAARICH-TCHILAT-TASHLUM>19981018</TAARICH-TCHILAT-TASHLUM>
              </PirteiHaasaka>
              <PerutHafrashotLePolisa>
                <SUG-HAMAFKID>1</SUG-HAMAFKID>
                <SUG-HAFRASHA>2</SUG-HAFRASHA>
                <ACHUZ-HAFRASHA>0.00</ACHUZ-HAFRASHA>
                <SCHUM-HAFRASHA xmlns:p6="http://www.w3.org/2001/XMLSchema-instance" p6:nil="true" />
                <TAARICH-MADAD>19981018</TAARICH-MADAD>
              </PerutHafrashotLePolisa>
              <PerutMasluleiHashkaa>
                <KOD-SUG-MASLUL>1</KOD-SUG-MASLUL>
                <KOD-SUG-HAFRASHA>2</KOD-SUG-HAFRASHA>
                <ACHUZ-HAFKADA-LEHASHKAA>0.00</ACHUZ-HAFKADA-LEHASHKAA>
                <SCHUM-TZVIRA-BAMASLUL>104399.55</SCHUM-TZVIRA-BAMASLUL>
                <SHEM-MASLUL-HASHKAA>980 כלל תמר מסלול הלכתי (הוד)</SHEM-MASLUL-HASHKAA>
                <SHEUR-DMEI-NIHUL-HAFKADA>0.00</SHEUR-DMEI-NIHUL-HAFKADA>
                <SHEUR-DMEI-NIHUL-HISACHON>0.60</SHEUR-DMEI-NIHUL-HISACHON>
                <SHEUR-DMEI-NIHUL-HAFKADA-MIVNE>0.00</SHEUR-DMEI-NIHUL-HAFKADA-MIVNE>
                <SHEUR-DMEI-NIHUL-HISACHON-MIVNE>0.60</SHEUR-DMEI-NIHUL-HISACHON-MIVNE>
                <DMEI-NIHUL-ACHERIM>0.00</DMEI-NIHUL-ACHERIM>
                <TSUA-NETO>-0.05</TSUA-NETO>
                <KOD-MASLUL-HASHKAA>512244146000000000002530001533</KOD-MASLUL-HASHKAA>
              </PerutMasluleiHashkaa>
              <NetuneiGvia>
                <SHEM-MESHALEM>נאמן רפאל</SHEM-MESHALEM>
                <SUG-TEUDA-MESHALEM>2</SUG-TEUDA-MESHALEM>
                <MISPAR-ZIHUY-MESHALEM>0</MISPAR-ZIHUY-MESHALEM>
                <KOD-EMTZAEI-TASHLUM>6</KOD-EMTZAEI-TASHLUM>
                <TADIRUT-TASHLUM>4</TADIRUT-TASHLUM>
                <CHODESH-YECHUS>4</CHODESH-YECHUS>
                <YOM-GVIYA-BECHODESH>10</YOM-GVIYA-BECHODESH>
                <OFEN-HATZMADAT-GVIA>1</OFEN-HATZMADAT-GVIA>
                <ACHUZ-TAT-SHNATIYOT xmlns:p6="http://www.w3.org/2001/XMLSchema-instance" p6:nil="true" />
              </NetuneiGvia>
              <HafkadotShnatiyot>
                <TOTAL-HAFKADOT-OVED-TAGMULIM-SHANA-NOCHECHIT xmlns:p6="http://www.w3.org/2001/XMLSchema-instance" p6:nil="true" />
                <TOTAL-HAFKADOT-MAAVID-TAGMULIM-SHANA-NOCHECHIT xmlns:p6="http://www.w3.org/2001/XMLSchema-instance" p6:nil="true" />
                <TOTAL-HAFKADOT-PITZUIM-SHANA-NOCHECHIT xmlns:p6="http://www.w3.org/2001/XMLSchema-instance" p6:nil="true" />
              </HafkadotShnatiyot>
              <ChovotPigurim>
                <ChovPigur>
                  <KAYAM-CHOV-O-PIGUR>2</KAYAM-CHOV-O-PIGUR>
                  <TAARICH-TECHILAT-PIGUR xmlns:p7="http://www.w3.org/2001/XMLSchema-instance" p7:nil="true" />
                  <TAARICH-TECHILAT-PIGUR-NOCHECHI xmlns:p7="http://www.w3.org/2001/XMLSchema-instance" p7:nil="true" />
                  <MISPAR-CHODSHEI-PIGUR xmlns:p7="http://www.w3.org/2001/XMLSchema-instance" p7:nil="true" />
                  <SUG-HOV xmlns:p7="http://www.w3.org/2001/XMLSchema-instance" p7:nil="true" />
                  <TOTAL-CHOVOT-O-PIGURIM xmlns:p7="http://www.w3.org/2001/XMLSchema-instance" p7:nil="true" />
                  <KSAFIM-LO-MESHUYACHIM-MAASIK xmlns:p7="http://www.w3.org/2001/XMLSchema-instance" p7:nil="true" />
                </ChovPigur>
              </ChovotPigurim>
              <PerutHotzaot>
                <HotzaotBafoalLehodeshDivoach>
                  <SHEUR-DMEI-NIHUL-HAFKADA>0.00</SHEUR-DMEI-NIHUL-HAFKADA>
                  <TOTAL-DMEI-NIHUL-HAFKADA>0.00</TOTAL-DMEI-NIHUL-HAFKADA>
                  <SHEUR-DMEI-NIHUL-TZVIRA>0.0500</SHEUR-DMEI-NIHUL-TZVIRA>
                  <TOTAL-DMEI-NIHUL-TZVIRA>52.08</TOTAL-DMEI-NIHUL-TZVIRA>
                  <SACH-DMEI-NIHUL-ACHERIM>0.00</SACH-DMEI-NIHUL-ACHERIM>
                  <HOTZOT-NIHUL-ASHKAOT xmlns:p7="http://www.w3.org/2001/XMLSchema-instance" p7:nil="true" />
                  <TOTAL-DMEI-NIHUL-POLISA-O-HESHBON>261.32</TOTAL-DMEI-NIHUL-POLISA-O-HESHBON>
                  <DEMI-AAVARAT-MASLOL xmlns:p7="http://www.w3.org/2001/XMLSchema-instance" p7:nil="true" />
                  <DMEI-NIUL-MENAEL-TIKIM xmlns:p7="http://www.w3.org/2001/XMLSchema-instance" p7:nil="true" />
                  <OFEN-GEVIAT-DMEI-BITUACH xmlns:p7="http://www.w3.org/2001/XMLSchema-instance" p7:nil="true" />
                  <SACH-DMEI-BITUAH-SHENIGBOO xmlns:p7="http://www.w3.org/2001/XMLSchema-instance" p7:nil="true" />
                </HotzaotBafoalLehodeshDivoach>
                <MivneDmeiNihul>
                  <PerutMivneDmeiNihul>
                    <GOVA-DMEI-NIHUL-NIKBA-AL-PI-HOTZAOT-BAPOAL>2</GOVA-DMEI-NIHUL-NIKBA-AL-PI-HOTZAOT-BAPOAL>
                    <SUG-HOTZAA>1</SUG-HOTZAA>
                    <KOD-MASLUL-DMEI-NIHUL xmlns:p8="http://www.w3.org/2001/XMLSchema-instance" p8:nil="true" />
                    <MEAFYENEI-MASLUL-DMEI-NIHUL xmlns:p8="http://www.w3.org/2001/XMLSchema-instance" p8:nil="true" />
                    <SHEUR-DMEI-NIHUL>0.60</SHEUR-DMEI-NIHUL>
                    <TAARICH-IDKUN-SHEUR-DNHL>20191202</TAARICH-IDKUN-SHEUR-DNHL>
                    <DMEI-NIHUL-ACHIDIM>1</DMEI-NIHUL-ACHIDIM>
                    <KOD-MASLUL-HASHKAA-BAAL-DMEI-NIHUL-YECHUDIIM>512244146000000000002530000124</KOD-MASLUL-HASHKAA-BAAL-DMEI-NIHUL-YECHUDIIM>
                    <OFEN-HAFRASHA>2</OFEN-HAFRASHA>
                    <SCHUM-MAX-DNHL-HAFKADA>0.00</SCHUM-MAX-DNHL-HAFKADA>
                    <SACH-DMEI-NIHUL-MASLUL xmlns:p8="http://www.w3.org/2001/XMLSchema-instance" p8:nil="true" />
                    <DMEI-NIHUL-ACHERIM>0.00</DMEI-NIHUL-ACHERIM>
                    <KENAS-MESHICHAT-KESAFIM xmlns:p8="http://www.w3.org/2001/XMLSchema-instance" p8:nil="true" />
                    <KAYEMET-HATAVA>1</KAYEMET-HATAVA>
                    <SUG-HATAVA>2</SUG-HATAVA>
                    <ACHOZ-HATAVA>42.86</ACHOZ-HATAVA>
                    <TAARICH-SIUM-HATAVA>20241130</TAARICH-SIUM-HATAVA>
                  </PerutMivneDmeiNihul>
                  <PerutMivneDmeiNihul>
                    <GOVA-DMEI-NIHUL-NIKBA-AL-PI-HOTZAOT-BAPOAL>2</GOVA-DMEI-NIHUL-NIKBA-AL-PI-HOTZAOT-BAPOAL>
                    <SUG-HOTZAA>1</SUG-HOTZAA>
                    <KOD-MASLUL-DMEI-NIHUL xmlns:p8="http://www.w3.org/2001/XMLSchema-instance" p8:nil="true" />
                    <MEAFYENEI-MASLUL-DMEI-NIHUL xmlns:p8="http://www.w3.org/2001/XMLSchema-instance" p8:nil="true" />
                    <SHEUR-DMEI-NIHUL>0.60</SHEUR-DMEI-NIHUL>
                    <TAARICH-IDKUN-SHEUR-DNHL>20191202</TAARICH-IDKUN-SHEUR-DNHL>
                    <DMEI-NIHUL-ACHIDIM>1</DMEI-NIHUL-ACHIDIM>
                    <KOD-MASLUL-HASHKAA-BAAL-DMEI-NIHUL-YECHUDIIM>512244146000000000002530001533</KOD-MASLUL-HASHKAA-BAAL-DMEI-NIHUL-YECHUDIIM>
                    <OFEN-HAFRASHA>2</OFEN-HAFRASHA>
                    <SCHUM-MAX-DNHL-HAFKADA>0.00</SCHUM-MAX-DNHL-HAFKADA>
                    <SACH-DMEI-NIHUL-MASLUL xmlns:p8="http://www.w3.org/2001/XMLSchema-instance" p8:nil="true" />
                    <DMEI-NIHUL-ACHERIM>0.00</DMEI-NIHUL-ACHERIM>
                    <KENAS-MESHICHAT-KESAFIM xmlns:p8="http://www.w3.org/2001/XMLSchema-instance" p8:nil="true" />
                    <KAYEMET-HATAVA>1</KAYEMET-HATAVA>
                    <SUG-HATAVA>2</SUG-HATAVA>
                    <ACHOZ-HATAVA>42.86</ACHOZ-HATAVA>
                    <TAARICH-SIUM-HATAVA>20241130</TAARICH-SIUM-HATAVA>
                  </PerutMivneDmeiNihul>
                  <PerutMivneDmeiNihul>
                    <GOVA-DMEI-NIHUL-NIKBA-AL-PI-HOTZAOT-BAPOAL>2</GOVA-DMEI-NIHUL-NIKBA-AL-PI-HOTZAOT-BAPOAL>
                    <SUG-HOTZAA>2</SUG-HOTZAA>
                    <KOD-MASLUL-DMEI-NIHUL xmlns:p8="http://www.w3.org/2001/XMLSchema-instance" p8:nil="true" />
                    <MEAFYENEI-MASLUL-DMEI-NIHUL xmlns:p8="http://www.w3.org/2001/XMLSchema-instance" p8:nil="true" />
                    <SHEUR-DMEI-NIHUL>0.00</SHEUR-DMEI-NIHUL>
                    <TAARICH-IDKUN-SHEUR-DNHL>20170109</TAARICH-IDKUN-SHEUR-DNHL>
                    <DMEI-NIHUL-ACHIDIM>1</DMEI-NIHUL-ACHIDIM>
                    <KOD-MASLUL-HASHKAA-BAAL-DMEI-NIHUL-YECHUDIIM>512244146000000000002530000253</KOD-MASLUL-HASHKAA-BAAL-DMEI-NIHUL-YECHUDIIM>
                    <OFEN-HAFRASHA>2</OFEN-HAFRASHA>
                    <SCHUM-MAX-DNHL-HAFKADA>0.00</SCHUM-MAX-DNHL-HAFKADA>
                    <SACH-DMEI-NIHUL-MASLUL xmlns:p8="http://www.w3.org/2001/XMLSchema-instance" p8:nil="true" />
                    <DMEI-NIHUL-ACHERIM>0.00</DMEI-NIHUL-ACHERIM>
                    <KENAS-MESHICHAT-KESAFIM xmlns:p8="http://www.w3.org/2001/XMLSchema-instance" p8:nil="true" />
                    <KAYEMET-HATAVA>1</KAYEMET-HATAVA>
                    <SUG-HATAVA>1</SUG-HATAVA>
                    <ACHOZ-HATAVA>100.00</ACHOZ-HATAVA>
                    <TAARICH-SIUM-HATAVA xmlns:p8="http://www.w3.org/2001/XMLSchema-instance" p8:nil="true" />
                  </PerutMivneDmeiNihul>
                </MivneDmeiNihul>
              </PerutHotzaot>
              <PerutYitrotLesofShanaKodemet>
                <YITRAT-SOF-SHANA>110299.29</YITRAT-SOF-SHANA>
                <ERECH-PIDYON-SOF-SHANA xmlns:p6="http://www.w3.org/2001/XMLSchema-instance" p6:nil="true" />
                <ERECH-MESOLAK-SOF-SHANA xmlns:p6="http://www.w3.org/2001/XMLSchema-instance" p6:nil="true" />
                <YISKON-YITRAT-KESAFIM xmlns:p6="http://www.w3.org/2001/XMLSchema-instance" p6:nil="true" />
              </PerutYitrotLesofShanaKodemet>
              <BlockItrot>
                <Yitrot>
                  <TAARICH-ERECH-TZVIROT>20200531</TAARICH-ERECH-TZVIROT>
                  <PerutYitrot>
                    <KOD-SUG-ITRA>1</KOD-SUG-ITRA>
                    <KOD-SUG-HAFRASHA>2</KOD-SUG-HAFRASHA>
                    <TOTAL-CHISACHON-MTZBR>104399.55</TOTAL-CHISACHON-MTZBR>
                    <TOTAL-ERKEI-PIDION>104399.55</TOTAL-ERKEI-PIDION>
                  </PerutYitrot>
                  <PerutYitraLeTkufa>
                    <KOD-TECHULAT-SHICHVA>4</KOD-TECHULAT-SHICHVA>
                    <REKIV-ITRA-LETKUFA>2</REKIV-ITRA-LETKUFA>
                    <SUG-ITRA-LETKUFA>1</SUG-ITRA-LETKUFA>
                    <SACH-ITRA-LESHICHVA-BESHACH>104399.55</SACH-ITRA-LESHICHVA-BESHACH>
                  </PerutYitraLeTkufa>
                  <NesilutTag>
                    <MOED-NEZILUT-TAGMULIM>20131018</MOED-NEZILUT-TAGMULIM>
                    <YITRAT-KASPEY-TAGMULIM>104399.55</YITRAT-KASPEY-TAGMULIM>
                  </NesilutTag>
                  <YitrotShonot>
                    <TZVIRAT-PITZUIM-PTURIM-MAAVIDIM-KODMIM xmlns:p8="http://www.w3.org/2001/XMLSchema-instance" p8:nil="true" />
                    <ERECH-PIDION-PITZUIM-LEKITZBA-MAAVIDIM-KODMIM xmlns:p8="http://www.w3.org/2001/XMLSchema-instance" p8:nil="true" />
                    <TZVIRAT-PITZUIM-MAAVIDIM-KODMIM-BERETZEF-KITZBA xmlns:p8="http://www.w3.org/2001/XMLSchema-instance" p8:nil="true" />
                    <TZVIRAT-PITZUIM-MAAVIDIM-KODMIM-BERETZEF-ZECHUYOT xmlns:p8="http://www.w3.org/2001/XMLSchema-instance" p8:nil="true" />
                    <TZVIRAT-PITZUIM-31-12-1999-LEKITZBA xmlns:p8="http://www.w3.org/2001/XMLSchema-instance" p8:nil="true" />
                    <ERECH-PIDION-PITZUIM-MAASIK-NOCHECHI>0</ERECH-PIDION-PITZUIM-MAASIK-NOCHECHI>
                    <ERECH-PIDION-MARKIV-PITZUIM-LEMAS-NOCHECHI>0</ERECH-PIDION-MARKIV-PITZUIM-LEMAS-NOCHECHI>
                    <ERECH-PIDION-PITZUIM-MAAVIDIM-KODMIM-RETZEF-ZEHUYUT xmlns:p8="http://www.w3.org/2001/XMLSchema-instance" p8:nil="true" />
                    <ERECH-PIDION-PITZUIM-LEHON-MAAVIDIM-KODMIM xmlns:p8="http://www.w3.org/2001/XMLSchema-instance" p8:nil="true" />
                    <KAYAM-RETZEF-PITZUIM-KITZBA>2</KAYAM-RETZEF-PITZUIM-KITZBA>
                    <KAYAM-RETZEF-ZECHUYOT-PITZUIM>2</KAYAM-RETZEF-ZECHUYOT-PITZUIM>
                  </YitrotShonot>
                </Yitrot>
              </BlockItrot>
            </PirteiTaktziv>
            <PerutMeyupeKoach>
              <KAYAM-MEYUPE-KOACH>1</KAYAM-MEYUPE-KOACH>
              <SUG-ZIHUY>1</SUG-ZIHUY>
              <MISPAR-ZIHUY>54099759</MISPAR-ZIHUY>
              <TAARICH-MINUY-SOCHEN>20160725</TAARICH-MINUY-SOCHEN>
              <SHEM-MEYUPE-KOACH>נוי זאב</SHEM-MEYUPE-KOACH>
            </PerutMeyupeKoach>
            <Kisuim>
              <ZihuiKisui>
                <MISPAR-KISUI-BE-YATZRAN>512244146000000000002530000000</MISPAR-KISUI-BE-YATZRAN>
                <SHEM-KISUI-YATZRAN>כלל תמר</SHEM-KISUI-YATZRAN>
                <SUG-KISUI-ETZEL-YATZRAN xmlns:p6="http://www.w3.org/2001/XMLSchema-instance" p6:nil="true" />
                <MISPAR-POLISA-O-HESHBON-NEGDI>8028027</MISPAR-POLISA-O-HESHBON-NEGDI>
                <PirteiMevutach>
                  <SUG-TEUDA>1</SUG-TEUDA>
                  <MISPAR-ZIHUY-LAKOACH>058074600</MISPAR-ZIHUY-LAKOACH>
                </PirteiMevutach>
                <SchumeiBituahYesodi>
                  <KOD-MUTZAR-LEFI-KIDUD-ACHID-LAYESODI xmlns:p7="http://www.w3.org/2001/XMLSchema-instance" p7:nil="true" />
                  <SUG-HATZMADA-SCHUM-BITUAH xmlns:p7="http://www.w3.org/2001/XMLSchema-instance" p7:nil="true" />
                  <SUG-HATZMADA-DMEI-BITUAH xmlns:p7="http://www.w3.org/2001/XMLSchema-instance" p7:nil="true" />
                  <SUG-MASLUL-LEBITUAH xmlns:p7="http://www.w3.org/2001/XMLSchema-instance" p7:nil="true" />
                  <IND-SCHUM-BITUAH-KOLEL-CHISACHON xmlns:p7="http://www.w3.org/2001/XMLSchema-instance" p7:nil="true" />
                  <SCHUM-BITUACH-LEMASLUL xmlns:p7="http://www.w3.org/2001/XMLSchema-instance" p7:nil="true" />
                  <MISPAR-MASKOROT xmlns:p7="http://www.w3.org/2001/XMLSchema-instance" p7:nil="true" />
                  <ACHUZ-HAKTZAA-LE-CHISACHON xmlns:p7="http://www.w3.org/2001/XMLSchema-instance" p7:nil="true" />
                  <TIKRAT-GAG-HATAM-LEMIKRE-MAVET xmlns:p7="http://www.w3.org/2001/XMLSchema-instance" p7:nil="true" />
                  <TIKRAT-GAG-HATAM-LE-O-K-A xmlns:p7="http://www.w3.org/2001/XMLSchema-instance" p7:nil="true" />
                  <SCHUM-BITUAH-LEMAVET xmlns:p7="http://www.w3.org/2001/XMLSchema-instance" p7:nil="true" />
                </SchumeiBituahYesodi>
                <PirteiKisuiBeMutzar>
                  <KOD-MIUTZAR-LAKISUY>512244146000000000002530000253</KOD-MIUTZAR-LAKISUY>
                  <SUG-MEVUTACH>5</SUG-MEVUTACH>
                  <SUG-KISUY-BITOCHI>1</SUG-KISUY-BITOCHI>
                  <TAARICH-TCHILAT-KISUY>19000101</TAARICH-TCHILAT-KISUY>
                  <TAARICH-TOM-KISUY>19000101</TAARICH-TOM-KISUY>
                  <KOD-NISPACH-KISUY />
                  <SUG-ISUK>1</SUG-ISUK>
                  <KOLEL-PRENZISA>1</KOLEL-PRENZISA>
                  <TAARICH-HAFSAKAT-TASHLUM>19000101</TAARICH-HAFSAKAT-TASHLUM>
                  <ACHUZ-ME-SCM-BTH-YESODI xmlns:p7="http://www.w3.org/2001/XMLSchema-instance" p7:nil="true" />
                  <ACHUZ-MESACHAR xmlns:p7="http://www.w3.org/2001/XMLSchema-instance" p7:nil="true" />
                  <OFEN-TASHLUM-SCHUM-BITUACH>4</OFEN-TASHLUM-SCHUM-BITUACH>
                  <SCHUM-BITUACH>0.00</SCHUM-BITUACH>
                  <MESHALEM-HAKISUY>6</MESHALEM-HAKISUY>
                  <KOD-ISHUN>3</KOD-ISHUN>
                  <IND-CHITUM>1</IND-CHITUM>
                  <TAARICH-CHITUM xmlns:p7="http://www.w3.org/2001/XMLSchema-instance" p7:nil="true" />
                  <HACHRAGA>3</HACHRAGA>
                  <SUG-HACHRAGA>3</SUG-HACHRAGA>
                  <TKUFAT-ACHSHARA>1</TKUFAT-ACHSHARA>
                  <TKUFAT-HAMTANA-CHODASHIM>1</TKUFAT-HAMTANA-CHODASHIM>
                  <HANACHA>3</HANACHA>
                  <HATNAYA-LAHANACHA-DMEI-BITUAH>3</HATNAYA-LAHANACHA-DMEI-BITUAH>
                  <DMEI-BITUAH-LETASHLUM-BAPOAL>0.00</DMEI-BITUAH-LETASHLUM-BAPOAL>
                  <SUG-HANACHA-KISUY>5</SUG-HANACHA-KISUY>
                  <SHIUR-HANACHA-BEKISUI xmlns:p7="http://www.w3.org/2001/XMLSchema-instance" p7:nil="true" />
                  <ERECH-HANACHA-BEKISUI xmlns:p7="http://www.w3.org/2001/XMLSchema-instance" p7:nil="true" />
                  <TADIRUT-SHINUY-DMEI-HABITUAH-BESHANIM xmlns:p7="http://www.w3.org/2001/XMLSchema-instance" p7:nil="true" />
                  <TAARICH-IDKUN-HABA-SHEL-DMEI-HABITUAH xmlns:p7="http://www.w3.org/2001/XMLSchema-instance" p7:nil="true" />
                </PirteiKisuiBeMutzar>
                <PirteiTosafot>
                  <TOSEFET-TAARIF>2</TOSEFET-TAARIF>
                  <KOD-SUG-TOSEFET xmlns:p7="http://www.w3.org/2001/XMLSchema-instance" p7:nil="true" />
                  <SHEUR-TOSEFET xmlns:p7="http://www.w3.org/2001/XMLSchema-instance" p7:nil="true" />
                  <PROMIL-TOSEFET xmlns:p7="http://www.w3.org/2001/XMLSchema-instance" p7:nil="true" />
                  <TAARICH-TOM-TOSEFET xmlns:p7="http://www.w3.org/2001/XMLSchema-instance" p7:nil="true" />
                </PirteiTosafot>
                <Mutav>
                  <SUG-ZIHUY-MUTAV>7</SUG-ZIHUY-MUTAV>
                  <KOD-ZIHUY-MUTAV xmlns:p7="http://www.w3.org/2001/XMLSchema-instance" p7:nil="true" />
                  <MISPAR-ZIHUY-MUTAV xmlns:p7="http://www.w3.org/2001/XMLSchema-instance" p7:nil="true" />
                  <SHEM-PRATI-MUTAV xmlns:p7="http://www.w3.org/2001/XMLSchema-instance" p7:nil="true" />
                  <SHEM-MISHPACHA-MUTAV xmlns:p7="http://www.w3.org/2001/XMLSchema-instance" p7:nil="true" />
                  <SUG-ZIKA xmlns:p7="http://www.w3.org/2001/XMLSchema-instance" p7:nil="true" />
                  <ACHUZ-MUTAV xmlns:p7="http://www.w3.org/2001/XMLSchema-instance" p7:nil="true" />
                  <HAGDARAT-MUTAV xmlns:p7="http://www.w3.org/2001/XMLSchema-instance" p7:nil="true" />
                  <MAHUT-MUTAV xmlns:p7="http://www.w3.org/2001/XMLSchema-instance" p7:nil="true" />
                </Mutav>
                <KisuiBKerenPensia>
                  <ALUT-KISUI-NECHUT xmlns:p7="http://www.w3.org/2001/XMLSchema-instance" p7:nil="true" />
                  <ALUT-KISUI-PNS-SHRM-NECHE xmlns:p7="http://www.w3.org/2001/XMLSchema-instance" p7:nil="true" />
                  <SHEUR-KISUY-NECHUT xmlns:p7="http://www.w3.org/2001/XMLSchema-instance" p7:nil="true" />
                  <SACHAR-KOVEA-LE-NECHUT-VE-SHEERIM xmlns:p7="http://www.w3.org/2001/XMLSchema-instance" p7:nil="true" />
                  <TAARICH-MASKORET-NECHUT-VE-SHEERIM xmlns:p7="http://www.w3.org/2001/XMLSchema-instance" p7:nil="true" />
                  <SUG-VITOR-SHAERIM xmlns:p7="http://www.w3.org/2001/XMLSchema-instance" p7:nil="true" />
                  <SACH-PENSIAT-NECHUT xmlns:p7="http://www.w3.org/2001/XMLSchema-instance" p7:nil="true" />
                  <NECHUT-MITPATAHAT xmlns:p7="http://www.w3.org/2001/XMLSchema-instance" p7:nil="true" />
                  <VITUR-KISUY-BITUCHI xmlns:p7="http://www.w3.org/2001/XMLSchema-instance" p7:nil="true" />
                  <ALUT-KISUY-SHEERIM xmlns:p7="http://www.w3.org/2001/XMLSchema-instance" p7:nil="true" />
                  <SHIUR-KISUY-YATOM xmlns:p7="http://www.w3.org/2001/XMLSchema-instance" p7:nil="true" />
                  <KITZBAT-SHEERIM-LEALMAN-O-ALMANA xmlns:p7="http://www.w3.org/2001/XMLSchema-instance" p7:nil="true" />
                  <KITZBAT-SHEERIM-LEYATOM xmlns:p7="http://www.w3.org/2001/XMLSchema-instance" p7:nil="true" />
                  <KITZBAT-SHEERIM-LEHORE-NITMACH xmlns:p7="http://www.w3.org/2001/XMLSchema-instance" p7:nil="true" />
                  <TAARICH-VITOR-SHEERIM xmlns:p7="http://www.w3.org/2001/XMLSchema-instance" p7:nil="true" />
                  <TAARICH-CIUM-VITOR-SEERIM xmlns:p7="http://www.w3.org/2001/XMLSchema-instance" p7:nil="true" />
                  <SHIUR-KISUY-ALMAN-O-ALMANA xmlns:p7="http://www.w3.org/2001/XMLSchema-instance" p7:nil="true" />
                  <SHIUR-KISUY-HORE-NITMACH xmlns:p7="http://www.w3.org/2001/XMLSchema-instance" p7:nil="true" />
                  <GIL-PRISHA-LEPENSIYAT-ZIKNA xmlns:p7="http://www.w3.org/2001/XMLSchema-instance" p7:nil="true" />
                  <SACH-PENSIYAT-ALMAN-O-ALMANA xmlns:p7="http://www.w3.org/2001/XMLSchema-instance" p7:nil="true" />
                  <MISPAR-HODSHEI-HAVERUT-BEKEREN-HAPENSIYA xmlns:p7="http://www.w3.org/2001/XMLSchema-instance" p7:nil="true" />
                  <MISPAR-HODSHEI-HAVERUT-MITZ-BEKEREN-HAPENSIYA xmlns:p7="http://www.w3.org/2001/XMLSchema-instance" p7:nil="true" />
                  <MENAT-PENSIA-TZVURA xmlns:p7="http://www.w3.org/2001/XMLSchema-instance" p7:nil="true" />
                  <AHUZ-PENSIYA-TZVURA xmlns:p7="http://www.w3.org/2001/XMLSchema-instance" p7:nil="true" />
                  <TAARICH-TCHILAT-HAVERUT xmlns:p7="http://www.w3.org/2001/XMLSchema-instance" p7:nil="true" />
                  <TAARICH-ERECH-LANENTUNIM xmlns:p7="http://www.w3.org/2001/XMLSchema-instance" p7:nil="true" />
                  <HATAVA-BITUCHIT xmlns:p7="http://www.w3.org/2001/XMLSchema-instance" p7:nil="true" />
                </KisuiBKerenPensia>
                <Miktsoa-Isuk-Tachviv>
                  <TACHVIVIM-O-ISUKIM xmlns:p7="http://www.w3.org/2001/XMLSchema-instance" p7:nil="true" />
                  <KOD-MIKTZOA xmlns:p7="http://www.w3.org/2001/XMLSchema-instance" p7:nil="true" />
                  <TCHUM-ISUK-CHADASH xmlns:p7="http://www.w3.org/2001/XMLSchema-instance" p7:nil="true" />
                </Miktsoa-Isuk-Tachviv>
              </ZihuiKisui>
            </Kisuim>
          </HeshbonOPolisa>
        </HeshbonotOPolisot>
      </Mutzar>
    </Mutzarim>
  </YeshutYatzran>
  <ReshumatSgira>
    <KAMUT-YATZRANIM>000000001</KAMUT-YATZRANIM>
    <KAMUT-METAFELIM>000000001</KAMUT-METAFELIM>
    <KAMUT-MUTZARIM>000000001</KAMUT-MUTZARIM>
    <KAMUT-YESHUYOT-MAASIK>000000001</KAMUT-YESHUYOT-MAASIK>
    <KAMUT-YESHUYOT-MEFITZ>000000001</KAMUT-YESHUYOT-MEFITZ>
    <MISPAR-YESHUYUT-LAKOACH-BAKOVETZ>000000001</MISPAR-YESHUYUT-LAKOACH-BAKOVETZ>
    <KAMUT-POLISOT>000000001</KAMUT-POLISOT>
  </ReshumatSgira>
</Mimshak>