<Mimshak>
  <KoteretKovetz>
    <SUG-MIMSHAK>2</SUG-MIMSHAK>
    <MISPAR-GIRSAT-XML>007</MISPAR-GIRSAT-XML>
    <TAARICH-BITZUA>20200622141049</TAARICH-BITZUA>
    <KOD-SVIVAT-AVODA>2</KOD-SVIVAT-AVODA>
    <KIVUN-MIMSHAK-XML>4</KIVUN-MIMSHAK-XML>
    <KOD-SHOLEACH>520019688</KOD-SHOLEACH>
    <SHEM-SHOLEACH>מבטחים מוסד לביטוח סוציאלי של העובדים</SHEM-SHOLEACH>
    <KOD-MEZAHE-METAFEL>520019688</KOD-MEZAHE-METAFEL>
    <SHEM-METAFEL>מבטחים מוסד לביטוח סוציאלי של העובדים</SHEM-METAFEL>
    <MEZAHE-HAAVARA>00015997705_001_20200622133027</MEZAHE-HAAVARA>
    <MISPAR-HAKOVETZ>20200622141049520019688</MISPAR-HAKOVETZ>
  </KoteretKovetz>
  <YeshutYatzran>
    <KOD-MEZAHE-YATZRAN>520019688</KOD-MEZAHE-YATZRAN>
    <SHEM-YATZRAN>מבטחים מוסד לביטוח סוציאלי של העובדים</SHEM-YATZRAN>
    <MEZAHE-LAKOACH-MISLAKA xmlns:p2="http://www.w3.org/2001/XMLSchema-instance" p2:nil="true" />
    <IshKesherYeshutYatzran>
      <SHEM-PRATI>שירות לקוחות</SHEM-PRATI>
      <SHEM-MISHPACHA>עמיתים</SHEM-MISHPACHA>
      <ERETZ>ישראל</ERETZ>
      <SHEM-YISHUV>תל-אביב</SHEM-YISHUV>
      <SEMEL-YESHUV>5000</SEMEL-YESHUV>
      <SHEM-RECHOV xmlns:p3="http://www.w3.org/2001/XMLSchema-instance" p3:nil="true" />
      <MISPAR-BAIT xmlns:p3="http://www.w3.org/2001/XMLSchema-instance" p3:nil="true" />
      <MISPAR-KNISA xmlns:p3="http://www.w3.org/2001/XMLSchema-instance" p3:nil="true" />
      <MISPAR-DIRA xmlns:p3="http://www.w3.org/2001/XMLSchema-instance" p3:nil="true" />
      <MIKUD>6107201</MIKUD>
      <TA-DOAR>7280</TA-DOAR>
      <MISPAR-TELEPHONE-KAVI>12226667</MISPAR-TELEPHONE-KAVI>
      <MISPAR-SHLUCHA xmlns:p3="http://www.w3.org/2001/XMLSchema-instance" p3:nil="true" />
      <MISPAR-CELLULARI>*6667</MISPAR-CELLULARI>
      <MISPAR-FAX>03-7602227</MISPAR-FAX>
      <E-MAIL>pniot@amitim.com</E-MAIL>
      <HEAROT xmlns:p3="http://www.w3.org/2001/XMLSchema-instance" p3:nil="true" />
    </IshKesherYeshutYatzran>
    <YeshutMetafel>
      <KOD-MEZAHE-METAFEL>520019688</KOD-MEZAHE-METAFEL>
      <SHEM-METAFEL>מבטחים מוסד לביטוח סוציאלי של העובדים</SHEM-METAFEL>
      <IshKesherYeshutMetafel>
        <SHEM-PRATI>שירות לקוחות</SHEM-PRATI>
        <SHEM-MISHPACHA>עמיתים</SHEM-MISHPACHA>
        <ERETZ>ישראל</ERETZ>
        <SHEM-YISHUV>תל-אביב</SHEM-YISHUV>
        <SEMEL-YESHUV>5000</SEMEL-YESHUV>
        <SHEM-RECHOV xmlns:p3="http://www.w3.org/2001/XMLSchema-instance" p3:nil="true" />
        <MISPAR-BAIT xmlns:p3="http://www.w3.org/2001/XMLSchema-instance" p3:nil="true" />
        <MISPAR-KNISA xmlns:p3="http://www.w3.org/2001/XMLSchema-instance" p3:nil="true" />
        <MISPAR-DIRA xmlns:p3="http://www.w3.org/2001/XMLSchema-instance" p3:nil="true" />
        <MIKUD>6107201</MIKUD>
        <TA-DOAR>7280</TA-DOAR>
        <MISPAR-TELEPHONE-KAVI>12226667</MISPAR-TELEPHONE-KAVI>
        <MISPAR-SHLUCHA xmlns:p3="http://www.w3.org/2001/XMLSchema-instance" p3:nil="true" />
        <MISPAR-CELLULARI>*6667</MISPAR-CELLULARI>
        <MISPAR-FAX>03-7602227</MISPAR-FAX>
        <E-MAIL>pniot@amitim.com</E-MAIL>
        <HEAROT xmlns:p3="http://www.w3.org/2001/XMLSchema-instance" p3:nil="true" />
      </IshKesherYeshutMetafel>
    </YeshutMetafel>
    <Mutzarim>
      <Mutzar>
        <YeshutNimaansofi>
          <KOD-NIMAAN xmlns:p3="http://www.w3.org/2001/XMLSchema-instance" p3:nil="true" />
          <SUG-MEZAHE-NIMAAN xmlns:p3="http://www.w3.org/2001/XMLSchema-instance" p3:nil="true" />
          <MISPAR-ZIHUI-NIMAAN xmlns:p3="http://www.w3.org/2001/XMLSchema-instance" p3:nil="true" />
          <MISPAR-ZIHUI-ETZEL-YATZRAN-NIMAAN xmlns:p3="http://www.w3.org/2001/XMLSchema-instance" p3:nil="true" />
        </YeshutNimaansofi>
        <NetuneiMutzar>
          <KOD-MEZAHE-YATZRAN>520019688</KOD-MEZAHE-YATZRAN>
          <KOD-MEZAHE-METAFEL>520019688</KOD-MEZAHE-METAFEL>
          <SUG-MUTZAR>2</SUG-MUTZAR>
          <SHEM-KOVETZ-MEKORI xmlns:p3="http://www.w3.org/2001/XMLSchema-instance" p3:nil="true" />
          <MISPAR-SHURA-MEKORI xmlns:p3="http://www.w3.org/2001/XMLSchema-instance" p3:nil="true" />
          <RESERVA-MISLAKA xmlns:p3="http://www.w3.org/2001/XMLSchema-instance" p3:nil="true" />
          <MISPAR-MISLAKA>12652F2A-8951-4457-A522-B6410E87FA0D</MISPAR-MISLAKA>
          <STATUS-RESHOMA>1</STATUS-RESHOMA>
          <MISPAR-SHORA xmlns:p3="http://www.w3.org/2001/XMLSchema-instance" p3:nil="true" />
          <TOTAL-ZEHUT-PER-MONTH xmlns:p3="http://www.w3.org/2001/XMLSchema-instance" p3:nil="true" />
          <TOTAL-MUTZARIM-PER-MONTH xmlns:p3="http://www.w3.org/2001/XMLSchema-instance" p3:nil="true" />
          <YeshutMaasik>
            <MPR-MAASIK-BE-YATZRAN>100276510</MPR-MAASIK-BE-YATZRAN>
            <SUG-MEZAHE-MAASIK>1</SUG-MEZAHE-MAASIK>
            <MISPAR-MEZAHE-MAASIK>510487986</MISPAR-MEZAHE-MAASIK>
            <MISPAR-TIK-NIKUIIM xmlns:p4="http://www.w3.org/2001/XMLSchema-instance" p4:nil="true" />
            <SHEM-MAASIK>אלת"א</SHEM-MAASIK>
            <ERETZ>ישראל</ERETZ>
            <SHEM-YISHUV>אשדוד</SHEM-YISHUV>
            <SEMEL-YESHUV>70</SEMEL-YESHUV>
            <SHEM-RECHOV>אלת"א אשדוד</SHEM-RECHOV>
            <MISPAR-BAIT>-</MISPAR-BAIT>
            <MISPAR-KNISA xmlns:p4="http://www.w3.org/2001/XMLSchema-instance" p4:nil="true" />
            <MISPAR-DIRA xmlns:p4="http://www.w3.org/2001/XMLSchema-instance" p4:nil="true" />
            <MIKUD>7710202</MIKUD>
            <TA-DOAR>330</TA-DOAR>
            <MISPAR-TELEPHONE-KAVI>08-8572600 </MISPAR-TELEPHONE-KAVI>
            <MISPAR-SHLUCHA xmlns:p4="http://www.w3.org/2001/XMLSchema-instance" p4:nil="true" />
            <MISPAR-CELLULARI xmlns:p4="http://www.w3.org/2001/XMLSchema-instance" p4:nil="true" />
            <MISPAR-FAX xmlns:p4="http://www.w3.org/2001/XMLSchema-instance" p4:nil="true" />
            <E-MAIL xmlns:p4="http://www.w3.org/2001/XMLSchema-instance" p4:nil="true" />
            <HEAROT xmlns:p4="http://www.w3.org/2001/XMLSchema-instance" p4:nil="true" />
          </YeshutMaasik>
          <YeshutLakoach>
            <SUG-MEZAHE-LAKOACH>1</SUG-MEZAHE-LAKOACH>
            <MISPAR-ZIHUY-LAKOACH>0000000058074600</MISPAR-ZIHUY-LAKOACH>
            <SHEM-PRATI>רפאל</SHEM-PRATI>
            <SHEM-MISHPACHA-KODEM xmlns:p4="http://www.w3.org/2001/XMLSchema-instance" p4:nil="true" />
            <SHEM-MISHPACHA>נאמן</SHEM-MISHPACHA>
            <MIN>1</MIN>
            <TAARICH-LEYDA>19631001</TAARICH-LEYDA>
            <PTIRA>2</PTIRA>
            <TAARICH-PTIRA xmlns:p4="http://www.w3.org/2001/XMLSchema-instance" p4:nil="true" />
            <MATZAV-MISHPACHTI>2</MATZAV-MISHPACHTI>
            <ERETZ>ישראל</ERETZ>
            <SHEM-YISHUV>מודיעין עילית</SHEM-YISHUV>
            <SEMEL-YESHUV>3797</SEMEL-YESHUV>
            <SHEM-RECHOV>אור החיים</SHEM-RECHOV>
            <MISPAR-BAIT>21/4</MISPAR-BAIT>
            <MISPAR-KNISA xmlns:p4="http://www.w3.org/2001/XMLSchema-instance" p4:nil="true" />
            <MISPAR-DIRA xmlns:p4="http://www.w3.org/2001/XMLSchema-instance" p4:nil="true" />
            <MIKUD>7181921</MIKUD>
            <TA-DOAR xmlns:p4="http://www.w3.org/2001/XMLSchema-instance" p4:nil="true" />
            <MISPAR-TELEPHONE-KAVI xmlns:p4="http://www.w3.org/2001/XMLSchema-instance" p4:nil="true" />
            <MISPAR-SHLUCHA xmlns:p4="http://www.w3.org/2001/XMLSchema-instance" p4:nil="true" />
            <MISPAR-CELLULARI xmlns:p4="http://www.w3.org/2001/XMLSchema-instance" p4:nil="true" />
            <MISPAR-FAX xmlns:p4="http://www.w3.org/2001/XMLSchema-instance" p4:nil="true" />
            <E-MAIL xmlns:p4="http://www.w3.org/2001/XMLSchema-instance" p4:nil="true" />
            <HEAROT xmlns:p4="http://www.w3.org/2001/XMLSchema-instance" p4:nil="true" />
            <MISPAR-YELADIM>0</MISPAR-YELADIM>
          </YeshutLakoach>
        </NetuneiMutzar>
        <HeshbonotOPolisot>
          <HeshbonOPolisa>
            <ASMACHTA-MEKORIT>1</ASMACHTA-MEKORIT>
            <MISPAR-POLISA-O-HESHBON>058074600</MISPAR-POLISA-O-HESHBON>
            <SHEM-TOCHNIT>מקיפה</SHEM-TOCHNIT>
            <KIDOD-ACHID>520019688000000000003160000000</KIDOD-ACHID>
            <MPR-MEFITZ-BE-YATZRAN>לא קיים</MPR-MEFITZ-BE-YATZRAN>
            <TAARICH-NECHONUT>20200531</TAARICH-NECHONUT>
            <TAARICH-HITZTARFUT-MUTZAR>19900901</TAARICH-HITZTARFUT-MUTZAR>
            <TAARICH-HITZTARFUT-RISHON>19900901</TAARICH-HITZTARFUT-RISHON>
            <SUG-KEREN-PENSIA>2</SUG-KEREN-PENSIA>
            <PENSIA-VATIKA-O-HADASHA>1</PENSIA-VATIKA-O-HADASHA>
            <TAARICH-IDKUN-STATUS>19920201</TAARICH-IDKUN-STATUS>
            <STATUS-POLISA-O-CHESHBON>2</STATUS-POLISA-O-CHESHBON>
            <TAARICH-TCHILA-RISK-ZMANI xmlns:p4="http://www.w3.org/2001/XMLSchema-instance" p4:nil="true" />
            <TOM-TOKEF-RISK-ZMANI xmlns:p4="http://www.w3.org/2001/XMLSchema-instance" p4:nil="true" />
            <SUG-POLISA xmlns:p4="http://www.w3.org/2001/XMLSchema-instance" p4:nil="true" />
            <SUG-TOCHNIT-O-CHESHBON>1</SUG-TOCHNIT-O-CHESHBON>
            <MADAD-BASIS xmlns:p4="http://www.w3.org/2001/XMLSchema-instance" p4:nil="true" />
            <AZMADA-LEALVAHA xmlns:p4="http://www.w3.org/2001/XMLSchema-instance" p4:nil="true" />
            <TAARICH-ACHRON-MOTAV-MUVET xmlns:p4="http://www.w3.org/2001/XMLSchema-instance" p4:nil="true" />
            <KOLEL-ZAKAUT-AGACH>1</KOLEL-ZAKAUT-AGACH>
            <SHIOR-AGACH-MEUADOT>30.00</SHIOR-AGACH-MEUADOT>
            <AVTACHT-TESOA>2</AVTACHT-TESOA>
            <TAARICH-CIUM-AVTACHT-TESOA xmlns:p4="http://www.w3.org/2001/XMLSchema-instance" p4:nil="true" />
            <MISPAR-GIMLAOT xmlns:p4="http://www.w3.org/2001/XMLSchema-instance" p4:nil="true" />
            <TIKUN-190 xmlns:p4="http://www.w3.org/2001/XMLSchema-instance" p4:nil="true" />
            <KAYAM-KISUY-HIZONI xmlns:p4="http://www.w3.org/2001/XMLSchema-instance" p4:nil="true" />
            <KISUY-ISHY-KVOZATI xmlns:p4="http://www.w3.org/2001/XMLSchema-instance" p4:nil="true" />
            <KtovetLemishloach>
              <ERETZ>ישראל</ERETZ>
              <SHEM-YISHUV>מודיעין עילית</SHEM-YISHUV>
              <SEMEL-YESHUV>3797</SEMEL-YESHUV>
              <SHEM-RECHOV>אור החיים</SHEM-RECHOV>
              <MISPAR-BAIT>21/4</MISPAR-BAIT>
              <MISPAR-KNISA xmlns:p5="http://www.w3.org/2001/XMLSchema-instance" p5:nil="true" />
              <MISPAR-DIRA xmlns:p5="http://www.w3.org/2001/XMLSchema-instance" p5:nil="true" />
              <MIKUD>7181921</MIKUD>
              <TA-DOAR xmlns:p5="http://www.w3.org/2001/XMLSchema-instance" p5:nil="true" />
            </KtovetLemishloach>
            <NetuneiAmitOmevutach>
              <KOD-ZIHUY-LAKOACH>1</KOD-ZIHUY-LAKOACH>
              <MISPAR-ZIHUY>0000000058074600</MISPAR-ZIHUY>
            </NetuneiAmitOmevutach>
            <NetuneiSheerim>
              <Sheer>
                <SUG-ZIKA xmlns:p6="http://www.w3.org/2001/XMLSchema-instance" p6:nil="true" />
                <KOD-ZIHUI-SHEERIM xmlns:p6="http://www.w3.org/2001/XMLSchema-instance" p6:nil="true" />
                <MISPAR-ZIHUY-SHEERIM xmlns:p6="http://www.w3.org/2001/XMLSchema-instance" p6:nil="true" />
                <SHEM-PRATI-SHEERIM xmlns:p6="http://www.w3.org/2001/XMLSchema-instance" p6:nil="true" />
                <SHEM-MISHPACHA-SHEERIM xmlns:p6="http://www.w3.org/2001/XMLSchema-instance" p6:nil="true" />
                <SHEM-MISHPAHA-KODEM xmlns:p6="http://www.w3.org/2001/XMLSchema-instance" p6:nil="true" />
                <TAARICH-LEIDA xmlns:p6="http://www.w3.org/2001/XMLSchema-instance" p6:nil="true" />
              </Sheer>
            </NetuneiSheerim>
            <PerutShiabudIkul>
              <HUTAL-SHIABUD>2</HUTAL-SHIABUD>
              <HUTAL-IKUL>3</HUTAL-IKUL>
            </PerutShiabudIkul>
            <Halvaa>
              <YESH-HALVAA-BAMUTZAR>2</YESH-HALVAA-BAMUTZAR>
              <RAMAT-HALVAA xmlns:p5="http://www.w3.org/2001/XMLSchema-instance" p5:nil="true" />
              <MISDAR-SIDURI-SHEL-HAHALVAA xmlns:p5="http://www.w3.org/2001/XMLSchema-instance" p5:nil="true" />
              <SCHUM-HALVAA xmlns:p5="http://www.w3.org/2001/XMLSchema-instance" p5:nil="true" />
              <TAARICH-KABALAT-HALVAA xmlns:p5="http://www.w3.org/2001/XMLSchema-instance" p5:nil="true" />
              <TAARICH-SIYUM-HALVAA xmlns:p5="http://www.w3.org/2001/XMLSchema-instance" p5:nil="true" />
              <YITRAT-HALVAA xmlns:p5="http://www.w3.org/2001/XMLSchema-instance" p5:nil="true" />
              <TKUFAT-HALVAA xmlns:p5="http://www.w3.org/2001/XMLSchema-instance" p5:nil="true" />
              <RIBIT xmlns:p5="http://www.w3.org/2001/XMLSchema-instance" p5:nil="true" />
              <SUG-RIBIT xmlns:p5="http://www.w3.org/2001/XMLSchema-instance" p5:nil="true" />
              <SUG-HATZNMADA xmlns:p5="http://www.w3.org/2001/XMLSchema-instance" p5:nil="true" />
              <TADIRUT-HECHZER-HALVAA xmlns:p5="http://www.w3.org/2001/XMLSchema-instance" p5:nil="true" />
              <SUG-HECHZER xmlns:p5="http://www.w3.org/2001/XMLSchema-instance" p5:nil="true" />
              <SCHUM-HECHZER-TKUFATI xmlns:p5="http://www.w3.org/2001/XMLSchema-instance" p5:nil="true" />
            </Halvaa>
            <PirteyTvia>
              <YESH-TVIA>2</YESH-TVIA>
              <MISPAR-TVIA-BE-YATZRAN xmlns:p5="http://www.w3.org/2001/XMLSchema-instance" p5:nil="true" />
              <MISPAR-KISUI-BE-YATZRAN xmlns:p5="http://www.w3.org/2001/XMLSchema-instance" p5:nil="true" />
              <SHEM-KISUI-BE-YATZRAN xmlns:p5="http://www.w3.org/2001/XMLSchema-instance" p5:nil="true" />
              <SUG-HATVIAA xmlns:p5="http://www.w3.org/2001/XMLSchema-instance" p5:nil="true" />
              <OFEN-TASHLUM xmlns:p5="http://www.w3.org/2001/XMLSchema-instance" p5:nil="true" />
              <KOD-STATUS-TVIAA xmlns:p5="http://www.w3.org/2001/XMLSchema-instance" p5:nil="true" />
              <TAARICH-STATUS-TVIA xmlns:p5="http://www.w3.org/2001/XMLSchema-instance" p5:nil="true" />
              <TAARICH-TECHILAT-TASHLUM xmlns:p5="http://www.w3.org/2001/XMLSchema-instance" p5:nil="true" />
              <ACHUZ-MEUSHAR-O-K-A-SHICHRUR xmlns:p5="http://www.w3.org/2001/XMLSchema-instance" p5:nil="true" />
              <SCHUM-TVIA-MEUSHAR xmlns:p5="http://www.w3.org/2001/XMLSchema-instance" p5:nil="true" />
              <ACHUZ-NECHUT xmlns:p5="http://www.w3.org/2001/XMLSchema-instance" p5:nil="true" />
            </PirteyTvia>
            <YitraLefiGilPrisha>
              <GIL-PRISHA>67.00</GIL-PRISHA>
              <TOTAL-CHISACHON-MITZTABER-TZAFUY xmlns:p5="http://www.w3.org/2001/XMLSchema-instance" p5:nil="true" />
              <TZVIRAT-CHISACHON-CHAZUYA-LELO-PREMIYOT xmlns:p5="http://www.w3.org/2001/XMLSchema-instance" p5:nil="true" />
              <MEKADEM-MOVTACH-LEPRISHA xmlns:p5="http://www.w3.org/2001/XMLSchema-instance" p5:nil="true" />
              <MEKADEM-HAVTACHST-TOCHELET xmlns:p5="http://www.w3.org/2001/XMLSchema-instance" p5:nil="true" />
              <MEKADEM-HAVTACHST-TOCHELETPRISHA xmlns:p5="http://www.w3.org/2001/XMLSchema-instance" p5:nil="true" />
              <SHEM-MASLOL xmlns:p5="http://www.w3.org/2001/XMLSchema-instance" p5:nil="true" />
              <MEKADEM-HAVTACHAT-TSUA xmlns:p5="http://www.w3.org/2001/XMLSchema-instance" p5:nil="true" />
              <MEKADEM-HAVTACHAT-TSUATKUFA xmlns:p5="http://www.w3.org/2001/XMLSchema-instance" p5:nil="true" />
              <TKUFAT-HAGBALA-BESHANIM xmlns:p5="http://www.w3.org/2001/XMLSchema-instance" p5:nil="true" />
              <TOCHELET-MASHPIA-KITZBA xmlns:p5="http://www.w3.org/2001/XMLSchema-instance" p5:nil="true" />
              <TSUA-MASHPIA-KITZBA xmlns:p5="http://www.w3.org/2001/XMLSchema-instance" p5:nil="true" />
              <SHEUR-PNS-ZIKNA-TZFUYA>2.33</SHEUR-PNS-ZIKNA-TZFUYA>
              <Kupot>
                <Kupa>
                  <SUG-KUPA>1</SUG-KUPA>
                  <SCHUM-KITZVAT-ZIKNA xmlns:p7="http://www.w3.org/2001/XMLSchema-instance" p7:nil="true" />
                  <KITZVAT-HODSHIT-TZFUYA>0.00</KITZVAT-HODSHIT-TZFUYA>
                  <ACHUZ-TSUA-BATACHAZIT xmlns:p7="http://www.w3.org/2001/XMLSchema-instance" p7:nil="true" />
                  <TOTAL-ITRA-TZFUYA-MECHUSHAV-LEHON-IM-PREMIOT xmlns:p7="http://www.w3.org/2001/XMLSchema-instance" p7:nil="true" />
                  <TZVIRAT-CHISACHON-TZFUYA-LEHON-LELO-PREMIYOT xmlns:p7="http://www.w3.org/2001/XMLSchema-instance" p7:nil="true" />
                  <TOTAL-SCHUM-MTZBR-TZAFUY-LEGIL-PRISHA-MECHUSHAV-LEKITZBA-IM-PREMIYOT xmlns:p7="http://www.w3.org/2001/XMLSchema-instance" p7:nil="true" />
                  <TOTAL-SCHUM-MITZVTABER-TZFUY-LEGIL-PRISHA-MECHUSHAV-HAMEYOAD-LEKITZBA-LELO-PREMIYOT>13825.27</TOTAL-SCHUM-MITZVTABER-TZFUY-LEGIL-PRISHA-MECHUSHAV-HAMEYOAD-LEKITZBA-LELO-PREMIYOT>
                </Kupa>
              </Kupot>
            </YitraLefiGilPrisha>
            <Tsua>
              <SHEUR-TSUA-NETO xmlns:p5="http://www.w3.org/2001/XMLSchema-instance" p5:nil="true" />
              <SHEUR-TSUA-BRUTO-CHS-1 xmlns:p5="http://www.w3.org/2001/XMLSchema-instance" p5:nil="true" />
              <SHEUR-TSUA-MOVTACHAT-MEYOADOT xmlns:p5="http://www.w3.org/2001/XMLSchema-instance" p5:nil="true" />
              <REVACH-HEFSED-BENIKOI-HOZAHOT xmlns:p5="http://www.w3.org/2001/XMLSchema-instance" p5:nil="true" />
              <SIMAN-REVACH-HEFSED xmlns:p5="http://www.w3.org/2001/XMLSchema-instance" p5:nil="true" />
              <ACHUZ-TSUA-BRUTO-CHS-2 xmlns:p5="http://www.w3.org/2001/XMLSchema-instance" p5:nil="true" />
            </Tsua>
            <PirteiTaktziv>
              <PirteiOved>
                <SUG-TOCHNIT-O-CHESHBON>1</SUG-TOCHNIT-O-CHESHBON>
                <MPR-MAASIK-BE-YATZRAN>100276510</MPR-MAASIK-BE-YATZRAN>
                <STATUS-MAASIK>2</STATUS-MAASIK>
                <SUG-BAAL-HAPOLISA-SHE-EINO-HAMEVUTACH xmlns:p6="http://www.w3.org/2001/XMLSchema-instance" p6:nil="true" />
                <MISPAR-BAAL-POLISA-SHEEINO-MEVUTAH xmlns:p6="http://www.w3.org/2001/XMLSchema-instance" p6:nil="true" />
                <SHEM-BAAL-POLISA-SHEEINO-MEVUTAH xmlns:p6="http://www.w3.org/2001/XMLSchema-instance" p6:nil="true" />
              </PirteiOved>
              <PirteiHaasaka>
                <KOD-CHISHUV-SACHAR-POLISA-O-HESHBON>5</KOD-CHISHUV-SACHAR-POLISA-O-HESHBON>
                <SACHAR-POLISA>0</SACHAR-POLISA>
                <KOD-OFEN-HATZMADA>1</KOD-OFEN-HATZMADA>
                <TAARICH-MASKORET>19911001</TAARICH-MASKORET>
                <ZAKAUT-LELO-TNAI xmlns:p6="http://www.w3.org/2001/XMLSchema-instance" p6:nil="true" />
                <SEIF-14>3</SEIF-14>
                <TAARICH-TCHILAT-TASHLUM>19900901</TAARICH-TCHILAT-TASHLUM>
              </PirteiHaasaka>
              <PerutHafrashotLePolisa>
                <SUG-HAMAFKID>2</SUG-HAMAFKID>
                <SUG-HAFRASHA>1</SUG-HAFRASHA>
                <ACHUZ-HAFRASHA>0</ACHUZ-HAFRASHA>
                <SCHUM-HAFRASHA>0</SCHUM-HAFRASHA>
                <TAARICH-MADAD>19900901</TAARICH-MADAD>
              </PerutHafrashotLePolisa>
              <PerutHafrashotLePolisa>
                <SUG-HAMAFKID>2</SUG-HAMAFKID>
                <SUG-HAFRASHA>2</SUG-HAFRASHA>
                <ACHUZ-HAFRASHA>0</ACHUZ-HAFRASHA>
                <SCHUM-HAFRASHA>0</SCHUM-HAFRASHA>
                <TAARICH-MADAD>19900901</TAARICH-MADAD>
              </PerutHafrashotLePolisa>
              <PerutHafrashotLePolisa>
                <SUG-HAMAFKID>2</SUG-HAMAFKID>
                <SUG-HAFRASHA>3</SUG-HAFRASHA>
                <ACHUZ-HAFRASHA>0</ACHUZ-HAFRASHA>
                <SCHUM-HAFRASHA>0</SCHUM-HAFRASHA>
                <TAARICH-MADAD>19900901</TAARICH-MADAD>
              </PerutHafrashotLePolisa>
              <PerutMasluleiHashkaa>
                <KOD-SUG-MASLUL xmlns:p6="http://www.w3.org/2001/XMLSchema-instance" p6:nil="true" />
                <KOD-SUG-HAFRASHA xmlns:p6="http://www.w3.org/2001/XMLSchema-instance" p6:nil="true" />
                <ACHUZ-HAFKADA-LEHASHKAA xmlns:p6="http://www.w3.org/2001/XMLSchema-instance" p6:nil="true" />
                <SCHUM-TZVIRA-BAMASLUL xmlns:p6="http://www.w3.org/2001/XMLSchema-instance" p6:nil="true" />
                <SHEM-MASLUL-HASHKAA xmlns:p6="http://www.w3.org/2001/XMLSchema-instance" p6:nil="true" />
                <SHEUR-DMEI-NIHUL-HAFKADA xmlns:p6="http://www.w3.org/2001/XMLSchema-instance" p6:nil="true" />
                <SHEUR-DMEI-NIHUL-HISACHON xmlns:p6="http://www.w3.org/2001/XMLSchema-instance" p6:nil="true" />
                <SHEUR-DMEI-NIHUL-HAFKADA-MIVNE xmlns:p6="http://www.w3.org/2001/XMLSchema-instance" p6:nil="true" />
                <SHEUR-DMEI-NIHUL-HISACHON-MIVNE xmlns:p6="http://www.w3.org/2001/XMLSchema-instance" p6:nil="true" />
                <DMEI-NIHUL-ACHERIM xmlns:p6="http://www.w3.org/2001/XMLSchema-instance" p6:nil="true" />
                <TSUA-NETO xmlns:p6="http://www.w3.org/2001/XMLSchema-instance" p6:nil="true" />
                <KOD-MASLUL-HASHKAA xmlns:p6="http://www.w3.org/2001/XMLSchema-instance" p6:nil="true" />
              </PerutMasluleiHashkaa>
              <NetuneiGvia>
                <SHEM-MESHALEM>אלת"א</SHEM-MESHALEM>
                <SUG-TEUDA-MESHALEM>7</SUG-TEUDA-MESHALEM>
                <MISPAR-ZIHUY-MESHALEM>100276510</MISPAR-ZIHUY-MESHALEM>
                <KOD-EMTZAEI-TASHLUM>5</KOD-EMTZAEI-TASHLUM>
                <TADIRUT-TASHLUM>4</TADIRUT-TASHLUM>
                <CHODESH-YECHUS>1</CHODESH-YECHUS>
                <YOM-GVIYA-BECHODESH>15</YOM-GVIYA-BECHODESH>
                <OFEN-HATZMADAT-GVIA>1</OFEN-HATZMADAT-GVIA>
                <ACHUZ-TAT-SHNATIYOT xmlns:p6="http://www.w3.org/2001/XMLSchema-instance" p6:nil="true" />
              </NetuneiGvia>
              <PirteiHafkadaAchrona>
                <PerutPirteiHafkadaAchrona>
                  <TAARICH-HAFKADA-ACHARON>202005</TAARICH-HAFKADA-ACHARON>
                  <TOTAL-HAFKADA>0.00</TOTAL-HAFKADA>
                  <HAFKADA-LEHISCHON-A xmlns:p7="http://www.w3.org/2001/XMLSchema-instance" p7:nil="true" />
                  <HAFKADA-LEHISCHON-B xmlns:p7="http://www.w3.org/2001/XMLSchema-instance" p7:nil="true" />
                  <TAARICH-ERECH-HAFKADA>0</TAARICH-ERECH-HAFKADA>
                  <SUG-HAFKADA>1</SUG-HAFKADA>
                  <TOTAL-HAFKADA-ACHRONA>0.00</TOTAL-HAFKADA-ACHRONA>
                  <PerutHafkadaAchrona>
                    <KOD-SUG-HAFKADA>2</KOD-SUG-HAFKADA>
                    <SUG-HAFRASHA>1</SUG-HAFRASHA>
                    <SUG-MAFKID>3</SUG-MAFKID>
                    <SACHAR-BERAMAT-HAFKADA>0.00</SACHAR-BERAMAT-HAFKADA>
                    <SCHUM-HAFKADA-SHESHULAM>0.00</SCHUM-HAFKADA-SHESHULAM>
                    <CHODESH-SACHAR>202005</CHODESH-SACHAR>
                  </PerutHafkadaAchrona>
                  <PerutHafkadaAchrona>
                    <KOD-SUG-HAFKADA>2</KOD-SUG-HAFKADA>
                    <SUG-HAFRASHA>2</SUG-HAFRASHA>
                    <SUG-MAFKID>3</SUG-MAFKID>
                    <SACHAR-BERAMAT-HAFKADA>0.00</SACHAR-BERAMAT-HAFKADA>
                    <SCHUM-HAFKADA-SHESHULAM>0.00</SCHUM-HAFKADA-SHESHULAM>
                    <CHODESH-SACHAR>202005</CHODESH-SACHAR>
                  </PerutHafkadaAchrona>
                  <PerutHafkadaAchrona>
                    <KOD-SUG-HAFKADA>2</KOD-SUG-HAFKADA>
                    <SUG-HAFRASHA>3</SUG-HAFRASHA>
                    <SUG-MAFKID>3</SUG-MAFKID>
                    <SACHAR-BERAMAT-HAFKADA>0.00</SACHAR-BERAMAT-HAFKADA>
                    <SCHUM-HAFKADA-SHESHULAM>0.00</SCHUM-HAFKADA-SHESHULAM>
                    <CHODESH-SACHAR>202005</CHODESH-SACHAR>
                  </PerutHafkadaAchrona>
                </PerutPirteiHafkadaAchrona>
              </PirteiHafkadaAchrona>
              <HafkadotShnatiyot>
                <TOTAL-HAFKADOT-OVED-TAGMULIM-SHANA-NOCHECHIT xmlns:p6="http://www.w3.org/2001/XMLSchema-instance" p6:nil="true" />
                <TOTAL-HAFKADOT-MAAVID-TAGMULIM-SHANA-NOCHECHIT xmlns:p6="http://www.w3.org/2001/XMLSchema-instance" p6:nil="true" />
                <TOTAL-HAFKADOT-PITZUIM-SHANA-NOCHECHIT xmlns:p6="http://www.w3.org/2001/XMLSchema-instance" p6:nil="true" />
              </HafkadotShnatiyot>
              <MeshichaNiud>
                <KOD-SUG-PEULA xmlns:p6="http://www.w3.org/2001/XMLSchema-instance" p6:nil="true" />
                <RACHIV-NIMSHACH-NUYAD xmlns:p6="http://www.w3.org/2001/XMLSchema-instance" p6:nil="true" />
                <SCHOOM-MESHICHA-NIUD xmlns:p6="http://www.w3.org/2001/XMLSchema-instance" p6:nil="true" />
                <TAARICH-BIZOA xmlns:p6="http://www.w3.org/2001/XMLSchema-instance" p6:nil="true" />
                <TAARICH-ERECH xmlns:p6="http://www.w3.org/2001/XMLSchema-instance" p6:nil="true" />
                <KNAS-MESHICHA-NIUD xmlns:p6="http://www.w3.org/2001/XMLSchema-instance" p6:nil="true" />
              </MeshichaNiud>
              <ChovotPigurim>
                <ChovPigur>
                  <KAYAM-CHOV-O-PIGUR>2</KAYAM-CHOV-O-PIGUR>
                  <TAARICH-TECHILAT-PIGUR xmlns:p7="http://www.w3.org/2001/XMLSchema-instance" p7:nil="true" />
                  <TAARICH-TECHILAT-PIGUR-NOCHECHI xmlns:p7="http://www.w3.org/2001/XMLSchema-instance" p7:nil="true" />
                  <MISPAR-CHODSHEI-PIGUR xmlns:p7="http://www.w3.org/2001/XMLSchema-instance" p7:nil="true" />
                  <SUG-HOV xmlns:p7="http://www.w3.org/2001/XMLSchema-instance" p7:nil="true" />
                  <TOTAL-CHOVOT-O-PIGURIM xmlns:p7="http://www.w3.org/2001/XMLSchema-instance" p7:nil="true" />
                  <KSAFIM-LO-MESHUYACHIM-MAASIK xmlns:p7="http://www.w3.org/2001/XMLSchema-instance" p7:nil="true" />
                </ChovPigur>
              </ChovotPigurim>
              <PerutHotzaot>
                <HotzaotBafoalLehodeshDivoach>
                  <SHEUR-DMEI-NIHUL-HAFKADA xmlns:p7="http://www.w3.org/2001/XMLSchema-instance" p7:nil="true" />
                  <TOTAL-DMEI-NIHUL-HAFKADA xmlns:p7="http://www.w3.org/2001/XMLSchema-instance" p7:nil="true" />
                  <SHEUR-DMEI-NIHUL-TZVIRA xmlns:p7="http://www.w3.org/2001/XMLSchema-instance" p7:nil="true" />
                  <TOTAL-DMEI-NIHUL-TZVIRA xmlns:p7="http://www.w3.org/2001/XMLSchema-instance" p7:nil="true" />
                  <SACH-DMEI-NIHUL-ACHERIM xmlns:p7="http://www.w3.org/2001/XMLSchema-instance" p7:nil="true" />
                  <HOTZOT-NIHUL-ASHKAOT xmlns:p7="http://www.w3.org/2001/XMLSchema-instance" p7:nil="true" />
                  <TOTAL-DMEI-NIHUL-POLISA-O-HESHBON xmlns:p7="http://www.w3.org/2001/XMLSchema-instance" p7:nil="true" />
                  <DEMI-AAVARAT-MASLOL xmlns:p7="http://www.w3.org/2001/XMLSchema-instance" p7:nil="true" />
                  <DMEI-NIUL-MENAEL-TIKIM xmlns:p7="http://www.w3.org/2001/XMLSchema-instance" p7:nil="true" />
                  <OFEN-GEVIAT-DMEI-BITUACH xmlns:p7="http://www.w3.org/2001/XMLSchema-instance" p7:nil="true" />
                  <SACH-DMEI-BITUAH-SHENIGBOO xmlns:p7="http://www.w3.org/2001/XMLSchema-instance" p7:nil="true" />
                </HotzaotBafoalLehodeshDivoach>
                <MivneDmeiNihul>
                  <PerutMivneDmeiNihul>
                    <GOVA-DMEI-NIHUL-NIKBA-AL-PI-HOTZAOT-BAPOAL>1</GOVA-DMEI-NIHUL-NIKBA-AL-PI-HOTZAOT-BAPOAL>
                    <SUG-HOTZAA xmlns:p8="http://www.w3.org/2001/XMLSchema-instance" p8:nil="true" />
                    <KOD-MASLUL-DMEI-NIHUL xmlns:p8="http://www.w3.org/2001/XMLSchema-instance" p8:nil="true" />
                    <MEAFYENEI-MASLUL-DMEI-NIHUL xmlns:p8="http://www.w3.org/2001/XMLSchema-instance" p8:nil="true" />
                    <SHEUR-DMEI-NIHUL xmlns:p8="http://www.w3.org/2001/XMLSchema-instance" p8:nil="true" />
                    <TAARICH-IDKUN-SHEUR-DNHL xmlns:p8="http://www.w3.org/2001/XMLSchema-instance" p8:nil="true" />
                    <DMEI-NIHUL-ACHIDIM xmlns:p8="http://www.w3.org/2001/XMLSchema-instance" p8:nil="true" />
                    <KOD-MASLUL-HASHKAA-BAAL-DMEI-NIHUL-YECHUDIIM xmlns:p8="http://www.w3.org/2001/XMLSchema-instance" p8:nil="true" />
                    <OFEN-HAFRASHA xmlns:p8="http://www.w3.org/2001/XMLSchema-instance" p8:nil="true" />
                    <SCHUM-MAX-DNHL-HAFKADA xmlns:p8="http://www.w3.org/2001/XMLSchema-instance" p8:nil="true" />
                    <SACH-DMEI-NIHUL-MASLUL xmlns:p8="http://www.w3.org/2001/XMLSchema-instance" p8:nil="true" />
                    <DMEI-NIHUL-ACHERIM xmlns:p8="http://www.w3.org/2001/XMLSchema-instance" p8:nil="true" />
                    <KENAS-MESHICHAT-KESAFIM xmlns:p8="http://www.w3.org/2001/XMLSchema-instance" p8:nil="true" />
                    <KAYEMET-HATAVA xmlns:p8="http://www.w3.org/2001/XMLSchema-instance" p8:nil="true" />
                    <SUG-HATAVA xmlns:p8="http://www.w3.org/2001/XMLSchema-instance" p8:nil="true" />
                    <ACHOZ-HATAVA xmlns:p8="http://www.w3.org/2001/XMLSchema-instance" p8:nil="true" />
                    <TAARICH-SIUM-HATAVA xmlns:p8="http://www.w3.org/2001/XMLSchema-instance" p8:nil="true" />
                  </PerutMivneDmeiNihul>
                </MivneDmeiNihul>
              </PerutHotzaot>
              <PerutYitrotLesofShanaKodemet>
                <YITRAT-SOF-SHANA xmlns:p6="http://www.w3.org/2001/XMLSchema-instance" p6:nil="true" />
                <ERECH-PIDYON-SOF-SHANA xmlns:p6="http://www.w3.org/2001/XMLSchema-instance" p6:nil="true" />
                <ERECH-MESOLAK-SOF-SHANA xmlns:p6="http://www.w3.org/2001/XMLSchema-instance" p6:nil="true" />
                <YISKON-YITRAT-KESAFIM xmlns:p6="http://www.w3.org/2001/XMLSchema-instance" p6:nil="true" />
              </PerutYitrotLesofShanaKodemet>
              <BlockItrot>
                <Yitrot>
                  <TAARICH-ERECH-TZVIROT>20200531</TAARICH-ERECH-TZVIROT>
                  <PerutYitrot>
                    <KOD-SUG-ITRA>2</KOD-SUG-ITRA>
                    <KOD-SUG-HAFRASHA>1</KOD-SUG-HAFRASHA>
                    <TOTAL-CHISACHON-MTZBR>4652.55</TOTAL-CHISACHON-MTZBR>
                    <TOTAL-ERKEI-PIDION>4652.55</TOTAL-ERKEI-PIDION>
                  </PerutYitrot>
                  <PerutYitrot>
                    <KOD-SUG-ITRA>2</KOD-SUG-ITRA>
                    <KOD-SUG-HAFRASHA>2</KOD-SUG-HAFRASHA>
                    <TOTAL-CHISACHON-MTZBR>4386.95</TOTAL-CHISACHON-MTZBR>
                    <TOTAL-ERKEI-PIDION>4386.95</TOTAL-ERKEI-PIDION>
                  </PerutYitrot>
                  <PerutYitrot>
                    <KOD-SUG-ITRA>2</KOD-SUG-ITRA>
                    <KOD-SUG-HAFRASHA>3</KOD-SUG-HAFRASHA>
                    <TOTAL-CHISACHON-MTZBR>4785.77</TOTAL-CHISACHON-MTZBR>
                    <TOTAL-ERKEI-PIDION>4785.77</TOTAL-ERKEI-PIDION>
                  </PerutYitrot>
                  <PerutYitraLeTkufa>
                    <KOD-TECHULAT-SHICHVA>9</KOD-TECHULAT-SHICHVA>
                    <REKIV-ITRA-LETKUFA>1</REKIV-ITRA-LETKUFA>
                    <SUG-ITRA-LETKUFA>2</SUG-ITRA-LETKUFA>
                    <SACH-ITRA-LESHICHVA-BESHACH>4652.55</SACH-ITRA-LESHICHVA-BESHACH>
                  </PerutYitraLeTkufa>
                  <PerutYitraLeTkufa>
                    <KOD-TECHULAT-SHICHVA>1</KOD-TECHULAT-SHICHVA>
                    <REKIV-ITRA-LETKUFA>2</REKIV-ITRA-LETKUFA>
                    <SUG-ITRA-LETKUFA>2</SUG-ITRA-LETKUFA>
                    <SACH-ITRA-LESHICHVA-BESHACH>4386.95</SACH-ITRA-LESHICHVA-BESHACH>
                  </PerutYitraLeTkufa>
                  <PerutYitraLeTkufa>
                    <KOD-TECHULAT-SHICHVA>2</KOD-TECHULAT-SHICHVA>
                    <REKIV-ITRA-LETKUFA>2</REKIV-ITRA-LETKUFA>
                    <SUG-ITRA-LETKUFA>2</SUG-ITRA-LETKUFA>
                    <SACH-ITRA-LESHICHVA-BESHACH>0.00</SACH-ITRA-LESHICHVA-BESHACH>
                  </PerutYitraLeTkufa>
                  <PerutYitraLeTkufa>
                    <KOD-TECHULAT-SHICHVA>1</KOD-TECHULAT-SHICHVA>
                    <REKIV-ITRA-LETKUFA>3</REKIV-ITRA-LETKUFA>
                    <SUG-ITRA-LETKUFA>2</SUG-ITRA-LETKUFA>
                    <SACH-ITRA-LESHICHVA-BESHACH>4785.77</SACH-ITRA-LESHICHVA-BESHACH>
                  </PerutYitraLeTkufa>
                  <PerutYitraLeTkufa>
                    <KOD-TECHULAT-SHICHVA>2</KOD-TECHULAT-SHICHVA>
                    <REKIV-ITRA-LETKUFA>3</REKIV-ITRA-LETKUFA>
                    <SUG-ITRA-LETKUFA>2</SUG-ITRA-LETKUFA>
                    <SACH-ITRA-LESHICHVA-BESHACH>0.00</SACH-ITRA-LESHICHVA-BESHACH>
                  </PerutYitraLeTkufa>
                  <YitrotShonot>
                    <TZVIRAT-PITZUIM-PTURIM-MAAVIDIM-KODMIM xmlns:p8="http://www.w3.org/2001/XMLSchema-instance" p8:nil="true" />
                    <ERECH-PIDION-PITZUIM-LEKITZBA-MAAVIDIM-KODMIM xmlns:p8="http://www.w3.org/2001/XMLSchema-instance" p8:nil="true" />
                    <TZVIRAT-PITZUIM-MAAVIDIM-KODMIM-BERETZEF-KITZBA xmlns:p8="http://www.w3.org/2001/XMLSchema-instance" p8:nil="true" />
                    <TZVIRAT-PITZUIM-MAAVIDIM-KODMIM-BERETZEF-ZECHUYOT>4652.55</TZVIRAT-PITZUIM-MAAVIDIM-KODMIM-BERETZEF-ZECHUYOT>
                    <TZVIRAT-PITZUIM-31-12-1999-LEKITZBA>4652.55</TZVIRAT-PITZUIM-31-12-1999-LEKITZBA>
                    <ERECH-PIDION-PITZUIM-MAASIK-NOCHECHI>4652.55</ERECH-PIDION-PITZUIM-MAASIK-NOCHECHI>
                    <ERECH-PIDION-MARKIV-PITZUIM-LEMAS-NOCHECHI>0</ERECH-PIDION-MARKIV-PITZUIM-LEMAS-NOCHECHI>
                    <ERECH-PIDION-PITZUIM-MAAVIDIM-KODMIM-RETZEF-ZEHUYUT>4652.55</ERECH-PIDION-PITZUIM-MAAVIDIM-KODMIM-RETZEF-ZEHUYUT>
                    <ERECH-PIDION-PITZUIM-LEHON-MAAVIDIM-KODMIM xmlns:p8="http://www.w3.org/2001/XMLSchema-instance" p8:nil="true" />
                    <KAYAM-RETZEF-PITZUIM-KITZBA>3</KAYAM-RETZEF-PITZUIM-KITZBA>
                    <KAYAM-RETZEF-ZECHUYOT-PITZUIM>3</KAYAM-RETZEF-ZECHUYOT-PITZUIM>
                  </YitrotShonot>
                </Yitrot>
              </BlockItrot>
            </PirteiTaktziv>
            <PerutMeyupeKoach>
              <KAYAM-MEYUPE-KOACH xmlns:p5="http://www.w3.org/2001/XMLSchema-instance" p5:nil="true" />
              <SUG-ZIHUY xmlns:p5="http://www.w3.org/2001/XMLSchema-instance" p5:nil="true" />
              <MISPAR-ZIHUY xmlns:p5="http://www.w3.org/2001/XMLSchema-instance" p5:nil="true" />
              <TAARICH-MINUY-SOCHEN xmlns:p5="http://www.w3.org/2001/XMLSchema-instance" p5:nil="true" />
              <SHEM-MEYUPE-KOACH xmlns:p5="http://www.w3.org/2001/XMLSchema-instance" p5:nil="true" />
            </PerutMeyupeKoach>
            <Kisuim>
              <ZihuiKisui>
                <MISPAR-KISUI-BE-YATZRAN>520019688000000000003160000000</MISPAR-KISUI-BE-YATZRAN>
                <SHEM-KISUI-YATZRAN>כללי</SHEM-KISUI-YATZRAN>
                <SUG-KISUI-ETZEL-YATZRAN xmlns:p6="http://www.w3.org/2001/XMLSchema-instance" p6:nil="true" />
                <MISPAR-POLISA-O-HESHBON-NEGDI xmlns:p6="http://www.w3.org/2001/XMLSchema-instance" p6:nil="true" />
                <PirteiMevutach>
                  <SUG-TEUDA>1</SUG-TEUDA>
                  <MISPAR-ZIHUY-LAKOACH>0000000058074600</MISPAR-ZIHUY-LAKOACH>
                </PirteiMevutach>
                <SchumeiBituahYesodi>
                  <KOD-MUTZAR-LEFI-KIDUD-ACHID-LAYESODI xmlns:p7="http://www.w3.org/2001/XMLSchema-instance" p7:nil="true" />
                  <SUG-HATZMADA-SCHUM-BITUAH xmlns:p7="http://www.w3.org/2001/XMLSchema-instance" p7:nil="true" />
                  <SUG-HATZMADA-DMEI-BITUAH xmlns:p7="http://www.w3.org/2001/XMLSchema-instance" p7:nil="true" />
                  <SUG-MASLUL-LEBITUAH xmlns:p7="http://www.w3.org/2001/XMLSchema-instance" p7:nil="true" />
                  <IND-SCHUM-BITUAH-KOLEL-CHISACHON xmlns:p7="http://www.w3.org/2001/XMLSchema-instance" p7:nil="true" />
                  <SCHUM-BITUACH-LEMASLUL xmlns:p7="http://www.w3.org/2001/XMLSchema-instance" p7:nil="true" />
                  <MISPAR-MASKOROT xmlns:p7="http://www.w3.org/2001/XMLSchema-instance" p7:nil="true" />
                  <ACHUZ-HAKTZAA-LE-CHISACHON xmlns:p7="http://www.w3.org/2001/XMLSchema-instance" p7:nil="true" />
                  <TIKRAT-GAG-HATAM-LEMIKRE-MAVET xmlns:p7="http://www.w3.org/2001/XMLSchema-instance" p7:nil="true" />
                  <TIKRAT-GAG-HATAM-LE-O-K-A xmlns:p7="http://www.w3.org/2001/XMLSchema-instance" p7:nil="true" />
                  <SCHUM-BITUAH-LEMAVET xmlns:p7="http://www.w3.org/2001/XMLSchema-instance" p7:nil="true" />
                </SchumeiBituahYesodi>
                <PirteiKisuiBeMutzar>
                  <KOD-MIUTZAR-LAKISUY>520019688000000000003160000000</KOD-MIUTZAR-LAKISUY>
                  <SUG-MEVUTACH xmlns:p7="http://www.w3.org/2001/XMLSchema-instance" p7:nil="true" />
                  <SUG-KISUY-BITOCHI>9</SUG-KISUY-BITOCHI>
                  <TAARICH-TCHILAT-KISUY>19900901</TAARICH-TCHILAT-KISUY>
                  <TAARICH-TOM-KISUY>19911001</TAARICH-TOM-KISUY>
                  <KOD-NISPACH-KISUY xmlns:p7="http://www.w3.org/2001/XMLSchema-instance" p7:nil="true" />
                  <SUG-ISUK xmlns:p7="http://www.w3.org/2001/XMLSchema-instance" p7:nil="true" />
                  <KOLEL-PRENZISA xmlns:p7="http://www.w3.org/2001/XMLSchema-instance" p7:nil="true" />
                  <TAARICH-HAFSAKAT-TASHLUM>19911001</TAARICH-HAFSAKAT-TASHLUM>
                  <ACHUZ-ME-SCM-BTH-YESODI xmlns:p7="http://www.w3.org/2001/XMLSchema-instance" p7:nil="true" />
                  <ACHUZ-MESACHAR xmlns:p7="http://www.w3.org/2001/XMLSchema-instance" p7:nil="true" />
                  <OFEN-TASHLUM-SCHUM-BITUACH>2</OFEN-TASHLUM-SCHUM-BITUACH>
                  <SCHUM-BITUACH>0.00</SCHUM-BITUACH>
                  <MESHALEM-HAKISUY xmlns:p7="http://www.w3.org/2001/XMLSchema-instance" p7:nil="true" />
                  <KOD-ISHUN xmlns:p7="http://www.w3.org/2001/XMLSchema-instance" p7:nil="true" />
                  <IND-CHITUM xmlns:p7="http://www.w3.org/2001/XMLSchema-instance" p7:nil="true" />
                  <TAARICH-CHITUM xmlns:p7="http://www.w3.org/2001/XMLSchema-instance" p7:nil="true" />
                  <HACHRAGA xmlns:p7="http://www.w3.org/2001/XMLSchema-instance" p7:nil="true" />
                  <SUG-HACHRAGA xmlns:p7="http://www.w3.org/2001/XMLSchema-instance" p7:nil="true" />
                  <TKUFAT-ACHSHARA>36</TKUFAT-ACHSHARA>
                  <TKUFAT-HAMTANA-CHODASHIM xmlns:p7="http://www.w3.org/2001/XMLSchema-instance" p7:nil="true" />
                  <HANACHA xmlns:p7="http://www.w3.org/2001/XMLSchema-instance" p7:nil="true" />
                  <HATNAYA-LAHANACHA-DMEI-BITUAH xmlns:p7="http://www.w3.org/2001/XMLSchema-instance" p7:nil="true" />
                  <DMEI-BITUAH-LETASHLUM-BAPOAL xmlns:p7="http://www.w3.org/2001/XMLSchema-instance" p7:nil="true" />
                  <SUG-HANACHA-KISUY xmlns:p7="http://www.w3.org/2001/XMLSchema-instance" p7:nil="true" />
                  <SHIUR-HANACHA-BEKISUI xmlns:p7="http://www.w3.org/2001/XMLSchema-instance" p7:nil="true" />
                  <ERECH-HANACHA-BEKISUI xmlns:p7="http://www.w3.org/2001/XMLSchema-instance" p7:nil="true" />
                  <TADIRUT-SHINUY-DMEI-HABITUAH-BESHANIM xmlns:p7="http://www.w3.org/2001/XMLSchema-instance" p7:nil="true" />
                  <TAARICH-IDKUN-HABA-SHEL-DMEI-HABITUAH xmlns:p7="http://www.w3.org/2001/XMLSchema-instance" p7:nil="true" />
                </PirteiKisuiBeMutzar>
                <PirteiTosafot>
                  <TOSEFET-TAARIF xmlns:p7="http://www.w3.org/2001/XMLSchema-instance" p7:nil="true" />
                  <KOD-SUG-TOSEFET xmlns:p7="http://www.w3.org/2001/XMLSchema-instance" p7:nil="true" />
                  <SHEUR-TOSEFET xmlns:p7="http://www.w3.org/2001/XMLSchema-instance" p7:nil="true" />
                  <PROMIL-TOSEFET xmlns:p7="http://www.w3.org/2001/XMLSchema-instance" p7:nil="true" />
                  <TAARICH-TOM-TOSEFET xmlns:p7="http://www.w3.org/2001/XMLSchema-instance" p7:nil="true" />
                </PirteiTosafot>
                <Mutav>
                  <SUG-ZIHUY-MUTAV xmlns:p7="http://www.w3.org/2001/XMLSchema-instance" p7:nil="true" />
                  <KOD-ZIHUY-MUTAV xmlns:p7="http://www.w3.org/2001/XMLSchema-instance" p7:nil="true" />
                  <MISPAR-ZIHUY-MUTAV xmlns:p7="http://www.w3.org/2001/XMLSchema-instance" p7:nil="true" />
                  <SHEM-PRATI-MUTAV xmlns:p7="http://www.w3.org/2001/XMLSchema-instance" p7:nil="true" />
                  <SHEM-MISHPACHA-MUTAV xmlns:p7="http://www.w3.org/2001/XMLSchema-instance" p7:nil="true" />
                  <SUG-ZIKA xmlns:p7="http://www.w3.org/2001/XMLSchema-instance" p7:nil="true" />
                  <ACHUZ-MUTAV xmlns:p7="http://www.w3.org/2001/XMLSchema-instance" p7:nil="true" />
                  <HAGDARAT-MUTAV xmlns:p7="http://www.w3.org/2001/XMLSchema-instance" p7:nil="true" />
                  <MAHUT-MUTAV xmlns:p7="http://www.w3.org/2001/XMLSchema-instance" p7:nil="true" />
                </Mutav>
                <KisuiBKerenPensia>
                  <ALUT-KISUI-NECHUT xmlns:p7="http://www.w3.org/2001/XMLSchema-instance" p7:nil="true" />
                  <ALUT-KISUI-PNS-SHRM-NECHE xmlns:p7="http://www.w3.org/2001/XMLSchema-instance" p7:nil="true" />
                  <SHEUR-KISUY-NECHUT>0.00</SHEUR-KISUY-NECHUT>
                  <SACHAR-KOVEA-LE-NECHUT-VE-SHEERIM xmlns:p7="http://www.w3.org/2001/XMLSchema-instance" p7:nil="true" />
                  <TAARICH-MASKORET-NECHUT-VE-SHEERIM xmlns:p7="http://www.w3.org/2001/XMLSchema-instance" p7:nil="true" />
                  <SUG-VITOR-SHAERIM xmlns:p7="http://www.w3.org/2001/XMLSchema-instance" p7:nil="true" />
                  <SACH-PENSIAT-NECHUT xmlns:p7="http://www.w3.org/2001/XMLSchema-instance" p7:nil="true" />
                  <NECHUT-MITPATAHAT xmlns:p7="http://www.w3.org/2001/XMLSchema-instance" p7:nil="true" />
                  <VITUR-KISUY-BITUCHI xmlns:p7="http://www.w3.org/2001/XMLSchema-instance" p7:nil="true" />
                  <ALUT-KISUY-SHEERIM xmlns:p7="http://www.w3.org/2001/XMLSchema-instance" p7:nil="true" />
                  <SHIUR-KISUY-YATOM>0.00</SHIUR-KISUY-YATOM>
                  <KITZBAT-SHEERIM-LEALMAN-O-ALMANA>0</KITZBAT-SHEERIM-LEALMAN-O-ALMANA>
                  <KITZBAT-SHEERIM-LEYATOM>0.00</KITZBAT-SHEERIM-LEYATOM>
                  <KITZBAT-SHEERIM-LEHORE-NITMACH>0</KITZBAT-SHEERIM-LEHORE-NITMACH>
                  <TAARICH-VITOR-SHEERIM xmlns:p7="http://www.w3.org/2001/XMLSchema-instance" p7:nil="true" />
                  <TAARICH-CIUM-VITOR-SEERIM xmlns:p7="http://www.w3.org/2001/XMLSchema-instance" p7:nil="true" />
                  <SHIUR-KISUY-ALMAN-O-ALMANA>0.00</SHIUR-KISUY-ALMAN-O-ALMANA>
                  <SHIUR-KISUY-HORE-NITMACH xmlns:p7="http://www.w3.org/2001/XMLSchema-instance" p7:nil="true" />
                  <GIL-PRISHA-LEPENSIYAT-ZIKNA>67.00</GIL-PRISHA-LEPENSIYAT-ZIKNA>
                  <SACH-PENSIYAT-ALMAN-O-ALMANA>0.00</SACH-PENSIYAT-ALMAN-O-ALMANA>
                  <MISPAR-HODSHEI-HAVERUT-BEKEREN-HAPENSIYA>14</MISPAR-HODSHEI-HAVERUT-BEKEREN-HAPENSIYA>
                  <MISPAR-HODSHEI-HAVERUT-MITZ-BEKEREN-HAPENSIYA>14</MISPAR-HODSHEI-HAVERUT-MITZ-BEKEREN-HAPENSIYA>
                  <MENAT-PENSIA-TZVURA xmlns:p7="http://www.w3.org/2001/XMLSchema-instance" p7:nil="true" />
                  <AHUZ-PENSIYA-TZVURA>2.33</AHUZ-PENSIYA-TZVURA>
                  <TAARICH-TCHILAT-HAVERUT>19900901</TAARICH-TCHILAT-HAVERUT>
                  <TAARICH-ERECH-LANENTUNIM>20200531</TAARICH-ERECH-LANENTUNIM>
                  <HATAVA-BITUCHIT>2</HATAVA-BITUCHIT>
                </KisuiBKerenPensia>
                <Miktsoa-Isuk-Tachviv>
                  <TACHVIVIM-O-ISUKIM xmlns:p7="http://www.w3.org/2001/XMLSchema-instance" p7:nil="true" />
                  <KOD-MIKTZOA xmlns:p7="http://www.w3.org/2001/XMLSchema-instance" p7:nil="true" />
                  <TCHUM-ISUK-CHADASH xmlns:p7="http://www.w3.org/2001/XMLSchema-instance" p7:nil="true" />
                </Miktsoa-Isuk-Tachviv>
              </ZihuiKisui>
            </Kisuim>
          </HeshbonOPolisa>
        </HeshbonotOPolisot>
      </Mutzar>
    </Mutzarim>
  </YeshutYatzran>
  <ReshumatSgira>
    <KAMUT-YATZRANIM>000000001</KAMUT-YATZRANIM>
    <KAMUT-METAFELIM>000000001</KAMUT-METAFELIM>
    <KAMUT-MUTZARIM>000000001</KAMUT-MUTZARIM>
    <KAMUT-YESHUYOT-MAASIK>000000001</KAMUT-YESHUYOT-MAASIK>
    <KAMUT-YESHUYOT-MEFITZ>000000001</KAMUT-YESHUYOT-MEFITZ>
    <MISPAR-YESHUYUT-LAKOACH-BAKOVETZ>000000001</MISPAR-YESHUYUT-LAKOACH-BAKOVETZ>
    <KAMUT-POLISOT>000000001</KAMUT-POLISOT>
  </ReshumatSgira>
</Mimshak>