<Mimshak>
  <KoteretKovetz>
    <SUG-MIMSHAK>2</SUG-MIMSHAK>
    <MISPAR-GIRSAT-XML>007</MISPAR-GIRSAT-XML>
    <TAARICH-BITZUA>20200623161705</TAARICH-BITZUA>
    <KOD-SVIVAT-AVODA>2</KOD-SVIVAT-AVODA>
    <KIVUN-MIMSHAK-XML>1</KIVUN-MIMSHAK-XML>
    <KOD-SHOLEACH>520042540</KOD-SHOLEACH>
    <SHEM-SHOLEACH>מנורה מבטחים חברה לביטוח בעמ</SHEM-SHOLEACH>
    <KOD-MEZAHE-METAFEL xmlns:p2="http://www.w3.org/2001/XMLSchema-instance" p2:nil="true" />
    <SHEM-METAFEL xmlns:p2="http://www.w3.org/2001/XMLSchema-instance" p2:nil="true" />
    <MEZAHE-HAAVARA>20200623161705520042540</MEZAHE-HAAVARA>
    <MISPAR-HAKOVETZ>20200623161705520042540</MISPAR-HAKOVETZ>
  </KoteretKovetz>
  <YeshutYatzran>
    <KOD-MEZAHE-YATZRAN>520042540</KOD-MEZAHE-YATZRAN>
    <SHEM-YATZRAN>מנורה מבטחים חברה לביטוח בעמ</SHEM-YATZRAN>
    <MEZAHE-LAKOACH-MISLAKA xmlns:p2="http://www.w3.org/2001/XMLSchema-instance" p2:nil="true" />
    <IshKesherYeshutYatzran>
      <SHEM-PRATI>מוקד קשרי לקוחות</SHEM-PRATI>
      <SHEM-MISHPACHA>מוקד קשרי לקוחות</SHEM-MISHPACHA>
      <ERETZ>ישראל</ERETZ>
      <SHEM-YISHUV>רמת גן</SHEM-YISHUV>
      <SEMEL-YESHUV>8600</SEMEL-YESHUV>
      <SHEM-RECHOV>זבוטינסקי</SHEM-RECHOV>
      <MISPAR-BAIT>33</MISPAR-BAIT>
      <MISPAR-KNISA>A</MISPAR-KNISA>
      <MISPAR-DIRA>0</MISPAR-DIRA>
      <MIKUD>5251107</MIKUD>
      <TA-DOAR>0</TA-DOAR>
      <MISPAR-TELEPHONE-KAVI>*2000</MISPAR-TELEPHONE-KAVI>
      <MISPAR-SHLUCHA xmlns:p3="http://www.w3.org/2001/XMLSchema-instance" p3:nil="true" />
      <MISPAR-CELLULARI xmlns:p3="http://www.w3.org/2001/XMLSchema-instance" p3:nil="true" />
      <MISPAR-FAX>03-7107788</MISPAR-FAX>
      <E-MAIL>MENORAMIVT@MENORA.CO.IL</E-MAIL>
      <HEAROT xmlns:p3="http://www.w3.org/2001/XMLSchema-instance" p3:nil="true" />
    </IshKesherYeshutYatzran>
    <YeshutMetafel>
      <KOD-MEZAHE-METAFEL xmlns:p2="http://www.w3.org/2001/XMLSchema-instance" p2:nil="true" />
      <SHEM-METAFEL xmlns:p2="http://www.w3.org/2001/XMLSchema-instance" p2:nil="true" />
      <IshKesherYeshutMetafel>
        <SHEM-PRATI xmlns:p3="http://www.w3.org/2001/XMLSchema-instance" p3:nil="true" />
        <SHEM-MISHPACHA xmlns:p3="http://www.w3.org/2001/XMLSchema-instance" p3:nil="true" />
        <ERETZ xmlns:p3="http://www.w3.org/2001/XMLSchema-instance" p3:nil="true" />
        <SHEM-YISHUV xmlns:p3="http://www.w3.org/2001/XMLSchema-instance" p3:nil="true" />
        <SEMEL-YESHUV xmlns:p3="http://www.w3.org/2001/XMLSchema-instance" p3:nil="true" />
        <SHEM-RECHOV xmlns:p3="http://www.w3.org/2001/XMLSchema-instance" p3:nil="true" />
        <MISPAR-BAIT xmlns:p3="http://www.w3.org/2001/XMLSchema-instance" p3:nil="true" />
        <MISPAR-KNISA xmlns:p3="http://www.w3.org/2001/XMLSchema-instance" p3:nil="true" />
        <MISPAR-DIRA xmlns:p3="http://www.w3.org/2001/XMLSchema-instance" p3:nil="true" />
        <MIKUD xmlns:p3="http://www.w3.org/2001/XMLSchema-instance" p3:nil="true" />
        <TA-DOAR xmlns:p3="http://www.w3.org/2001/XMLSchema-instance" p3:nil="true" />
        <MISPAR-TELEPHONE-KAVI xmlns:p3="http://www.w3.org/2001/XMLSchema-instance" p3:nil="true" />
        <MISPAR-SHLUCHA xmlns:p3="http://www.w3.org/2001/XMLSchema-instance" p3:nil="true" />
        <MISPAR-CELLULARI xmlns:p3="http://www.w3.org/2001/XMLSchema-instance" p3:nil="true" />
        <MISPAR-FAX xmlns:p3="http://www.w3.org/2001/XMLSchema-instance" p3:nil="true" />
        <E-MAIL xmlns:p3="http://www.w3.org/2001/XMLSchema-instance" p3:nil="true" />
        <HEAROT xmlns:p3="http://www.w3.org/2001/XMLSchema-instance" p3:nil="true" />
      </IshKesherYeshutMetafel>
    </YeshutMetafel>
    <Mutzarim>
      <Mutzar>
        <NetuneiMutzar>
          <KOD-MEZAHE-YATZRAN>520042540</KOD-MEZAHE-YATZRAN>
          <KOD-MEZAHE-METAFEL xmlns:p3="http://www.w3.org/2001/XMLSchema-instance" p3:nil="true" />
          <SUG-MUTZAR>1</SUG-MUTZAR>
          <SHEM-KOVETZ-MEKORI xmlns:p3="http://www.w3.org/2001/XMLSchema-instance" p3:nil="true" />
          <MISPAR-SHURA-MEKORI xmlns:p3="http://www.w3.org/2001/XMLSchema-instance" p3:nil="true" />
          <RESERVA-MISLAKA xmlns:p3="http://www.w3.org/2001/XMLSchema-instance" p3:nil="true" />
          <MISPAR-MISLAKA>12652F2A-8951-4457-A522-B6410E87FA0D</MISPAR-MISLAKA>
          <STATUS-RESHOMA>1</STATUS-RESHOMA>
          <MISPAR-SHORA>1</MISPAR-SHORA>
          <TOTAL-ZEHUT-PER-MONTH xmlns:p3="http://www.w3.org/2001/XMLSchema-instance" p3:nil="true" />
          <TOTAL-MUTZARIM-PER-MONTH xmlns:p3="http://www.w3.org/2001/XMLSchema-instance" p3:nil="true" />
          <YeshutMaasik>
            <MPR-MAASIK-BE-YATZRAN>176313</MPR-MAASIK-BE-YATZRAN>
            <SUG-MEZAHE-MAASIK>1</SUG-MEZAHE-MAASIK>
            <MISPAR-MEZAHE-MAASIK>520027194</MISPAR-MEZAHE-MAASIK>
            <MISPAR-TIK-NIKUIIM xmlns:p4="http://www.w3.org/2001/XMLSchema-instance" p4:nil="true" />
            <SHEM-MAASIK>התעשייה האווירית לישראל בעמ</SHEM-MAASIK>
            <ERETZ>ישראל</ERETZ>
            <SHEM-YISHUV>רמת גן</SHEM-YISHUV>
            <SEMEL-YESHUV>8600</SEMEL-YESHUV>
            <SHEM-RECHOV>7 סוכנות אורות זבוטינסקי</SHEM-RECHOV>
            <MISPAR-BAIT xmlns:p4="http://www.w3.org/2001/XMLSchema-instance" p4:nil="true" />
            <MISPAR-KNISA xmlns:p4="http://www.w3.org/2001/XMLSchema-instance" p4:nil="true" />
            <MISPAR-DIRA>0</MISPAR-DIRA>
            <MIKUD>5252007</MIKUD>
            <TA-DOAR>0</TA-DOAR>
            <MISPAR-TELEPHONE-KAVI>039357979</MISPAR-TELEPHONE-KAVI>
            <MISPAR-SHLUCHA xmlns:p4="http://www.w3.org/2001/XMLSchema-instance" p4:nil="true" />
            <MISPAR-CELLULARI xmlns:p4="http://www.w3.org/2001/XMLSchema-instance" p4:nil="true" />
            <MISPAR-FAX xmlns:p4="http://www.w3.org/2001/XMLSchema-instance" p4:nil="true" />
            <E-MAIL xmlns:p4="http://www.w3.org/2001/XMLSchema-instance" p4:nil="true" />
            <HEAROT xmlns:p4="http://www.w3.org/2001/XMLSchema-instance" p4:nil="true" />
            <IshKesherYeshutMaasik>
              <SHEM-PRATI xmlns:p5="http://www.w3.org/2001/XMLSchema-instance" p5:nil="true" />
              <SHEM-MISHPACHA xmlns:p5="http://www.w3.org/2001/XMLSchema-instance" p5:nil="true" />
              <MISPAR-TELEPHONE-KAVI xmlns:p5="http://www.w3.org/2001/XMLSchema-instance" p5:nil="true" />
              <MISPAR-CELLULARI xmlns:p5="http://www.w3.org/2001/XMLSchema-instance" p5:nil="true" />
              <MISPAR-FAX xmlns:p5="http://www.w3.org/2001/XMLSchema-instance" p5:nil="true" />
              <E-MAIL xmlns:p5="http://www.w3.org/2001/XMLSchema-instance" p5:nil="true" />
              <HEAROT xmlns:p5="http://www.w3.org/2001/XMLSchema-instance" p5:nil="true" />
            </IshKesherYeshutMaasik>
          </YeshutMaasik>
          <YeshutLakoach>
            <SUG-MEZAHE-LAKOACH>1</SUG-MEZAHE-LAKOACH>
            <MISPAR-ZIHUY-LAKOACH>0000000058074600</MISPAR-ZIHUY-LAKOACH>
            <SHEM-PRATI>רפאל</SHEM-PRATI>
            <SHEM-MISHPACHA-KODEM xmlns:p4="http://www.w3.org/2001/XMLSchema-instance" p4:nil="true" />
            <SHEM-MISHPACHA>נאמן</SHEM-MISHPACHA>
            <MIN>1</MIN>
            <TAARICH-LEYDA>19631018</TAARICH-LEYDA>
            <PTIRA>2</PTIRA>
            <TAARICH-PTIRA xmlns:p4="http://www.w3.org/2001/XMLSchema-instance" p4:nil="true" />
            <MATZAV-MISHPACHTI>2</MATZAV-MISHPACHTI>
            <ERETZ>ישראל</ERETZ>
            <SHEM-YISHUV>מודיעין עילית</SHEM-YISHUV>
            <SEMEL-YESHUV>3797</SEMEL-YESHUV>
            <SHEM-RECHOV>אור החים</SHEM-RECHOV>
            <MISPAR-BAIT>21</MISPAR-BAIT>
            <MISPAR-KNISA xmlns:p4="http://www.w3.org/2001/XMLSchema-instance" p4:nil="true" />
            <MISPAR-DIRA>0</MISPAR-DIRA>
            <MIKUD xmlns:p4="http://www.w3.org/2001/XMLSchema-instance" p4:nil="true" />
            <TA-DOAR>0</TA-DOAR>
            <MISPAR-TELEPHONE-KAVI>089740440</MISPAR-TELEPHONE-KAVI>
            <MISPAR-SHLUCHA xmlns:p4="http://www.w3.org/2001/XMLSchema-instance" p4:nil="true" />
            <MISPAR-CELLULARI>054-2311819</MISPAR-CELLULARI>
            <MISPAR-FAX xmlns:p4="http://www.w3.org/2001/XMLSchema-instance" p4:nil="true" />
            <E-MAIL>RAFI.NEEMAN@GMAIL.COM</E-MAIL>
            <HEAROT xmlns:p4="http://www.w3.org/2001/XMLSchema-instance" p4:nil="true" />
            <MISPAR-YELADIM>0</MISPAR-YELADIM>
          </YeshutLakoach>
        </NetuneiMutzar>
        <HeshbonotOPolisot>
          <HeshbonOPolisa>
            <ASMACHTA-MEKORIT>1000202</ASMACHTA-MEKORIT>
            <MISPAR-POLISA-O-HESHBON>346455967</MISPAR-POLISA-O-HESHBON>
            <SHEM-TOCHNIT>סטטוס 2015</SHEM-TOCHNIT>
            <KIDOD-ACHID>520042540150000006930000000000</KIDOD-ACHID>
            <MPR-MEFITZ-BE-YATZRAN>878</MPR-MEFITZ-BE-YATZRAN>
            <TAARICH-NECHONUT>20200531</TAARICH-NECHONUT>
            <TAARICH-HITZTARFUT-MUTZAR>20170801</TAARICH-HITZTARFUT-MUTZAR>
            <TAARICH-HITZTARFUT-RISHON>20170801</TAARICH-HITZTARFUT-RISHON>
            <SUG-KEREN-PENSIA xmlns:p4="http://www.w3.org/2001/XMLSchema-instance" p4:nil="true" />
            <PENSIA-VATIKA-O-HADASHA xmlns:p4="http://www.w3.org/2001/XMLSchema-instance" p4:nil="true" />
            <TAARICH-IDKUN-STATUS>20170801</TAARICH-IDKUN-STATUS>
            <STATUS-POLISA-O-CHESHBON>1</STATUS-POLISA-O-CHESHBON>
            <TAARICH-TCHILA-RISK-ZMANI xmlns:p4="http://www.w3.org/2001/XMLSchema-instance" p4:nil="true" />
            <TOM-TOKEF-RISK-ZMANI xmlns:p4="http://www.w3.org/2001/XMLSchema-instance" p4:nil="true" />
            <SUG-POLISA>3</SUG-POLISA>
            <SUG-TOCHNIT-O-CHESHBON>1</SUG-TOCHNIT-O-CHESHBON>
            <MADAD-BASIS>12206.00</MADAD-BASIS>
            <AZMADA-LEALVAHA xmlns:p4="http://www.w3.org/2001/XMLSchema-instance" p4:nil="true" />
            <TAARICH-ACHRON-MOTAV-MUVET>20170801</TAARICH-ACHRON-MOTAV-MUVET>
            <KOLEL-ZAKAUT-AGACH>2</KOLEL-ZAKAUT-AGACH>
            <SHIOR-AGACH-MEUADOT xmlns:p4="http://www.w3.org/2001/XMLSchema-instance" p4:nil="true" />
            <AVTACHT-TESOA>2</AVTACHT-TESOA>
            <TAARICH-CIUM-AVTACHT-TESOA xmlns:p4="http://www.w3.org/2001/XMLSchema-instance" p4:nil="true" />
            <MISPAR-GIMLAOT xmlns:p4="http://www.w3.org/2001/XMLSchema-instance" p4:nil="true" />
            <TIKUN-190>2</TIKUN-190>
            <KAYAM-KISUY-HIZONI xmlns:p4="http://www.w3.org/2001/XMLSchema-instance" p4:nil="true" />
            <KISUY-ISHY-KVOZATI xmlns:p4="http://www.w3.org/2001/XMLSchema-instance" p4:nil="true" />
            <KtovetLemishloach>
              <ERETZ>ישראל</ERETZ>
              <SHEM-YISHUV>מודיעין עילית</SHEM-YISHUV>
              <SEMEL-YESHUV>3797</SEMEL-YESHUV>
              <SHEM-RECHOV>אור החים</SHEM-RECHOV>
              <MISPAR-BAIT>21</MISPAR-BAIT>
              <MISPAR-KNISA xmlns:p5="http://www.w3.org/2001/XMLSchema-instance" p5:nil="true" />
              <MISPAR-DIRA>0</MISPAR-DIRA>
              <MIKUD xmlns:p5="http://www.w3.org/2001/XMLSchema-instance" p5:nil="true" />
              <TA-DOAR>0</TA-DOAR>
            </KtovetLemishloach>
            <NetuneiAmitOmevutach>
              <KOD-ZIHUY-LAKOACH>1</KOD-ZIHUY-LAKOACH>
              <MISPAR-ZIHUY>0000000058074600</MISPAR-ZIHUY>
            </NetuneiAmitOmevutach>
            <NetuneiSheerim>
              <Sheer>
                <SUG-ZIKA xmlns:p6="http://www.w3.org/2001/XMLSchema-instance" p6:nil="true" />
                <KOD-ZIHUI-SHEERIM xmlns:p6="http://www.w3.org/2001/XMLSchema-instance" p6:nil="true" />
                <MISPAR-ZIHUY-SHEERIM xmlns:p6="http://www.w3.org/2001/XMLSchema-instance" p6:nil="true" />
                <SHEM-PRATI-SHEERIM xmlns:p6="http://www.w3.org/2001/XMLSchema-instance" p6:nil="true" />
                <SHEM-MISHPACHA-SHEERIM xmlns:p6="http://www.w3.org/2001/XMLSchema-instance" p6:nil="true" />
                <SHEM-MISHPAHA-KODEM xmlns:p6="http://www.w3.org/2001/XMLSchema-instance" p6:nil="true" />
                <TAARICH-LEIDA xmlns:p6="http://www.w3.org/2001/XMLSchema-instance" p6:nil="true" />
              </Sheer>
            </NetuneiSheerim>
            <MaslulBituach>
              <MASLUL-BITUACH-BAKEREN-PENSIA xmlns:p5="http://www.w3.org/2001/XMLSchema-instance" p5:nil="true" />
              <SHEM-MASLUL-HABITUAH xmlns:p5="http://www.w3.org/2001/XMLSchema-instance" p5:nil="true" />
            </MaslulBituach>
            <PerutShiabudIkul>
              <HUTAL-SHIABUD>2</HUTAL-SHIABUD>
              <HUTAL-IKUL>2</HUTAL-IKUL>
            </PerutShiabudIkul>
            <Halvaa>
              <YESH-HALVAA-BAMUTZAR>2</YESH-HALVAA-BAMUTZAR>
              <RAMAT-HALVAA xmlns:p5="http://www.w3.org/2001/XMLSchema-instance" p5:nil="true" />
              <MISDAR-SIDURI-SHEL-HAHALVAA xmlns:p5="http://www.w3.org/2001/XMLSchema-instance" p5:nil="true" />
              <SCHUM-HALVAA xmlns:p5="http://www.w3.org/2001/XMLSchema-instance" p5:nil="true" />
              <TAARICH-KABALAT-HALVAA xmlns:p5="http://www.w3.org/2001/XMLSchema-instance" p5:nil="true" />
              <TAARICH-SIYUM-HALVAA xmlns:p5="http://www.w3.org/2001/XMLSchema-instance" p5:nil="true" />
              <YITRAT-HALVAA xmlns:p5="http://www.w3.org/2001/XMLSchema-instance" p5:nil="true" />
              <TKUFAT-HALVAA xmlns:p5="http://www.w3.org/2001/XMLSchema-instance" p5:nil="true" />
              <RIBIT xmlns:p5="http://www.w3.org/2001/XMLSchema-instance" p5:nil="true" />
              <SUG-RIBIT xmlns:p5="http://www.w3.org/2001/XMLSchema-instance" p5:nil="true" />
              <SUG-HATZNMADA xmlns:p5="http://www.w3.org/2001/XMLSchema-instance" p5:nil="true" />
              <TADIRUT-HECHZER-HALVAA xmlns:p5="http://www.w3.org/2001/XMLSchema-instance" p5:nil="true" />
              <SUG-HECHZER xmlns:p5="http://www.w3.org/2001/XMLSchema-instance" p5:nil="true" />
              <SCHUM-HECHZER-TKUFATI xmlns:p5="http://www.w3.org/2001/XMLSchema-instance" p5:nil="true" />
            </Halvaa>
            <PirteyTvia>
              <YESH-TVIA>2</YESH-TVIA>
              <MISPAR-TVIA-BE-YATZRAN xmlns:p5="http://www.w3.org/2001/XMLSchema-instance" p5:nil="true" />
              <MISPAR-KISUI-BE-YATZRAN xmlns:p5="http://www.w3.org/2001/XMLSchema-instance" p5:nil="true" />
              <SHEM-KISUI-BE-YATZRAN xmlns:p5="http://www.w3.org/2001/XMLSchema-instance" p5:nil="true" />
              <SUG-HATVIAA xmlns:p5="http://www.w3.org/2001/XMLSchema-instance" p5:nil="true" />
              <OFEN-TASHLUM xmlns:p5="http://www.w3.org/2001/XMLSchema-instance" p5:nil="true" />
              <KOD-STATUS-TVIAA xmlns:p5="http://www.w3.org/2001/XMLSchema-instance" p5:nil="true" />
              <TAARICH-STATUS-TVIA xmlns:p5="http://www.w3.org/2001/XMLSchema-instance" p5:nil="true" />
              <TAARICH-TECHILAT-TASHLUM xmlns:p5="http://www.w3.org/2001/XMLSchema-instance" p5:nil="true" />
              <ACHUZ-MEUSHAR-O-K-A-SHICHRUR xmlns:p5="http://www.w3.org/2001/XMLSchema-instance" p5:nil="true" />
              <SCHUM-TVIA-MEUSHAR xmlns:p5="http://www.w3.org/2001/XMLSchema-instance" p5:nil="true" />
              <ACHUZ-NECHUT xmlns:p5="http://www.w3.org/2001/XMLSchema-instance" p5:nil="true" />
            </PirteyTvia>
            <PerutMitryot>
              <KAYAM-KISUY-BITUCHI-COLECTIVI-LEAMITIM>2</KAYAM-KISUY-BITUCHI-COLECTIVI-LEAMITIM>
              <SHEM-MEVATACHAT xmlns:p5="http://www.w3.org/2001/XMLSchema-instance" p5:nil="true" />
              <TAARICH-TCHILAT-HABITUACH xmlns:p5="http://www.w3.org/2001/XMLSchema-instance" p5:nil="true" />
              <TAARICH-TOM-TKUFAT-HABITUAH xmlns:p5="http://www.w3.org/2001/XMLSchema-instance" p5:nil="true" />
              <KOD-SUG-MUTZAR-BITUACH xmlns:p5="http://www.w3.org/2001/XMLSchema-instance" p5:nil="true" />
              <SCHUM-BITUACH xmlns:p5="http://www.w3.org/2001/XMLSchema-instance" p5:nil="true" />
              <ALUT-KISUI xmlns:p5="http://www.w3.org/2001/XMLSchema-instance" p5:nil="true" />
              <MESHALEM-DMEI-HABITUAH xmlns:p5="http://www.w3.org/2001/XMLSchema-instance" p5:nil="true" />
              <TADIRUT-HATSHLUM xmlns:p5="http://www.w3.org/2001/XMLSchema-instance" p5:nil="true" />
              <HAIM-NECHTAM-TOFES-HITZTARFUT xmlns:p5="http://www.w3.org/2001/XMLSchema-instance" p5:nil="true" />
            </PerutMitryot>
            <YitraLefiGilPrisha>
              <GIL-PRISHA>0</GIL-PRISHA>
              <TOTAL-CHISACHON-MITZTABER-TZAFUY>0.00</TOTAL-CHISACHON-MITZTABER-TZAFUY>
              <TZVIRAT-CHISACHON-CHAZUYA-LELO-PREMIYOT>0.00</TZVIRAT-CHISACHON-CHAZUYA-LELO-PREMIYOT>
              <MEKADEM-MOVTACH-LEPRISHA>0.00</MEKADEM-MOVTACH-LEPRISHA>
              <MEKADEM-HAVTACHST-TOCHELET xmlns:p5="http://www.w3.org/2001/XMLSchema-instance" p5:nil="true" />
              <MEKADEM-HAVTACHST-TOCHELETPRISHA xmlns:p5="http://www.w3.org/2001/XMLSchema-instance" p5:nil="true" />
              <SHEM-MASLOL xmlns:p5="http://www.w3.org/2001/XMLSchema-instance" p5:nil="true" />
              <MEKADEM-HAVTACHAT-TSUA xmlns:p5="http://www.w3.org/2001/XMLSchema-instance" p5:nil="true" />
              <MEKADEM-HAVTACHAT-TSUATKUFA xmlns:p5="http://www.w3.org/2001/XMLSchema-instance" p5:nil="true" />
              <TKUFAT-HAGBALA-BESHANIM>0.00</TKUFAT-HAGBALA-BESHANIM>
              <TOCHELET-MASHPIA-KITZBA xmlns:p5="http://www.w3.org/2001/XMLSchema-instance" p5:nil="true" />
              <TSUA-MASHPIA-KITZBA xmlns:p5="http://www.w3.org/2001/XMLSchema-instance" p5:nil="true" />
              <SHEUR-PNS-ZIKNA-TZFUYA>0.00</SHEUR-PNS-ZIKNA-TZFUYA>
              <Kupot>
                <Kupa>
                  <SUG-KUPA>2</SUG-KUPA>
                  <SCHUM-KITZVAT-ZIKNA>0.00</SCHUM-KITZVAT-ZIKNA>
                  <KITZVAT-HODSHIT-TZFUYA>0.00</KITZVAT-HODSHIT-TZFUYA>
                  <ACHUZ-TSUA-BATACHAZIT>0.00</ACHUZ-TSUA-BATACHAZIT>
                  <TOTAL-ITRA-TZFUYA-MECHUSHAV-LEHON-IM-PREMIOT>0.00</TOTAL-ITRA-TZFUYA-MECHUSHAV-LEHON-IM-PREMIOT>
                  <TZVIRAT-CHISACHON-TZFUYA-LEHON-LELO-PREMIYOT>0.00</TZVIRAT-CHISACHON-TZFUYA-LEHON-LELO-PREMIYOT>
                  <TOTAL-SCHUM-MTZBR-TZAFUY-LEGIL-PRISHA-MECHUSHAV-LEKITZBA-IM-PREMIYOT>0.00</TOTAL-SCHUM-MTZBR-TZAFUY-LEGIL-PRISHA-MECHUSHAV-LEKITZBA-IM-PREMIYOT>
                  <TOTAL-SCHUM-MITZVTABER-TZFUY-LEGIL-PRISHA-MECHUSHAV-HAMEYOAD-LEKITZBA-LELO-PREMIYOT>0.00</TOTAL-SCHUM-MITZVTABER-TZFUY-LEGIL-PRISHA-MECHUSHAV-HAMEYOAD-LEKITZBA-LELO-PREMIYOT>
                </Kupa>
              </Kupot>
            </YitraLefiGilPrisha>
            <Tsua>
              <SHEUR-TSUA-NETO>0.00</SHEUR-TSUA-NETO>
              <SHEUR-TSUA-BRUTO-CHS-1>0.00</SHEUR-TSUA-BRUTO-CHS-1>
              <SHEUR-TSUA-MOVTACHAT-MEYOADOT xmlns:p5="http://www.w3.org/2001/XMLSchema-instance" p5:nil="true" />
              <REVACH-HEFSED-BENIKOI-HOZAHOT>0.00</REVACH-HEFSED-BENIKOI-HOZAHOT>
              <SIMAN-REVACH-HEFSED>1</SIMAN-REVACH-HEFSED>
              <ACHUZ-TSUA-BRUTO-CHS-2>0.00</ACHUZ-TSUA-BRUTO-CHS-2>
            </Tsua>
            <PirteiTaktziv>
              <PirteiOved>
                <SUG-TOCHNIT-O-CHESHBON>1</SUG-TOCHNIT-O-CHESHBON>
                <MPR-MAASIK-BE-YATZRAN>176313</MPR-MAASIK-BE-YATZRAN>
                <STATUS-MAASIK>1</STATUS-MAASIK>
                <SUG-BAAL-HAPOLISA-SHE-EINO-HAMEVUTACH xmlns:p6="http://www.w3.org/2001/XMLSchema-instance" p6:nil="true" />
                <MISPAR-BAAL-POLISA-SHEEINO-MEVUTAH xmlns:p6="http://www.w3.org/2001/XMLSchema-instance" p6:nil="true" />
                <SHEM-BAAL-POLISA-SHEEINO-MEVUTAH xmlns:p6="http://www.w3.org/2001/XMLSchema-instance" p6:nil="true" />
              </PirteiOved>
              <PirteiHaasaka>
                <KOD-CHISHUV-SACHAR-POLISA-O-HESHBON>8</KOD-CHISHUV-SACHAR-POLISA-O-HESHBON>
                <SACHAR-POLISA>6526.92</SACHAR-POLISA>
                <KOD-OFEN-HATZMADA>1</KOD-OFEN-HATZMADA>
                <TAARICH-MASKORET>20200501</TAARICH-MASKORET>
                <ZAKAUT-LELO-TNAI>2</ZAKAUT-LELO-TNAI>
                <SEIF-14>2</SEIF-14>
                <TAARICH-TCHILAT-TASHLUM>20170801</TAARICH-TCHILAT-TASHLUM>
              </PirteiHaasaka>
              <PerutHafrashotLePolisa>
                <SUG-HAMAFKID>2</SUG-HAMAFKID>
                <SUG-HAFRASHA>5</SUG-HAFRASHA>
                <ACHUZ-HAFRASHA>0.72</ACHUZ-HAFRASHA>
                <SCHUM-HAFRASHA xmlns:p6="http://www.w3.org/2001/XMLSchema-instance" p6:nil="true" />
                <TAARICH-MADAD>20200415</TAARICH-MADAD>
              </PerutHafrashotLePolisa>
              <PerutMasluleiHashkaa>
                <KOD-SUG-MASLUL>1</KOD-SUG-MASLUL>
                <KOD-SUG-HAFRASHA>10</KOD-SUG-HAFRASHA>
                <ACHUZ-HAFKADA-LEHASHKAA>0.00</ACHUZ-HAFKADA-LEHASHKAA>
                <SCHUM-TZVIRA-BAMASLUL>0.00</SCHUM-TZVIRA-BAMASLUL>
                <SHEM-MASLUL-HASHKAA>מנורה - כללי</SHEM-MASLUL-HASHKAA>
                <SHEUR-DMEI-NIHUL-HAFKADA xmlns:p6="http://www.w3.org/2001/XMLSchema-instance" p6:nil="true" />
                <SHEUR-DMEI-NIHUL-HISACHON xmlns:p6="http://www.w3.org/2001/XMLSchema-instance" p6:nil="true" />
                <SHEUR-DMEI-NIHUL-HAFKADA-MIVNE xmlns:p6="http://www.w3.org/2001/XMLSchema-instance" p6:nil="true" />
                <SHEUR-DMEI-NIHUL-HISACHON-MIVNE xmlns:p6="http://www.w3.org/2001/XMLSchema-instance" p6:nil="true" />
                <DMEI-NIHUL-ACHERIM>0.00</DMEI-NIHUL-ACHERIM>
                <TSUA-NETO xmlns:p6="http://www.w3.org/2001/XMLSchema-instance" p6:nil="true" />
                <KOD-MASLUL-HASHKAA>520042540150000006930000000128</KOD-MASLUL-HASHKAA>
              </PerutMasluleiHashkaa>
              <NetuneiGvia>
                <SHEM-MESHALEM>התעשייה האווירית לישראל בעמ</SHEM-MESHALEM>
                <SUG-TEUDA-MESHALEM>1</SUG-TEUDA-MESHALEM>
                <MISPAR-ZIHUY-MESHALEM>520027194</MISPAR-ZIHUY-MESHALEM>
                <KOD-EMTZAEI-TASHLUM>6</KOD-EMTZAEI-TASHLUM>
                <TADIRUT-TASHLUM>4</TADIRUT-TASHLUM>
                <CHODESH-YECHUS>8</CHODESH-YECHUS>
                <YOM-GVIYA-BECHODESH>1</YOM-GVIYA-BECHODESH>
                <OFEN-HATZMADAT-GVIA>1</OFEN-HATZMADAT-GVIA>
                <ACHUZ-TAT-SHNATIYOT>0.00</ACHUZ-TAT-SHNATIYOT>
              </NetuneiGvia>
              <PirteiHafkadaAchrona>
                <PerutPirteiHafkadaAchrona>
                  <TAARICH-HAFKADA-ACHARON>202005</TAARICH-HAFKADA-ACHARON>
                  <TOTAL-HAFKADA>46.99</TOTAL-HAFKADA>
                  <HAFKADA-LEHISCHON-A xmlns:p7="http://www.w3.org/2001/XMLSchema-instance" p7:nil="true" />
                  <HAFKADA-LEHISCHON-B xmlns:p7="http://www.w3.org/2001/XMLSchema-instance" p7:nil="true" />
                  <TAARICH-ERECH-HAFKADA>20200514</TAARICH-ERECH-HAFKADA>
                  <SUG-HAFKADA>1</SUG-HAFKADA>
                  <TOTAL-HAFKADA-ACHRONA>0.00</TOTAL-HAFKADA-ACHRONA>
                  <PerutHafkadaAchrona>
                    <KOD-SUG-HAFKADA>3</KOD-SUG-HAFKADA>
                    <SUG-HAFRASHA>5</SUG-HAFRASHA>
                    <SUG-MAFKID>2</SUG-MAFKID>
                    <SACHAR-BERAMAT-HAFKADA>6526.92</SACHAR-BERAMAT-HAFKADA>
                    <SCHUM-HAFKADA-SHESHULAM>46.99</SCHUM-HAFKADA-SHESHULAM>
                    <CHODESH-SACHAR>202005</CHODESH-SACHAR>
                  </PerutHafkadaAchrona>
                </PerutPirteiHafkadaAchrona>
              </PirteiHafkadaAchrona>
              <PerutHafkadotMetchilatShana>
                <TAARICH-ERECH-HAFKADA>20191215</TAARICH-ERECH-HAFKADA>
                <KOD-SUG-HAFKADA>3</KOD-SUG-HAFKADA>
                <SUG-HAFRASHA>5</SUG-HAFRASHA>
                <SUG-MAFKID>2</SUG-MAFKID>
                <SCHUM-HAFKADA-SHESHULAM>44.51</SCHUM-HAFKADA-SHESHULAM>
                <SACHAR-BERAMAT-HAFKADA>6182.38</SACHAR-BERAMAT-HAFKADA>
                <CHODESH-SACHAR>201911</CHODESH-SACHAR>
                <ZMAN-PERAON>201912</ZMAN-PERAON>
              </PerutHafkadotMetchilatShana>
              <PerutHafkadotMetchilatShana>
                <TAARICH-ERECH-HAFKADA>20200115</TAARICH-ERECH-HAFKADA>
                <KOD-SUG-HAFKADA>3</KOD-SUG-HAFKADA>
                <SUG-HAFRASHA>5</SUG-HAFRASHA>
                <SUG-MAFKID>2</SUG-MAFKID>
                <SCHUM-HAFKADA-SHESHULAM>46.97</SCHUM-HAFKADA-SHESHULAM>
                <SACHAR-BERAMAT-HAFKADA>6523.44</SACHAR-BERAMAT-HAFKADA>
                <CHODESH-SACHAR>201912</CHODESH-SACHAR>
                <ZMAN-PERAON>202001</ZMAN-PERAON>
              </PerutHafkadotMetchilatShana>
              <PerutHafkadotMetchilatShana>
                <TAARICH-ERECH-HAFKADA>20200213</TAARICH-ERECH-HAFKADA>
                <KOD-SUG-HAFKADA>3</KOD-SUG-HAFKADA>
                <SUG-HAFRASHA>5</SUG-HAFRASHA>
                <SUG-MAFKID>2</SUG-MAFKID>
                <SCHUM-HAFKADA-SHESHULAM>46.97</SCHUM-HAFKADA-SHESHULAM>
                <SACHAR-BERAMAT-HAFKADA>0.00</SACHAR-BERAMAT-HAFKADA>
                <CHODESH-SACHAR>202001</CHODESH-SACHAR>
                <ZMAN-PERAON>202002</ZMAN-PERAON>
              </PerutHafkadotMetchilatShana>
              <PerutHafkadotMetchilatShana>
                <TAARICH-ERECH-HAFKADA>20200315</TAARICH-ERECH-HAFKADA>
                <KOD-SUG-HAFKADA>3</KOD-SUG-HAFKADA>
                <SUG-HAFRASHA>5</SUG-HAFRASHA>
                <SUG-MAFKID>2</SUG-MAFKID>
                <SCHUM-HAFKADA-SHESHULAM>46.99</SCHUM-HAFKADA-SHESHULAM>
                <SACHAR-BERAMAT-HAFKADA>6526.92</SACHAR-BERAMAT-HAFKADA>
                <CHODESH-SACHAR>202002</CHODESH-SACHAR>
                <ZMAN-PERAON>202003</ZMAN-PERAON>
              </PerutHafkadotMetchilatShana>
              <PerutHafkadotMetchilatShana>
                <TAARICH-ERECH-HAFKADA>20200315</TAARICH-ERECH-HAFKADA>
                <KOD-SUG-HAFKADA>3</KOD-SUG-HAFKADA>
                <SUG-HAFRASHA>7</SUG-HAFRASHA>
                <SUG-MAFKID>2</SUG-MAFKID>
                <SCHUM-HAFKADA-SHESHULAM>0.02</SCHUM-HAFKADA-SHESHULAM>
                <SACHAR-BERAMAT-HAFKADA>6523.44</SACHAR-BERAMAT-HAFKADA>
                <CHODESH-SACHAR>202001</CHODESH-SACHAR>
                <ZMAN-PERAON>202002</ZMAN-PERAON>
              </PerutHafkadotMetchilatShana>
              <PerutHafkadotMetchilatShana>
                <TAARICH-ERECH-HAFKADA>20200413</TAARICH-ERECH-HAFKADA>
                <KOD-SUG-HAFKADA>3</KOD-SUG-HAFKADA>
                <SUG-HAFRASHA>5</SUG-HAFRASHA>
                <SUG-MAFKID>2</SUG-MAFKID>
                <SCHUM-HAFKADA-SHESHULAM>46.99</SCHUM-HAFKADA-SHESHULAM>
                <SACHAR-BERAMAT-HAFKADA>6526.92</SACHAR-BERAMAT-HAFKADA>
                <CHODESH-SACHAR>202003</CHODESH-SACHAR>
                <ZMAN-PERAON>202004</ZMAN-PERAON>
              </PerutHafkadotMetchilatShana>
              <PerutHafkadotMetchilatShana>
                <TAARICH-ERECH-HAFKADA>20200514</TAARICH-ERECH-HAFKADA>
                <KOD-SUG-HAFKADA>3</KOD-SUG-HAFKADA>
                <SUG-HAFRASHA>5</SUG-HAFRASHA>
                <SUG-MAFKID>2</SUG-MAFKID>
                <SCHUM-HAFKADA-SHESHULAM>46.99</SCHUM-HAFKADA-SHESHULAM>
                <SACHAR-BERAMAT-HAFKADA>6526.92</SACHAR-BERAMAT-HAFKADA>
                <CHODESH-SACHAR>202004</CHODESH-SACHAR>
                <ZMAN-PERAON>202005</ZMAN-PERAON>
              </PerutHafkadotMetchilatShana>
              <HafkadotShnatiyot>
                <TOTAL-HAFKADOT-OVED-TAGMULIM-SHANA-NOCHECHIT>0.00</TOTAL-HAFKADOT-OVED-TAGMULIM-SHANA-NOCHECHIT>
                <TOTAL-HAFKADOT-MAAVID-TAGMULIM-SHANA-NOCHECHIT>0.00</TOTAL-HAFKADOT-MAAVID-TAGMULIM-SHANA-NOCHECHIT>
                <TOTAL-HAFKADOT-PITZUIM-SHANA-NOCHECHIT>0.00</TOTAL-HAFKADOT-PITZUIM-SHANA-NOCHECHIT>
              </HafkadotShnatiyot>
              <ChovotPigurim>
                <ChovPigur>
                  <KAYAM-CHOV-O-PIGUR>2</KAYAM-CHOV-O-PIGUR>
                  <TAARICH-TECHILAT-PIGUR xmlns:p7="http://www.w3.org/2001/XMLSchema-instance" p7:nil="true" />
                  <TAARICH-TECHILAT-PIGUR-NOCHECHI xmlns:p7="http://www.w3.org/2001/XMLSchema-instance" p7:nil="true" />
                  <MISPAR-CHODSHEI-PIGUR xmlns:p7="http://www.w3.org/2001/XMLSchema-instance" p7:nil="true" />
                  <SUG-HOV xmlns:p7="http://www.w3.org/2001/XMLSchema-instance" p7:nil="true" />
                  <TOTAL-CHOVOT-O-PIGURIM xmlns:p7="http://www.w3.org/2001/XMLSchema-instance" p7:nil="true" />
                  <KSAFIM-LO-MESHUYACHIM-MAASIK>2</KSAFIM-LO-MESHUYACHIM-MAASIK>
                </ChovPigur>
              </ChovotPigurim>
              <PerutHotzaot>
                <HotzaotBafoalLehodeshDivoach>
                  <SHEUR-DMEI-NIHUL-HAFKADA>3.00</SHEUR-DMEI-NIHUL-HAFKADA>
                  <TOTAL-DMEI-NIHUL-HAFKADA>0.00</TOTAL-DMEI-NIHUL-HAFKADA>
                  <SHEUR-DMEI-NIHUL-TZVIRA>0.0416</SHEUR-DMEI-NIHUL-TZVIRA>
                  <TOTAL-DMEI-NIHUL-TZVIRA>0.00</TOTAL-DMEI-NIHUL-TZVIRA>
                  <SACH-DMEI-NIHUL-ACHERIM>0.00</SACH-DMEI-NIHUL-ACHERIM>
                  <HOTZOT-NIHUL-ASHKAOT xmlns:p7="http://www.w3.org/2001/XMLSchema-instance" p7:nil="true" />
                  <TOTAL-DMEI-NIHUL-POLISA-O-HESHBON>0.00</TOTAL-DMEI-NIHUL-POLISA-O-HESHBON>
                  <DEMI-AAVARAT-MASLOL xmlns:p7="http://www.w3.org/2001/XMLSchema-instance" p7:nil="true" />
                  <DMEI-NIUL-MENAEL-TIKIM xmlns:p7="http://www.w3.org/2001/XMLSchema-instance" p7:nil="true" />
                  <OFEN-GEVIAT-DMEI-BITUACH>1</OFEN-GEVIAT-DMEI-BITUACH>
                  <SACH-DMEI-BITUAH-SHENIGBOO>46.99</SACH-DMEI-BITUAH-SHENIGBOO>
                </HotzaotBafoalLehodeshDivoach>
                <MivneDmeiNihul>
                  <PerutMivneDmeiNihul>
                    <GOVA-DMEI-NIHUL-NIKBA-AL-PI-HOTZAOT-BAPOAL>2</GOVA-DMEI-NIHUL-NIKBA-AL-PI-HOTZAOT-BAPOAL>
                    <SUG-HOTZAA>1</SUG-HOTZAA>
                    <KOD-MASLUL-DMEI-NIHUL>520042540000000000000000000000</KOD-MASLUL-DMEI-NIHUL>
                    <MEAFYENEI-MASLUL-DMEI-NIHUL>1</MEAFYENEI-MASLUL-DMEI-NIHUL>
                    <SHEUR-DMEI-NIHUL>0.5000</SHEUR-DMEI-NIHUL>
                    <TAARICH-IDKUN-SHEUR-DNHL>20170801</TAARICH-IDKUN-SHEUR-DNHL>
                    <DMEI-NIHUL-ACHIDIM>1</DMEI-NIHUL-ACHIDIM>
                    <KOD-MASLUL-HASHKAA-BAAL-DMEI-NIHUL-YECHUDIIM xmlns:p8="http://www.w3.org/2001/XMLSchema-instance" p8:nil="true" />
                    <OFEN-HAFRASHA>0</OFEN-HAFRASHA>
                    <SCHUM-MAX-DNHL-HAFKADA>0.00</SCHUM-MAX-DNHL-HAFKADA>
                    <SACH-DMEI-NIHUL-MASLUL>0.00</SACH-DMEI-NIHUL-MASLUL>
                    <DMEI-NIHUL-ACHERIM>0.00</DMEI-NIHUL-ACHERIM>
                    <KENAS-MESHICHAT-KESAFIM>2</KENAS-MESHICHAT-KESAFIM>
                    <KAYEMET-HATAVA>1</KAYEMET-HATAVA>
                    <SUG-HATAVA>6</SUG-HATAVA>
                    <ACHOZ-HATAVA>0.0</ACHOZ-HATAVA>
                    <TAARICH-SIUM-HATAVA xmlns:p8="http://www.w3.org/2001/XMLSchema-instance" p8:nil="true" />
                  </PerutMivneDmeiNihul>
                  <PerutMivneDmeiNihul>
                    <GOVA-DMEI-NIHUL-NIKBA-AL-PI-HOTZAOT-BAPOAL>2</GOVA-DMEI-NIHUL-NIKBA-AL-PI-HOTZAOT-BAPOAL>
                    <SUG-HOTZAA>2</SUG-HOTZAA>
                    <KOD-MASLUL-DMEI-NIHUL>520042540000000000000000000000</KOD-MASLUL-DMEI-NIHUL>
                    <MEAFYENEI-MASLUL-DMEI-NIHUL>4</MEAFYENEI-MASLUL-DMEI-NIHUL>
                    <SHEUR-DMEI-NIHUL>3.0000</SHEUR-DMEI-NIHUL>
                    <TAARICH-IDKUN-SHEUR-DNHL>20170801</TAARICH-IDKUN-SHEUR-DNHL>
                    <DMEI-NIHUL-ACHIDIM>1</DMEI-NIHUL-ACHIDIM>
                    <KOD-MASLUL-HASHKAA-BAAL-DMEI-NIHUL-YECHUDIIM xmlns:p8="http://www.w3.org/2001/XMLSchema-instance" p8:nil="true" />
                    <OFEN-HAFRASHA>0</OFEN-HAFRASHA>
                    <SCHUM-MAX-DNHL-HAFKADA>45.76</SCHUM-MAX-DNHL-HAFKADA>
                    <SACH-DMEI-NIHUL-MASLUL>0.00</SACH-DMEI-NIHUL-MASLUL>
                    <DMEI-NIHUL-ACHERIM>0.00</DMEI-NIHUL-ACHERIM>
                    <KENAS-MESHICHAT-KESAFIM>2</KENAS-MESHICHAT-KESAFIM>
                    <KAYEMET-HATAVA>1</KAYEMET-HATAVA>
                    <SUG-HATAVA>6</SUG-HATAVA>
                    <ACHOZ-HATAVA>0.0</ACHOZ-HATAVA>
                    <TAARICH-SIUM-HATAVA xmlns:p8="http://www.w3.org/2001/XMLSchema-instance" p8:nil="true" />
                  </PerutMivneDmeiNihul>
                </MivneDmeiNihul>
              </PerutHotzaot>
              <PerutYitrotLesofShanaKodemet>
                <YITRAT-SOF-SHANA>0.00</YITRAT-SOF-SHANA>
                <ERECH-PIDYON-SOF-SHANA xmlns:p6="http://www.w3.org/2001/XMLSchema-instance" p6:nil="true" />
                <ERECH-MESOLAK-SOF-SHANA xmlns:p6="http://www.w3.org/2001/XMLSchema-instance" p6:nil="true" />
                <YISKON-YITRAT-KESAFIM xmlns:p6="http://www.w3.org/2001/XMLSchema-instance" p6:nil="true" />
              </PerutYitrotLesofShanaKodemet>
              <BlockItrot>
                <Yitrot>
                  <TAARICH-ERECH-TZVIROT>20200531</TAARICH-ERECH-TZVIROT>
                  <PerutYitrot>
                    <KOD-SUG-ITRA>3</KOD-SUG-ITRA>
                    <KOD-SUG-HAFRASHA>10</KOD-SUG-HAFRASHA>
                    <TOTAL-CHISACHON-MTZBR>0.00</TOTAL-CHISACHON-MTZBR>
                    <TOTAL-ERKEI-PIDION>0.00</TOTAL-ERKEI-PIDION>
                  </PerutYitrot>
                  <PerutYitraLeTkufa>
                    <KOD-TECHULAT-SHICHVA>7</KOD-TECHULAT-SHICHVA>
                    <REKIV-ITRA-LETKUFA>10</REKIV-ITRA-LETKUFA>
                    <SUG-ITRA-LETKUFA>3</SUG-ITRA-LETKUFA>
                    <SACH-ITRA-LESHICHVA-BESHACH>0.00</SACH-ITRA-LESHICHVA-BESHACH>
                  </PerutYitraLeTkufa>
                  <YitrotShonot>
                    <TZVIRAT-PITZUIM-PTURIM-MAAVIDIM-KODMIM>0.00</TZVIRAT-PITZUIM-PTURIM-MAAVIDIM-KODMIM>
                    <ERECH-PIDION-PITZUIM-LEKITZBA-MAAVIDIM-KODMIM>0.00</ERECH-PIDION-PITZUIM-LEKITZBA-MAAVIDIM-KODMIM>
                    <TZVIRAT-PITZUIM-MAAVIDIM-KODMIM-BERETZEF-KITZBA>0.00</TZVIRAT-PITZUIM-MAAVIDIM-KODMIM-BERETZEF-KITZBA>
                    <TZVIRAT-PITZUIM-MAAVIDIM-KODMIM-BERETZEF-ZECHUYOT>0.00</TZVIRAT-PITZUIM-MAAVIDIM-KODMIM-BERETZEF-ZECHUYOT>
                    <TZVIRAT-PITZUIM-31-12-1999-LEKITZBA>0.00</TZVIRAT-PITZUIM-31-12-1999-LEKITZBA>
                    <ERECH-PIDION-PITZUIM-MAASIK-NOCHECHI>0.00</ERECH-PIDION-PITZUIM-MAASIK-NOCHECHI>
                    <ERECH-PIDION-MARKIV-PITZUIM-LEMAS-NOCHECHI>0.00</ERECH-PIDION-MARKIV-PITZUIM-LEMAS-NOCHECHI>
                    <ERECH-PIDION-PITZUIM-MAAVIDIM-KODMIM-RETZEF-ZEHUYUT>0.00</ERECH-PIDION-PITZUIM-MAAVIDIM-KODMIM-RETZEF-ZEHUYUT>
                    <ERECH-PIDION-PITZUIM-LEHON-MAAVIDIM-KODMIM>0.00</ERECH-PIDION-PITZUIM-LEHON-MAAVIDIM-KODMIM>
                    <KAYAM-RETZEF-PITZUIM-KITZBA>2</KAYAM-RETZEF-PITZUIM-KITZBA>
                    <KAYAM-RETZEF-ZECHUYOT-PITZUIM>2</KAYAM-RETZEF-ZECHUYOT-PITZUIM>
                  </YitrotShonot>
                </Yitrot>
              </BlockItrot>
            </PirteiTaktziv>
            <PerutMeyupeKoach>
              <KAYAM-MEYUPE-KOACH>1</KAYAM-MEYUPE-KOACH>
              <SUG-ZIHUY>1</SUG-ZIHUY>
              <MISPAR-ZIHUY>513687251</MISPAR-ZIHUY>
              <TAARICH-MINUY-SOCHEN>20170713</TAARICH-MINUY-SOCHEN>
              <SHEM-MEYUPE-KOACH>אורות סוכנות לביטוח</SHEM-MEYUPE-KOACH>
            </PerutMeyupeKoach>
            <Kisuim>
              <ZihuiKisui>
                <MISPAR-KISUI-BE-YATZRAN>520042540150000006930000000000</MISPAR-KISUI-BE-YATZRAN>
                <SHEM-KISUI-YATZRAN>2015 סטטוס</SHEM-KISUI-YATZRAN>
                <SUG-KISUI-ETZEL-YATZRAN>1</SUG-KISUI-ETZEL-YATZRAN>
                <MISPAR-POLISA-O-HESHBON-NEGDI xmlns:p6="http://www.w3.org/2001/XMLSchema-instance" p6:nil="true" />
                <PirteiMevutach>
                  <SUG-TEUDA>1</SUG-TEUDA>
                  <MISPAR-ZIHUY-LAKOACH>0000000058074600</MISPAR-ZIHUY-LAKOACH>
                </PirteiMevutach>
                <SchumeiBituahYesodi>
                  <KOD-MUTZAR-LEFI-KIDUD-ACHID-LAYESODI>520042540150000006930000000000</KOD-MUTZAR-LEFI-KIDUD-ACHID-LAYESODI>
                  <SUG-HATZMADA-SCHUM-BITUAH>2</SUG-HATZMADA-SCHUM-BITUAH>
                  <SUG-HATZMADA-DMEI-BITUAH>2</SUG-HATZMADA-DMEI-BITUAH>
                  <SUG-MASLUL-LEBITUAH xmlns:p7="http://www.w3.org/2001/XMLSchema-instance" p7:nil="true" />
                  <IND-SCHUM-BITUAH-KOLEL-CHISACHON xmlns:p7="http://www.w3.org/2001/XMLSchema-instance" p7:nil="true" />
                  <SCHUM-BITUACH-LEMASLUL>0.00</SCHUM-BITUACH-LEMASLUL>
                  <MISPAR-MASKOROT>0</MISPAR-MASKOROT>
                  <ACHUZ-HAKTZAA-LE-CHISACHON>0.00</ACHUZ-HAKTZAA-LE-CHISACHON>
                  <TIKRAT-GAG-HATAM-LEMIKRE-MAVET xmlns:p7="http://www.w3.org/2001/XMLSchema-instance" p7:nil="true" />
                  <TIKRAT-GAG-HATAM-LE-O-K-A xmlns:p7="http://www.w3.org/2001/XMLSchema-instance" p7:nil="true" />
                  <SCHUM-BITUAH-LEMAVET>0.00</SCHUM-BITUAH-LEMAVET>
                </SchumeiBituahYesodi>
                <PirteiKisuiBeMutzar>
                  <KOD-MIUTZAR-LAKISUY>520042540150000006930000000000</KOD-MIUTZAR-LAKISUY>
                  <SUG-MEVUTACH>1</SUG-MEVUTACH>
                  <SUG-KISUY-BITOCHI>8</SUG-KISUY-BITOCHI>
                  <TAARICH-TCHILAT-KISUY>20170801</TAARICH-TCHILAT-KISUY>
                  <TAARICH-TOM-KISUY>20300731</TAARICH-TOM-KISUY>
                  <KOD-NISPACH-KISUY>693</KOD-NISPACH-KISUY>
                  <SUG-ISUK xmlns:p7="http://www.w3.org/2001/XMLSchema-instance" p7:nil="true" />
                  <KOLEL-PRENZISA xmlns:p7="http://www.w3.org/2001/XMLSchema-instance" p7:nil="true" />
                  <TAARICH-HAFSAKAT-TASHLUM>20300731</TAARICH-HAFSAKAT-TASHLUM>
                  <ACHUZ-ME-SCM-BTH-YESODI>0.00</ACHUZ-ME-SCM-BTH-YESODI>
                  <ACHUZ-MESACHAR>0.00</ACHUZ-MESACHAR>
                  <OFEN-TASHLUM-SCHUM-BITUACH>1</OFEN-TASHLUM-SCHUM-BITUACH>
                  <SCHUM-BITUACH>0.00</SCHUM-BITUACH>
                  <MESHALEM-HAKISUY>1</MESHALEM-HAKISUY>
                  <KOD-ISHUN>2</KOD-ISHUN>
                  <IND-CHITUM>2</IND-CHITUM>
                  <TAARICH-CHITUM xmlns:p7="http://www.w3.org/2001/XMLSchema-instance" p7:nil="true" />
                  <HACHRAGA>2</HACHRAGA>
                  <SUG-HACHRAGA xmlns:p7="http://www.w3.org/2001/XMLSchema-instance" p7:nil="true" />
                  <TKUFAT-ACHSHARA>0</TKUFAT-ACHSHARA>
                  <TKUFAT-HAMTANA-CHODASHIM xmlns:p7="http://www.w3.org/2001/XMLSchema-instance" p7:nil="true" />
                  <HANACHA>2</HANACHA>
                  <HATNAYA-LAHANACHA-DMEI-BITUAH>2</HATNAYA-LAHANACHA-DMEI-BITUAH>
                  <DMEI-BITUAH-LETASHLUM-BAPOAL>0.00</DMEI-BITUAH-LETASHLUM-BAPOAL>
                  <SUG-HANACHA-KISUY xmlns:p7="http://www.w3.org/2001/XMLSchema-instance" p7:nil="true" />
                  <SHIUR-HANACHA-BEKISUI xmlns:p7="http://www.w3.org/2001/XMLSchema-instance" p7:nil="true" />
                  <ERECH-HANACHA-BEKISUI xmlns:p7="http://www.w3.org/2001/XMLSchema-instance" p7:nil="true" />
                  <TADIRUT-SHINUY-DMEI-HABITUAH-BESHANIM>0</TADIRUT-SHINUY-DMEI-HABITUAH-BESHANIM>
                  <TAARICH-IDKUN-HABA-SHEL-DMEI-HABITUAH xmlns:p7="http://www.w3.org/2001/XMLSchema-instance" p7:nil="true" />
                </PirteiKisuiBeMutzar>
                <PirteiTosafot>
                  <TOSEFET-TAARIF>2</TOSEFET-TAARIF>
                  <KOD-SUG-TOSEFET xmlns:p7="http://www.w3.org/2001/XMLSchema-instance" p7:nil="true" />
                  <SHEUR-TOSEFET xmlns:p7="http://www.w3.org/2001/XMLSchema-instance" p7:nil="true" />
                  <PROMIL-TOSEFET xmlns:p7="http://www.w3.org/2001/XMLSchema-instance" p7:nil="true" />
                  <TAARICH-TOM-TOSEFET xmlns:p7="http://www.w3.org/2001/XMLSchema-instance" p7:nil="true" />
                </PirteiTosafot>
                <Mutav>
                  <SUG-ZIHUY-MUTAV>7</SUG-ZIHUY-MUTAV>
                  <KOD-ZIHUY-MUTAV xmlns:p7="http://www.w3.org/2001/XMLSchema-instance" p7:nil="true" />
                  <MISPAR-ZIHUY-MUTAV xmlns:p7="http://www.w3.org/2001/XMLSchema-instance" p7:nil="true" />
                  <SHEM-PRATI-MUTAV xmlns:p7="http://www.w3.org/2001/XMLSchema-instance" p7:nil="true" />
                  <SHEM-MISHPACHA-MUTAV xmlns:p7="http://www.w3.org/2001/XMLSchema-instance" p7:nil="true" />
                  <SUG-ZIKA xmlns:p7="http://www.w3.org/2001/XMLSchema-instance" p7:nil="true" />
                  <ACHUZ-MUTAV xmlns:p7="http://www.w3.org/2001/XMLSchema-instance" p7:nil="true" />
                  <HAGDARAT-MUTAV xmlns:p7="http://www.w3.org/2001/XMLSchema-instance" p7:nil="true" />
                  <MAHUT-MUTAV xmlns:p7="http://www.w3.org/2001/XMLSchema-instance" p7:nil="true" />
                </Mutav>
                <KisuiBKerenPensia>
                  <ALUT-KISUI-NECHUT>0.00</ALUT-KISUI-NECHUT>
                  <ALUT-KISUI-PNS-SHRM-NECHE>0.00</ALUT-KISUI-PNS-SHRM-NECHE>
                  <SHEUR-KISUY-NECHUT xmlns:p7="http://www.w3.org/2001/XMLSchema-instance" p7:nil="true" />
                  <SACHAR-KOVEA-LE-NECHUT-VE-SHEERIM xmlns:p7="http://www.w3.org/2001/XMLSchema-instance" p7:nil="true" />
                  <TAARICH-MASKORET-NECHUT-VE-SHEERIM xmlns:p7="http://www.w3.org/2001/XMLSchema-instance" p7:nil="true" />
                  <SUG-VITOR-SHAERIM>0</SUG-VITOR-SHAERIM>
                  <SACH-PENSIAT-NECHUT xmlns:p7="http://www.w3.org/2001/XMLSchema-instance" p7:nil="true" />
                  <NECHUT-MITPATAHAT>2</NECHUT-MITPATAHAT>
                  <VITUR-KISUY-BITUCHI>2</VITUR-KISUY-BITUCHI>
                  <ALUT-KISUY-SHEERIM>0.00</ALUT-KISUY-SHEERIM>
                  <SHIUR-KISUY-YATOM xmlns:p7="http://www.w3.org/2001/XMLSchema-instance" p7:nil="true" />
                  <KITZBAT-SHEERIM-LEALMAN-O-ALMANA>0.00</KITZBAT-SHEERIM-LEALMAN-O-ALMANA>
                  <KITZBAT-SHEERIM-LEYATOM>0.00</KITZBAT-SHEERIM-LEYATOM>
                  <KITZBAT-SHEERIM-LEHORE-NITMACH>0.00</KITZBAT-SHEERIM-LEHORE-NITMACH>
                  <TAARICH-VITOR-SHEERIM xmlns:p7="http://www.w3.org/2001/XMLSchema-instance" p7:nil="true" />
                  <TAARICH-CIUM-VITOR-SEERIM xmlns:p7="http://www.w3.org/2001/XMLSchema-instance" p7:nil="true" />
                  <SHIUR-KISUY-ALMAN-O-ALMANA xmlns:p7="http://www.w3.org/2001/XMLSchema-instance" p7:nil="true" />
                  <SHIUR-KISUY-HORE-NITMACH xmlns:p7="http://www.w3.org/2001/XMLSchema-instance" p7:nil="true" />
                  <GIL-PRISHA-LEPENSIYAT-ZIKNA xmlns:p7="http://www.w3.org/2001/XMLSchema-instance" p7:nil="true" />
                  <SACH-PENSIYAT-ALMAN-O-ALMANA>0.00</SACH-PENSIYAT-ALMAN-O-ALMANA>
                  <MISPAR-HODSHEI-HAVERUT-BEKEREN-HAPENSIYA xmlns:p7="http://www.w3.org/2001/XMLSchema-instance" p7:nil="true" />
                  <MISPAR-HODSHEI-HAVERUT-MITZ-BEKEREN-HAPENSIYA xmlns:p7="http://www.w3.org/2001/XMLSchema-instance" p7:nil="true" />
                  <MENAT-PENSIA-TZVURA xmlns:p7="http://www.w3.org/2001/XMLSchema-instance" p7:nil="true" />
                  <AHUZ-PENSIYA-TZVURA xmlns:p7="http://www.w3.org/2001/XMLSchema-instance" p7:nil="true" />
                  <TAARICH-TCHILAT-HAVERUT>19000101</TAARICH-TCHILAT-HAVERUT>
                  <TAARICH-ERECH-LANENTUNIM xmlns:p7="http://www.w3.org/2001/XMLSchema-instance" p7:nil="true" />
                  <HATAVA-BITUCHIT xmlns:p7="http://www.w3.org/2001/XMLSchema-instance" p7:nil="true" />
                </KisuiBKerenPensia>
                <Miktsoa-Isuk-Tachviv>
                  <TACHVIVIM-O-ISUKIM xmlns:p7="http://www.w3.org/2001/XMLSchema-instance" p7:nil="true" />
                  <KOD-MIKTZOA xmlns:p7="http://www.w3.org/2001/XMLSchema-instance" p7:nil="true" />
                  <TCHUM-ISUK-CHADASH>מהנדס תוכנה</TCHUM-ISUK-CHADASH>
                </Miktsoa-Isuk-Tachviv>
              </ZihuiKisui>
            </Kisuim>
            <Kisuim>
              <ZihuiKisui>
                <MISPAR-KISUI-BE-YATZRAN>520042540310000008720000000000</MISPAR-KISUI-BE-YATZRAN>
                <SHEM-KISUI-YATZRAN>שווה לעתיד</SHEM-KISUI-YATZRAN>
                <SUG-KISUI-ETZEL-YATZRAN>2</SUG-KISUI-ETZEL-YATZRAN>
                <MISPAR-POLISA-O-HESHBON-NEGDI xmlns:p6="http://www.w3.org/2001/XMLSchema-instance" p6:nil="true" />
                <PirteiMevutach>
                  <SUG-TEUDA>1</SUG-TEUDA>
                  <MISPAR-ZIHUY-LAKOACH>0000000058074600</MISPAR-ZIHUY-LAKOACH>
                </PirteiMevutach>
                <PirteiKisuiBeMutzar>
                  <KOD-MIUTZAR-LAKISUY>520042540310000008720000000000</KOD-MIUTZAR-LAKISUY>
                  <SUG-MEVUTACH>1</SUG-MEVUTACH>
                  <SUG-KISUY-BITOCHI>5</SUG-KISUY-BITOCHI>
                  <TAARICH-TCHILAT-KISUY>20170801</TAARICH-TCHILAT-KISUY>
                  <TAARICH-TOM-KISUY>20300731</TAARICH-TOM-KISUY>
                  <KOD-NISPACH-KISUY>872</KOD-NISPACH-KISUY>
                  <SUG-ISUK>3</SUG-ISUK>
                  <KOLEL-PRENZISA>1</KOLEL-PRENZISA>
                  <TAARICH-HAFSAKAT-TASHLUM>20300731</TAARICH-HAFSAKAT-TASHLUM>
                  <ACHUZ-ME-SCM-BTH-YESODI xmlns:p7="http://www.w3.org/2001/XMLSchema-instance" p7:nil="true" />
                  <ACHUZ-MESACHAR>0.75</ACHUZ-MESACHAR>
                  <OFEN-TASHLUM-SCHUM-BITUACH>3</OFEN-TASHLUM-SCHUM-BITUACH>
                  <SCHUM-BITUACH>4895.19</SCHUM-BITUACH>
                  <MESHALEM-HAKISUY>3</MESHALEM-HAKISUY>
                  <KOD-ISHUN>2</KOD-ISHUN>
                  <IND-CHITUM>1</IND-CHITUM>
                  <TAARICH-CHITUM>20170802</TAARICH-CHITUM>
                  <HACHRAGA>2</HACHRAGA>
                  <SUG-HACHRAGA xmlns:p7="http://www.w3.org/2001/XMLSchema-instance" p7:nil="true" />
                  <TKUFAT-ACHSHARA>0</TKUFAT-ACHSHARA>
                  <TKUFAT-HAMTANA-CHODASHIM>3</TKUFAT-HAMTANA-CHODASHIM>
                  <HANACHA>1</HANACHA>
                  <HATNAYA-LAHANACHA-DMEI-BITUAH>1</HATNAYA-LAHANACHA-DMEI-BITUAH>
                  <DMEI-BITUAH-LETASHLUM-BAPOAL>46.99</DMEI-BITUAH-LETASHLUM-BAPOAL>
                  <SUG-HANACHA-KISUY>1</SUG-HANACHA-KISUY>
                  <SHIUR-HANACHA-BEKISUI xmlns:p7="http://www.w3.org/2001/XMLSchema-instance" p7:nil="true" />
                  <ERECH-HANACHA-BEKISUI xmlns:p7="http://www.w3.org/2001/XMLSchema-instance" p7:nil="true" />
                  <TADIRUT-SHINUY-DMEI-HABITUAH-BESHANIM>1</TADIRUT-SHINUY-DMEI-HABITUAH-BESHANIM>
                  <TAARICH-IDKUN-HABA-SHEL-DMEI-HABITUAH>20200801</TAARICH-IDKUN-HABA-SHEL-DMEI-HABITUAH>
                </PirteiKisuiBeMutzar>
                <PirteiTosafot>
                  <TOSEFET-TAARIF>2</TOSEFET-TAARIF>
                  <KOD-SUG-TOSEFET xmlns:p7="http://www.w3.org/2001/XMLSchema-instance" p7:nil="true" />
                  <SHEUR-TOSEFET xmlns:p7="http://www.w3.org/2001/XMLSchema-instance" p7:nil="true" />
                  <PROMIL-TOSEFET xmlns:p7="http://www.w3.org/2001/XMLSchema-instance" p7:nil="true" />
                  <TAARICH-TOM-TOSEFET xmlns:p7="http://www.w3.org/2001/XMLSchema-instance" p7:nil="true" />
                </PirteiTosafot>
                <Mutav>
                  <SUG-ZIHUY-MUTAV>7</SUG-ZIHUY-MUTAV>
                  <KOD-ZIHUY-MUTAV xmlns:p7="http://www.w3.org/2001/XMLSchema-instance" p7:nil="true" />
                  <MISPAR-ZIHUY-MUTAV xmlns:p7="http://www.w3.org/2001/XMLSchema-instance" p7:nil="true" />
                  <SHEM-PRATI-MUTAV xmlns:p7="http://www.w3.org/2001/XMLSchema-instance" p7:nil="true" />
                  <SHEM-MISHPACHA-MUTAV xmlns:p7="http://www.w3.org/2001/XMLSchema-instance" p7:nil="true" />
                  <SUG-ZIKA xmlns:p7="http://www.w3.org/2001/XMLSchema-instance" p7:nil="true" />
                  <ACHUZ-MUTAV xmlns:p7="http://www.w3.org/2001/XMLSchema-instance" p7:nil="true" />
                  <HAGDARAT-MUTAV xmlns:p7="http://www.w3.org/2001/XMLSchema-instance" p7:nil="true" />
                  <MAHUT-MUTAV xmlns:p7="http://www.w3.org/2001/XMLSchema-instance" p7:nil="true" />
                </Mutav>
                <KisuiBKerenPensia>
                  <ALUT-KISUI-NECHUT>0.00</ALUT-KISUI-NECHUT>
                  <ALUT-KISUI-PNS-SHRM-NECHE>0.00</ALUT-KISUI-PNS-SHRM-NECHE>
                  <SHEUR-KISUY-NECHUT xmlns:p7="http://www.w3.org/2001/XMLSchema-instance" p7:nil="true" />
                  <SACHAR-KOVEA-LE-NECHUT-VE-SHEERIM xmlns:p7="http://www.w3.org/2001/XMLSchema-instance" p7:nil="true" />
                  <TAARICH-MASKORET-NECHUT-VE-SHEERIM xmlns:p7="http://www.w3.org/2001/XMLSchema-instance" p7:nil="true" />
                  <SUG-VITOR-SHAERIM>0</SUG-VITOR-SHAERIM>
                  <SACH-PENSIAT-NECHUT xmlns:p7="http://www.w3.org/2001/XMLSchema-instance" p7:nil="true" />
                  <NECHUT-MITPATAHAT>2</NECHUT-MITPATAHAT>
                  <VITUR-KISUY-BITUCHI>2</VITUR-KISUY-BITUCHI>
                  <ALUT-KISUY-SHEERIM>0.00</ALUT-KISUY-SHEERIM>
                  <SHIUR-KISUY-YATOM xmlns:p7="http://www.w3.org/2001/XMLSchema-instance" p7:nil="true" />
                  <KITZBAT-SHEERIM-LEALMAN-O-ALMANA>0.00</KITZBAT-SHEERIM-LEALMAN-O-ALMANA>
                  <KITZBAT-SHEERIM-LEYATOM>0.00</KITZBAT-SHEERIM-LEYATOM>
                  <KITZBAT-SHEERIM-LEHORE-NITMACH>0.00</KITZBAT-SHEERIM-LEHORE-NITMACH>
                  <TAARICH-VITOR-SHEERIM xmlns:p7="http://www.w3.org/2001/XMLSchema-instance" p7:nil="true" />
                  <TAARICH-CIUM-VITOR-SEERIM xmlns:p7="http://www.w3.org/2001/XMLSchema-instance" p7:nil="true" />
                  <SHIUR-KISUY-ALMAN-O-ALMANA xmlns:p7="http://www.w3.org/2001/XMLSchema-instance" p7:nil="true" />
                  <SHIUR-KISUY-HORE-NITMACH xmlns:p7="http://www.w3.org/2001/XMLSchema-instance" p7:nil="true" />
                  <GIL-PRISHA-LEPENSIYAT-ZIKNA xmlns:p7="http://www.w3.org/2001/XMLSchema-instance" p7:nil="true" />
                  <SACH-PENSIYAT-ALMAN-O-ALMANA>0.00</SACH-PENSIYAT-ALMAN-O-ALMANA>
                  <MISPAR-HODSHEI-HAVERUT-BEKEREN-HAPENSIYA xmlns:p7="http://www.w3.org/2001/XMLSchema-instance" p7:nil="true" />
                  <MISPAR-HODSHEI-HAVERUT-MITZ-BEKEREN-HAPENSIYA xmlns:p7="http://www.w3.org/2001/XMLSchema-instance" p7:nil="true" />
                  <MENAT-PENSIA-TZVURA xmlns:p7="http://www.w3.org/2001/XMLSchema-instance" p7:nil="true" />
                  <AHUZ-PENSIYA-TZVURA xmlns:p7="http://www.w3.org/2001/XMLSchema-instance" p7:nil="true" />
                  <TAARICH-TCHILAT-HAVERUT>19000101</TAARICH-TCHILAT-HAVERUT>
                  <TAARICH-ERECH-LANENTUNIM xmlns:p7="http://www.w3.org/2001/XMLSchema-instance" p7:nil="true" />
                  <HATAVA-BITUCHIT xmlns:p7="http://www.w3.org/2001/XMLSchema-instance" p7:nil="true" />
                </KisuiBKerenPensia>
                <Miktsoa-Isuk-Tachviv>
                  <TACHVIVIM-O-ISUKIM xmlns:p7="http://www.w3.org/2001/XMLSchema-instance" p7:nil="true" />
                  <KOD-MIKTZOA xmlns:p7="http://www.w3.org/2001/XMLSchema-instance" p7:nil="true" />
                  <TCHUM-ISUK-CHADASH>מהנדס תוכנה</TCHUM-ISUK-CHADASH>
                </Miktsoa-Isuk-Tachviv>
              </ZihuiKisui>
            </Kisuim>
          </HeshbonOPolisa>
        </HeshbonotOPolisot>
      </Mutzar>
    </Mutzarim>
  </YeshutYatzran>
  <ReshumatSgira>
    <KAMUT-YATZRANIM>000000001</KAMUT-YATZRANIM>
    <KAMUT-METAFELIM>000000001</KAMUT-METAFELIM>
    <KAMUT-MUTZARIM>000000001</KAMUT-MUTZARIM>
    <KAMUT-YESHUYOT-MAASIK>000000001</KAMUT-YESHUYOT-MAASIK>
    <KAMUT-YESHUYOT-MEFITZ>000000001</KAMUT-YESHUYOT-MEFITZ>
    <MISPAR-YESHUYUT-LAKOACH-BAKOVETZ>000000001</MISPAR-YESHUYUT-LAKOACH-BAKOVETZ>
    <KAMUT-POLISOT>000000001</KAMUT-POLISOT>
  </ReshumatSgira>
</Mimshak>