<?xml version="1.0" encoding="UTF-8"?><?xml-stylesheet type='text/xsl' href='_UpgradeReport_Files/UpgradeReport.xslt'?><UpgradeLog>
<Properties><Property Name="Solution" Value="Remoting2">
</Property><Property Name="Solution File" Value="D:\_Home\Dev\[Learn]\Remoting2\Remoting2.sln">
</Property><Property Name="User Options File" Value="D:\_Home\Dev\[Learn]\Remoting2\Remoting2.suo">
</Property><Property Name="Date" Value="Tuesday, February 05, 2008">
</Property><Property Name="Time" Value="10:41 AM">
</Property></Properties><Event ErrorLevel="0" Project="" Source="Remoting2.sln" Description="File successfully backed up as D:\_Home\Dev\[Learn]\Remoting2\Backup\Remoting2.sln">
</Event><Event ErrorLevel="0" Project="" Source="Remoting2.suo" Description="File successfully backed up as D:\_Home\Dev\[Learn]\Remoting2\Backup\Remoting2.suo">
</Event><Event ErrorLevel="0" Project="RemoteLibrary" Source="RemoteLibrary\RemoteLibrary.csproj" Description="Project file successfully backed up as D:\_Home\Dev\[Learn]\Remoting2\Backup\RemoteLibrary\RemoteLibrary.csproj">
</Event><Event ErrorLevel="0" Project="RemoteLibrary" Source="RemoteLibrary\Class1.cs" Description="File successfully backed up as D:\_Home\Dev\[Learn]\Remoting2\Backup\RemoteLibrary\Class1.cs">
</Event><Event ErrorLevel="0" Project="RemoteLibrary" Source="RemoteLibrary\Properties\AssemblyInfo.cs" Description="File successfully backed up as D:\_Home\Dev\[Learn]\Remoting2\Backup\RemoteLibrary\Properties\AssemblyInfo.cs">
</Event><Event ErrorLevel="0" Project="RemoteLibrary" Source="RemoteLibrary\RemoteClass.cs" Description="File successfully backed up as D:\_Home\Dev\[Learn]\Remoting2\Backup\RemoteLibrary\RemoteClass.cs">
</Event><Event ErrorLevel="0" Project="RemoteLibrary" Source="RemoteLibrary\RemoteLibrary.csproj" Description="Project converted successfully">
</Event><Event ErrorLevel="3" Project="RemoteLibrary" Source="RemoteLibrary\RemoteLibrary.csproj" Description="Converted">
</Event><Event ErrorLevel="0" Project="RemoteLibraryHost" Source="RemoteLibraryHost\RemoteLibraryHost.csproj" Description="Project file successfully backed up as D:\_Home\Dev\[Learn]\Remoting2\Backup\RemoteLibraryHost\RemoteLibraryHost.csproj">
</Event><Event ErrorLevel="0" Project="RemoteLibraryHost" Source="RemoteLibraryHost\MySponser.cs" Description="File successfully backed up as D:\_Home\Dev\[Learn]\Remoting2\Backup\RemoteLibraryHost\MySponser.cs">
</Event><Event ErrorLevel="0" Project="RemoteLibraryHost" Source="RemoteLibraryHost\Program.cs" Description="File successfully backed up as D:\_Home\Dev\[Learn]\Remoting2\Backup\RemoteLibraryHost\Program.cs">
</Event><Event ErrorLevel="0" Project="RemoteLibraryHost" Source="RemoteLibraryHost\Properties\AssemblyInfo.cs" Description="File successfully backed up as D:\_Home\Dev\[Learn]\Remoting2\Backup\RemoteLibraryHost\Properties\AssemblyInfo.cs">
</Event><Event ErrorLevel="0" Project="RemoteLibraryHost" Source="RemoteLibraryHost\RemoteLibraryHost.csproj" Description="Project converted successfully">
</Event><Event ErrorLevel="3" Project="RemoteLibraryHost" Source="RemoteLibraryHost\RemoteLibraryHost.csproj" Description="Converted">
</Event><Event ErrorLevel="0" Project="RemotingLibraryClient" Source="RemotingLibraryClient\RemotingLibraryClient.csproj" Description="Project file successfully backed up as D:\_Home\Dev\[Learn]\Remoting2\Backup\RemotingLibraryClient\RemotingLibraryClient.csproj">
</Event><Event ErrorLevel="0" Project="RemotingLibraryClient" Source="RemotingLibraryClient\Form1.cs" Description="File successfully backed up as D:\_Home\Dev\[Learn]\Remoting2\Backup\RemotingLibraryClient\Form1.cs">
</Event><Event ErrorLevel="0" Project="RemotingLibraryClient" Source="RemotingLibraryClient\Form1.Designer.cs" Description="File successfully backed up as D:\_Home\Dev\[Learn]\Remoting2\Backup\RemotingLibraryClient\Form1.Designer.cs">
</Event><Event ErrorLevel="0" Project="RemotingLibraryClient" Source="RemotingLibraryClient\Program.cs" Description="File successfully backed up as D:\_Home\Dev\[Learn]\Remoting2\Backup\RemotingLibraryClient\Program.cs">
</Event><Event ErrorLevel="0" Project="RemotingLibraryClient" Source="RemotingLibraryClient\Properties\AssemblyInfo.cs" Description="File successfully backed up as D:\_Home\Dev\[Learn]\Remoting2\Backup\RemotingLibraryClient\Properties\AssemblyInfo.cs">
</Event><Event ErrorLevel="0" Project="RemotingLibraryClient" Source="RemotingLibraryClient\Properties\Resources.Designer.cs" Description="File successfully backed up as D:\_Home\Dev\[Learn]\Remoting2\Backup\RemotingLibraryClient\Properties\Resources.Designer.cs">
</Event><Event ErrorLevel="0" Project="RemotingLibraryClient" Source="RemotingLibraryClient\Properties\Settings.Designer.cs" Description="File successfully backed up as D:\_Home\Dev\[Learn]\Remoting2\Backup\RemotingLibraryClient\Properties\Settings.Designer.cs">
</Event><Event ErrorLevel="0" Project="RemotingLibraryClient" Source="RemotingLibraryClient\Properties\Settings.settings" Description="File successfully backed up as D:\_Home\Dev\[Learn]\Remoting2\Backup\RemotingLibraryClient\Properties\Settings.settings">
</Event><Event ErrorLevel="0" Project="RemotingLibraryClient" Source="RemotingLibraryClient\Form1.resx" Description="File successfully backed up as D:\_Home\Dev\[Learn]\Remoting2\Backup\RemotingLibraryClient\Form1.resx">
</Event><Event ErrorLevel="0" Project="RemotingLibraryClient" Source="RemotingLibraryClient\Properties\Resources.resx" Description="File successfully backed up as D:\_Home\Dev\[Learn]\Remoting2\Backup\RemotingLibraryClient\Properties\Resources.resx">
</Event><Event ErrorLevel="0" Project="RemotingLibraryClient" Source="RemotingLibraryClient\RemotingLibraryClient.csproj" Description="Project converted successfully">
</Event><Event ErrorLevel="3" Project="RemotingLibraryClient" Source="RemotingLibraryClient\RemotingLibraryClient.csproj" Description="Converted">
</Event><Event ErrorLevel="0" Project="" Source="Remoting2.sln" Description="Solution converted successfully">
</Event><Event ErrorLevel="3" Project="" Source="Remoting2.sln" Description="Converted">
</Event><Event ErrorLevel="0" Project="RemoteLibrary" Source="RemoteLibrary\RemoteLibrary.csproj" Description="Scan complete: Upgrade not required for project files.">
</Event><Event ErrorLevel="0" Project="RemoteLibraryHost" Source="RemoteLibraryHost\RemoteLibraryHost.csproj" Description="Scan complete: Upgrade not required for project files.">
</Event><Event ErrorLevel="0" Project="RemotingLibraryClient" Source="RemotingLibraryClient\RemotingLibraryClient.csproj" Description="Scan complete: Upgrade not required for project files.">
</Event></UpgradeLog>