<?xml version="1.0" encoding="UTF-8"?><?xml-stylesheet type='text/xsl' href='_UpgradeReport_Files/UpgradeReport.xslt'?><UpgradeLog>
<Properties><Property Name="Solution" Value="UsingStopWatch">
</Property><Property Name="Solution File" Value="D:\_Home2\Dev\[Learn]\UsingStopWatch\UsingStopWatch.sln">
</Property><Property Name="Date" Value="יום חמישי 30 ינואר 2014">
</Property><Property Name="Time" Value="14:35">
</Property></Properties><Event ErrorLevel="0" Project="" Source="UsingStopWatch.sln" Description="File successfully backed up as D:\_Home2\Dev\[Learn]\UsingStopWatch\Backup\UsingStopWatch.sln">
</Event><Event ErrorLevel="0" Project="UsingStopWatch" Source="UsingStopWatch.csproj" Description="Project file successfully backed up as D:\_Home2\Dev\[Learn]\UsingStopWatch\Backup\UsingStopWatch.csproj">
</Event><Event ErrorLevel="0" Project="UsingStopWatch" Source="Program.cs" Description="File successfully backed up as D:\_Home2\Dev\[Learn]\UsingStopWatch\Backup\Program.cs">
</Event><Event ErrorLevel="0" Project="UsingStopWatch" Source="Properties\AssemblyInfo.cs" Description="File successfully backed up as D:\_Home2\Dev\[Learn]\UsingStopWatch\Backup\Properties\AssemblyInfo.cs">
</Event><Event ErrorLevel="0" Project="UsingStopWatch" Source="UsingStopWatch.csproj" Description="Project converted successfully">
</Event><Event ErrorLevel="3" Project="UsingStopWatch" Source="UsingStopWatch.csproj" Description="Converted">
</Event><Event ErrorLevel="0" Project="" Source="UsingStopWatch.sln" Description="Solution converted successfully">
</Event><Event ErrorLevel="3" Project="" Source="UsingStopWatch.sln" Description="Converted">
</Event><Event ErrorLevel="0" Project="UsingStopWatch" Source="UsingStopWatch.csproj" Description="Scan complete: Upgrade not required for project files.">
</Event></UpgradeLog>