<?xml version="1.0" encoding="UTF-8"?><?xml-stylesheet type='text/xsl' href='_UpgradeReport_Files/UpgradeReport.xslt'?><UpgradeLog>
<Properties><Property Name="Solution" Value="Remoting1">
</Property><Property Name="Solution File" Value="D:\_Home\Dev\[Learn]\Remoting1\Remoting1.sln">
</Property><Property Name="User Options File" Value="D:\_Home\Dev\[Learn]\Remoting1\Remoting1.suo">
</Property><Property Name="Date" Value="יום שלישי 16 דצמבר 2008">
</Property><Property Name="Time" Value="14:47">
</Property></Properties><Event ErrorLevel="0" Project="" Source="Remoting1.sln" Description="File successfully backed up as D:\_Home\Dev\[Learn]\Remoting1\Backup\Remoting1.sln">
</Event><Event ErrorLevel="0" Project="" Source="Remoting1.suo" Description="File successfully backed up as D:\_Home\Dev\[Learn]\Remoting1\Backup\Remoting1.suo">
</Event><Event ErrorLevel="0" Project="WKO_Server" Source="WKO_Server\WKO_Server.csproj" Description="Project file successfully backed up as D:\_Home\Dev\[Learn]\Remoting1\Backup\WKO_Server\WKO_Server.csproj">
</Event><Event ErrorLevel="0" Project="WKO_Server" Source="WKO_Server\Program.cs" Description="File successfully backed up as D:\_Home\Dev\[Learn]\Remoting1\Backup\WKO_Server\Program.cs">
</Event><Event ErrorLevel="0" Project="WKO_Server" Source="WKO_Server\Properties\AssemblyInfo.cs" Description="File successfully backed up as D:\_Home\Dev\[Learn]\Remoting1\Backup\WKO_Server\Properties\AssemblyInfo.cs">
</Event><Event ErrorLevel="0" Project="WKO_Server" Source="WKO_Server\WKO_Server.csproj" Description="Project converted successfully">
</Event><Event ErrorLevel="3" Project="WKO_Server" Source="WKO_Server\WKO_Server.csproj" Description="Converted">
</Event><Event ErrorLevel="0" Project="RemotingClient" Source="RemotingClient\RemotingClient.csproj" Description="Project file successfully backed up as D:\_Home\Dev\[Learn]\Remoting1\Backup\RemotingClient\RemotingClient.csproj">
</Event><Event ErrorLevel="0" Project="RemotingClient" Source="RemotingClient\Form1.cs" Description="File successfully backed up as D:\_Home\Dev\[Learn]\Remoting1\Backup\RemotingClient\Form1.cs">
</Event><Event ErrorLevel="0" Project="RemotingClient" Source="RemotingClient\Form1.Designer.cs" Description="File successfully backed up as D:\_Home\Dev\[Learn]\Remoting1\Backup\RemotingClient\Form1.Designer.cs">
</Event><Event ErrorLevel="0" Project="RemotingClient" Source="RemotingClient\Program.cs" Description="File successfully backed up as D:\_Home\Dev\[Learn]\Remoting1\Backup\RemotingClient\Program.cs">
</Event><Event ErrorLevel="0" Project="RemotingClient" Source="RemotingClient\Properties\AssemblyInfo.cs" Description="File successfully backed up as D:\_Home\Dev\[Learn]\Remoting1\Backup\RemotingClient\Properties\AssemblyInfo.cs">
</Event><Event ErrorLevel="0" Project="RemotingClient" Source="RemotingClient\Properties\Resources.Designer.cs" Description="File successfully backed up as D:\_Home\Dev\[Learn]\Remoting1\Backup\RemotingClient\Properties\Resources.Designer.cs">
</Event><Event ErrorLevel="0" Project="RemotingClient" Source="RemotingClient\Properties\Settings.Designer.cs" Description="File successfully backed up as D:\_Home\Dev\[Learn]\Remoting1\Backup\RemotingClient\Properties\Settings.Designer.cs">
</Event><Event ErrorLevel="0" Project="RemotingClient" Source="RemotingClient\Properties\Settings.settings" Description="File successfully backed up as D:\_Home\Dev\[Learn]\Remoting1\Backup\RemotingClient\Properties\Settings.settings">
</Event><Event ErrorLevel="0" Project="RemotingClient" Source="RemotingClient\Form1.resx" Description="File successfully backed up as D:\_Home\Dev\[Learn]\Remoting1\Backup\RemotingClient\Form1.resx">
</Event><Event ErrorLevel="0" Project="RemotingClient" Source="RemotingClient\Properties\Resources.resx" Description="File successfully backed up as D:\_Home\Dev\[Learn]\Remoting1\Backup\RemotingClient\Properties\Resources.resx">
</Event><Event ErrorLevel="0" Project="RemotingClient" Source="RemotingClient\RemotingClient.csproj" Description="Project converted successfully">
</Event><Event ErrorLevel="3" Project="RemotingClient" Source="RemotingClient\RemotingClient.csproj" Description="Converted">
</Event><Event ErrorLevel="0" Project="CAO_Server" Source="CAO_Server\CAO_Server.csproj" Description="Project file successfully backed up as D:\_Home\Dev\[Learn]\Remoting1\Backup\CAO_Server\CAO_Server.csproj">
</Event><Event ErrorLevel="0" Project="CAO_Server" Source="CAO_Server\Program.cs" Description="File successfully backed up as D:\_Home\Dev\[Learn]\Remoting1\Backup\CAO_Server\Program.cs">
</Event><Event ErrorLevel="0" Project="CAO_Server" Source="CAO_Server\Properties\AssemblyInfo.cs" Description="File successfully backed up as D:\_Home\Dev\[Learn]\Remoting1\Backup\CAO_Server\Properties\AssemblyInfo.cs">
</Event><Event ErrorLevel="0" Project="CAO_Server" Source="CAO_Server\CAO_Server.csproj" Description="Project converted successfully">
</Event><Event ErrorLevel="3" Project="CAO_Server" Source="CAO_Server\CAO_Server.csproj" Description="Converted">
</Event><Event ErrorLevel="0" Project="" Source="Remoting1.sln" Description="Solution converted successfully">
</Event><Event ErrorLevel="3" Project="" Source="Remoting1.sln" Description="Converted">
</Event><Event ErrorLevel="0" Project="WKO_Server" Source="WKO_Server\WKO_Server.csproj" Description="Scan complete: Upgrade not required for project files.">
</Event><Event ErrorLevel="0" Project="RemotingClient" Source="RemotingClient\RemotingClient.csproj" Description="Scan complete: Upgrade not required for project files.">
</Event><Event ErrorLevel="0" Project="CAO_Server" Source="CAO_Server\CAO_Server.csproj" Description="Scan complete: Upgrade not required for project files.">
</Event></UpgradeLog>