<?xml version="1.0" encoding="UTF-8"?><?xml-stylesheet type='text/xsl' href='_UpgradeReport_Files/UpgradeReport.xslt'?><UpgradeLog>
<Properties><Property Name="Solution" Value="UseLog4net">
</Property><Property Name="Solution File" Value="D:\_Home2\Dev\[Learn]\LogApps\UseLog4net\UseLog4net.sln">
</Property><Property Name="User Options File" Value="D:\_Home2\Dev\[Learn]\LogApps\UseLog4net\UseLog4net.suo">
</Property><Property Name="Date" Value="יום שני 24 דצמבר 2012">
</Property><Property Name="Time" Value="17:20">
</Property></Properties><Event ErrorLevel="0" Project="" Source="UseLog4net.sln" Description="File successfully backed up as D:\_Home2\Dev\[Learn]\LogApps\UseLog4net\Backup\UseLog4net.sln">
</Event><Event ErrorLevel="0" Project="" Source="UseLog4net.suo" Description="File successfully backed up as D:\_Home2\Dev\[Learn]\LogApps\UseLog4net\Backup\UseLog4net.suo">
</Event><Event ErrorLevel="0" Project="UseLog4net" Source="UseLog4net.csproj" Description="Project file successfully backed up as D:\_Home2\Dev\[Learn]\LogApps\UseLog4net\Backup\UseLog4net.csproj">
</Event><Event ErrorLevel="0" Project="UseLog4net" Source="UseLog4net.csproj.user" Description="Project user file successfully backed up as D:\_Home2\Dev\[Learn]\LogApps\UseLog4net\Backup\UseLog4net.csproj.user">
</Event><Event ErrorLevel="0" Project="UseLog4net" Source="AssemblyInfo.cs" Description="File successfully backed up as D:\_Home2\Dev\[Learn]\LogApps\UseLog4net\Backup\AssemblyInfo.cs">
</Event><Event ErrorLevel="0" Project="UseLog4net" Source="Form1.cs" Description="File successfully backed up as D:\_Home2\Dev\[Learn]\LogApps\UseLog4net\Backup\Form1.cs">
</Event><Event ErrorLevel="0" Project="UseLog4net" Source="App.config" Description="File successfully backed up as D:\_Home2\Dev\[Learn]\LogApps\UseLog4net\Backup\App.config">
</Event><Event ErrorLevel="0" Project="UseLog4net" Source="App.ico" Description="File successfully backed up as D:\_Home2\Dev\[Learn]\LogApps\UseLog4net\Backup\App.ico">
</Event><Event ErrorLevel="0" Project="UseLog4net" Source="Form1.resx" Description="File successfully backed up as D:\_Home2\Dev\[Learn]\LogApps\UseLog4net\Backup\Form1.resx">
</Event><Event ErrorLevel="0" Project="UseLog4net" Source="UseLog4net.csproj" Description="Project converted successfully">
</Event><Event ErrorLevel="3" Project="UseLog4net" Source="UseLog4net.csproj" Description="Converted">
</Event><Event ErrorLevel="0" Project="" Source="UseLog4net.sln" Description="Solution converted successfully">
</Event><Event ErrorLevel="3" Project="" Source="UseLog4net.sln" Description="Converted">
</Event><Event ErrorLevel="0" Project="UseLog4net" Source="UseLog4net.csproj" Description="Scan complete: Upgrade not required for project files.">
</Event></UpgradeLog>